lead,0.452555388212204,0.8132113218307495,1.513214442638855e-08,0.49081146717071533,0.7992481589317322,-0.03168560564517975,0.5175511837005615,0.7498487234115601,-0.04945913329720497,0.5124210119247437,0.696962296962738,-0.06508769094944,0.4911201000213623,0.6576630473136902,-0.07880362123250961,0.514346718788147,0.6498281359672546,-0.033659402281045914,0.519757866859436,0.5634605288505554,-0.05764378607273102,0.5207839012145996,0.5119267106056213,-0.06918063014745712,0.5176736116409302,0.46927759051322937,-0.07686736434698105,0.4793189465999603,0.6490986943244934,-0.031052710488438606,0.4876842796802521,0.6286110281944275,-0.06600915640592575,0.48656216263771057,0.6914905309677124,-0.06969474256038666,0.4829058349132538,0.7127020955085754,-0.06447424739599228,0.44811609387397766,0.6577432751655579,-0.03212721273303032,0.4559892416000366,0.6511027216911316,-0.06783028692007065,0.46071651577949524,0.7077084183692932,-0.0593724399805069,0.45905810594558716,0.7229909896850586,-0.04549383372068405,0.4183984398841858,0.6724269986152649,-0.035950370132923126,0.428777813911438,0.6679548025131226,-0.0600249245762825,0.43779700994491577,0.706856906414032,-0.05350182205438614,0.4381418824195862,0.719877302646637,-0.043054744601249695
lead,0.45151904225349426,0.8171767592430115,1.888925682536069e-09,0.4910411536693573,0.8004618287086487,-0.029244553297758102,0.5176957845687866,0.7503811120986938,-0.045370444655418396,0.511846661567688,0.6981275677680969,-0.05986952409148216,0.49124449491500854,0.6572144627571106,-0.07263702154159546,0.5139517784118652,0.6544665098190308,-0.029022401198744774,0.5187066197395325,0.5662103295326233,-0.05154156684875488,0.5199943780899048,0.5139515995979309,-0.0626136064529419,0.5172269344329834,0.47020912170410156,-0.06998376548290253,0.48019784688949585,0.6536128520965576,-0.027238616719841957,0.4900033473968506,0.6283774375915527,-0.06201227754354477,0.4882417619228363,0.6902847290039062,-0.06713725626468658,0.4829176366329193,0.7142214775085449,-0.06254061311483383,0.44912654161453247,0.6616891026496887,-0.028806379064917564,0.45749494433403015,0.6497291922569275,-0.06415340304374695,0.4610845446586609,0.7057459950447083,-0.056453637778759,0.4582228660583496,0.7224643230438232,-0.04266824573278427,0.41858986020088196,0.6750836372375488,-0.0327543206512928,0.4286859631538391,0.6630042195320129,-0.05604281648993492,0.43667975068092346,0.7015712857246399,-0.048804037272930145,0.43568485975265503,0.7162312865257263,-0.03766687959432602
lead,0.4503978490829468,0.8139079213142395,2.770301144039422e-08,0.4886209964752197,0.8006683588027954,-0.031002746894955635,0.5175825357437134,0.7523250579833984,-0.04836317151784897,0.5110272169113159,0.6989625096321106,-0.06390941888093948,0.48985326290130615,0.6586635112762451,-0.0778181403875351,0.514528214931488,0.6518941521644592,-0.03128772974014282,0.5195220112800598,0.5637681484222412,-0.05386339873075485,0.5204311013221741,0.5120058655738831,-0.06516848504543304,0.5173274874687195,0.46863847970962524,-0.07275717705488205,0.48087260127067566,0.6512110233306885,-0.028407322242856026,0.48771142959594727,0.6284672617912292,-0.06472628563642502,0.4868873953819275,0.6882758140563965,-0.07106102257966995,0.48386549949645996,0.7142741680145264,-0.06698025017976761,0.4502849578857422,0.6594275832176208,-0.028728686273097992,0.4551594853401184,0.6499439477920532,-0.06499707698822021,0.45982658863067627,0.7059638500213623,-0.05805384740233421,0.4596594274044037,0.7271325588226318,-0.04437248036265373,0.4204345941543579,0.6726484894752502,-0.03157494217157364,0.4286428987979889,0.6637674570083618,-0.05624663829803467,0.43667781352996826,0.7033460140228271,-0.05037004500627518,0.43862369656562805,0.7205095887184143,-0.039678905159235
lead,0.4526192247867584,0.8121501803398132,2.1310126996354484e-08,0.48983681201934814,0.7986671924591064,-0.030461385846138,0.5176628828048706,0.7510859966278076,-0.04828241094946861,0.5129702687263489,0.6993387341499329,-0.06429613381624222,0.4908912479877472,0.6585209369659424,-0.07878155261278152,0.514630913734436,0.6482610702514648,-0.0330544076859951,0.5196534991264343,0.5625990033149719,-0.056333962827920914,0.520515501499176,0.5113674402236938,-0.06845756620168686,0.5172332525253296,0.4683128595352173,-0.07692205905914307,0.48008865118026733,0.6489248275756836,-0.03119524009525776,0.4889315068721771,0.6269442439079285,-0.06626174598932266,0.4882374405860901,0.6883078217506409,-0.07179338485002518,0.48414376378059387,0.7118669748306274,-0.06812750548124313,0.4487704932689667,0.659534752368927,-0.03257020562887192,0.4568025767803192,0.6508346199989319,-0.06757091730833054,0.46179938316345215,0.7064048051834106,-0.059796497225761414,0.45981699228286743,0.7234371900558472,-0.046720340847969055,0.41853994131088257,0.6757146120071411,-0.03655437007546425,0.4292870759963989,0.6666560173034668,-0.06040915474295616,0.4383612275123596,0.7050571441650391,-0.05396769568324089,0.4390791058540344,0.719600260257721,-0.04377205669879913
lead,0.45103710889816284,0.8118876814842224,2.210334670849079e-08,0.4892256557941437,0.7980818748474121,-0.030657535418868065,0.5156629085540771,0.7499843239784241,-0.04799559339880943,0.5105581283569336,0.6972325444221497,-0.06340391933917999,0.48833030462265015,0.6577250361442566,-0.07716189324855804,0.5144656300544739,0.6497718095779419,-0.03219752013683319,0.5191837549209595,0.5627226233482361,-0.05511581152677536,0.5202507972717285,0.5109108686447144,-0.06664964556694031,0.5171524286270142,0.46812954545021057,-0.07441128045320511,0.48058125376701355,0.649206817150116,-0.029773155227303505,0.48910853266716003,0.6237214207649231,-0.06494462490081787,0.4883211851119995,0.6841772198677063,-0.0701642856001854,0.4844948649406433,0.7096878290176392,-0.06564143300056458,0.4495605230331421,0.6581419706344604,-0.030655695125460625,0.4564107060432434,0.6477121114730835,-0.0658177062869072,0.46100300550460815,0.7030752301216125,-0.05838679522275925,0.45960795879364014,0.7221341133117676,-0.04491428658366203,0.4195846915245056,0.6727458238601685,-0.03412890434265137,0.42883118987083435,0.6640113592147827,-0.05791395157575607,0.437339186668396,0.7020454406738281,-0.05185171216726303,0.43824899196624756,0.7174859642982483,-0.04155261442065239
lead,0.4493185877799988,0.810379147529602,3.858699670900023e-08,0.4875296950340271,0.7975813150405884,-0.03249516710639,0.5159761309623718,0.74962317943573,-0.050623420625925064,0.5106304883956909,0.696160078048706,-0.06645520031452179,0.48963022232055664,0.6546026468276978,-0.08049915730953217,0.5139837265014648,0.6476655602455139,-0.03290194645524025,0.5193780064582825,0.5616998672485352,-0.056139394640922546,0.5203136801719666,0.5093183517456055,-0.0676553025841713,0.5165912508964539,0.46603143215179443,-0.07546309381723404,0.4801005423069,0.6470341682434082,-0.029607180505990982,0.4882500469684601,0.6227308511734009,-0.06466948986053467,0.4877067804336548,0.6838709115982056,-0.06954672187566757,0.4845152497291565,0.7067599892616272,-0.06489851325750351,0.44945842027664185,0.6560367345809937,-0.029871933162212372,0.4552018642425537,0.6467121243476868,-0.06550906598567963,0.46002671122550964,0.7030630111694336,-0.05761811137199402,0.4590081572532654,0.7199625968933105,-0.04390371963381767,0.41967785358428955,0.6704028248786926,-0.032873284071683884,0.4285337030887604,0.6632091999053955,-0.05718454346060753,0.4366636276245117,0.7025401592254639,-0.050983186811208725,0.4372594356536865,0.7162297964096069,-0.04060884937644005
lead,0.4496017396450043,0.8104225397109985,2.2007549560498774e-08,0.4877488315105438,0.7968211770057678,-0.031592804938554764,0.5160728693008423,0.7478452920913696,-0.04881511256098747,0.5111954212188721,0.6931165456771851,-0.0638512670993805,0.48948442935943604,0.6520228385925293,-0.07724860310554504,0.5130663514137268,0.6480593681335449,-0.03216506168246269,0.5184909701347351,0.5613032579421997,-0.05492977425456047,0.5199608206748962,0.5086953639984131,-0.06645048409700394,0.5169848799705505,0.46534740924835205,-0.07428179681301117,0.4792180359363556,0.648165225982666,-0.02917325310409069,0.48659610748291016,0.6214824914932251,-0.0630246102809906,0.48604536056518555,0.6829038858413696,-0.06731514632701874,0.48273512721061707,0.7075092196464539,-0.0625484436750412,0.448459267616272,0.6573898792266846,-0.029712751507759094,0.45493072271347046,0.6438694596290588,-0.064034104347229,0.4598202705383301,0.7001060247421265,-0.05568714812397957,0.4580800533294678,0.718895673751831,-0.04197204113006592,0.41847389936447144,0.6722385287284851,-0.033037859946489334,0.42765867710113525,0.6603199243545532,-0.05657024309039116,0.436576247215271,0.6987150311470032,-0.05007295310497284,0.437193900346756,0.714842677116394,-0.03970317915081978
lead,0.4498620927333832,0.8071971535682678,4.7000394687302105e-08,0.4874931275844574,0.7944260835647583,-0.03389212489128113,0.5151985883712769,0.748374342918396,-0.052895575761795044,0.5095932483673096,0.6954895257949829,-0.06949198246002197,0.48858410120010376,0.6532319784164429,-0.08428867906332016,0.5141624212265015,0.6454721093177795,-0.03406721353530884,0.5189113616943359,0.5588496327400208,-0.0571649894118309,0.5195764303207397,0.5060910582542419,-0.06858079880475998,0.5161357522010803,0.46321433782577515,-0.07624801248311996,0.48043614625930786,0.6457235217094421,-0.03014771267771721,0.48633214831352234,0.6212115287780762,-0.06494184583425522,0.48531076312065125,0.6812868118286133,-0.06954767554998398,0.4830963909626007,0.7051453590393066,-0.0647929385304451,0.44977280497550964,0.6551738381385803,-0.02994060143828392,0.45440980792045593,0.6432904601097107,-0.06521493196487427,0.45868203043937683,0.698641300201416,-0.057195499539375305,0.45803025364875793,0.7170076966285706,-0.0434492789208889,0.41977348923683167,0.6695675849914551,-0.03267011046409607,0.4274560213088989,0.6590894460678101,-0.057144857943058014,0.4355238080024719,0.6973741054534912,-0.05125128850340843,0.4372090995311737,0.7125365138053894,-0.04104781150817871
lead,0.4533689022064209,0.806926965713501,2.9462215778153222e-08,0.4895627498626709,0.7916122078895569,-0.030597269535064697,0.5158271789550781,0.7431933879852295,-0.04838738217949867,0.5112093687057495,0.6911531686782837,-0.06447646766901016,0.4885062873363495,0.6515159010887146,-0.07904253154993057,0.5130409598350525,0.6431582570075989,-0.03198586404323578,0.5179778337478638,0.5575572848320007,-0.054811205714941025,0.5192266702651978,0.5054830312728882,-0.06665072590112686,0.5161648988723755,0.46304500102996826,-0.0746527910232544,0.47921067476272583,0.64493328332901,-0.029649153351783752,0.48598456382751465,0.6201010942459106,-0.06357498466968536,0.48581594228744507,0.6807625889778137,-0.06803630292415619,0.4832265079021454,0.7055287957191467,-0.06349050253629684,0.44861018657684326,0.6552227139472961,-0.03069275990128517,0.45469188690185547,0.641436755657196,-0.06461020559072495,0.4601770043373108,0.6966919898986816,-0.05606040358543396,0.45915189385414124,0.716362714767456,-0.042329683899879456,0.41896572709083557,0.6708798408508301,-0.03447992354631424,0.42796146869659424,0.6570100784301758,-0.05763893574476242,0.43715059757232666,0.6946042776107788,-0.05075296014547348,0.438457190990448,0.7116665840148926,-0.04012483358383179
lead,0.4509506821632385,0.8059341311454773,3.221752820081747e-08,0.4883621633052826,0.7917520999908447,-0.03191409632563591,0.5162575840950012,0.7447062730789185,-0.049831073731184006,0.5097218155860901,0.6909768581390381,-0.06563776731491089,0.4879149794578552,0.6491221189498901,-0.07981889694929123,0.5130574107170105,0.6440040469169617,-0.032066747546195984,0.5176231861114502,0.558906614780426,-0.054974161088466644,0.5181374549865723,0.5077037215232849,-0.06667795032262802,0.5149831175804138,0.4650847315788269,-0.07459662854671478,0.479451984167099,0.6439160108566284,-0.028896989300847054,0.4862401783466339,0.6196966767311096,-0.06419762969017029,0.4860987365245819,0.6789528727531433,-0.07009580731391907,0.4832071363925934,0.7039790153503418,-0.06609810888767242,0.4488871991634369,0.653597354888916,-0.029111649841070175,0.4547007977962494,0.6431041359901428,-0.06443219631910324,0.45958802103996277,0.6972408294677734,-0.057316772639751434,0.4584532082080841,0.7157940864562988,-0.04403802007436752,0.4191925525665283,0.668723464012146,-0.03199433907866478,0.428816020488739,0.6591020822525024,-0.05587601661682129,0.43726110458374023,0.6964799165725708,-0.04994409158825874,0.438183456659317,0.7114308476448059,-0.03967652469873428
lead,0.45032936334609985,0.8069824576377869,4.663144537175867e-08,0.48827484250068665,0.7929554581642151,-0.031809497624635696,0.514527440071106,0.7449924945831299,-0.04961118847131729,0.5093109607696533,0.6920772790908813,-0.06544055789709091,0.4873952865600586,0.6510351300239563,-0.07977745682001114,0.5130244493484497,0.6447272896766663,-0.03174804151058197,0.5174088478088379,0.5589044094085693,-0.05433756485581398,0.5188544392585754,0.5054071545600891,-0.06608782708644867,0.5159456729888916,0.46261537075042725,-0.07397419214248657,0.4792267978191376,0.645244300365448,-0.02864810824394226,0.48646780848503113,0.6174505949020386,-0.0641472265124321,0.4860101640224457,0.6771421432495117,-0.06987815350294113,0.48275449872016907,0.7057259678840637,-0.06530274450778961,0.4484904706478119,0.6552040576934814,-0.028962664306163788,0.45354965329170227,0.6418581604957581,-0.06401599198579788,0.4587809443473816,0.696153461933136,-0.056799523532390594,0.45788708329200745,0.7178931832313538,-0.0432003028690815,0.4188137948513031,0.6701755523681641,-0.032006651163101196,0.4268805980682373,0.6577683687210083,-0.05588434636592865,0.43574514985084534,0.6947251558303833,-0.05009892210364342,0.43774789571762085,0.7115806937217712,-0.03984656184911728
lead,0.4495795965194702,0.8066403865814209,3.241110846374795e-08,0.48757338523864746,0.7929878830909729,-0.03274902328848839,0.5146693587303162,0.7447637319564819,-0.050435829907655716,0.5089477300643921,0.6904724836349487,-0.06580913811922073,0.4892410635948181,0.647035539150238,-0.07937229424715042,0.5132700204849243,0.6454916000366211,-0.031856801360845566,0.5181739926338196,0.5591556429862976,-0.05440162122249603,0.5190539956092834,0.5063885450363159,-0.06554538756608963,0.5155244469642639,0.4634137749671936,-0.07295414805412292,0.4797002673149109,0.6457533240318298,-0.028060737997293472,0.4853234887123108,0.6191158890724182,-0.0624694898724556,0.4844420552253723,0.6787254214286804,-0.06724420934915543,0.4818152189254761,0.7033318281173706,-0.06241458281874657,0.44905886054039,0.6547273397445679,-0.027918538078665733,0.45391204953193665,0.641446590423584,-0.06332417577505112,0.4584997892379761,0.6967958211898804,-0.05589530989527702,0.45764440298080444,0.7154451012611389,-0.04222165048122406,0.41940152645111084,0.6685968637466431,-0.030506689101457596,0.4275147616863251,0.6560918688774109,-0.05500895902514458,0.4360327124595642,0.6943475008010864,-0.049188192933797836,0.4374812841415405,0.7102022767066956,-0.03886832296848297
lead,0.44842636585235596,0.8074058294296265,1.4467103959248107e-08,0.48670223355293274,0.7941805720329285,-0.03156958147883415,0.5147114992141724,0.7443820834159851,-0.04782978072762489,0.5090953707695007,0.6904774308204651,-0.061743058264255524,0.48789894580841064,0.6497049331665039,-0.07392248511314392,0.512752115726471,0.6452953815460205,-0.031125281006097794,0.5181182622909546,0.5583977699279785,-0.05334806442260742,0.5192450881004333,0.5057325959205627,-0.06473845988512039,0.5160492658615112,0.4624992907047272,-0.07245473563671112,0.47919097542762756,0.6460267305374146,-0.027958031743764877,0.4856227934360504,0.6191347241401672,-0.06217266246676445,0.484420508146286,0.6798436641693115,-0.06726814806461334,0.4813132882118225,0.7058491110801697,-0.0627613291144371,0.4485948085784912,0.6553291082382202,-0.0283146221190691,0.4543035924434662,0.6405581831932068,-0.06335277110338211,0.4590715169906616,0.6972490549087524,-0.0560477040708065,0.4582858085632324,0.7171711325645447,-0.04261146858334541,0.41874581575393677,0.6700068116188049,-0.03134110942482948,0.42724189162254333,0.6568846106529236,-0.055555831640958786,0.436018168926239,0.6959933042526245,-0.04955460876226425,0.43742015957832336,0.7129485011100769,-0.03925338387489319
lead,0.44985827803611755,0.8085463047027588,9.710372950166857e-09,0.4874345362186432,0.7937982082366943,-0.03066067397594452,0.514247715473175,0.7447990775108337,-0.04698373004794121,0.5086017847061157,0.6921225190162659,-0.06123601272702217,0.4886426031589508,0.650783121585846,-0.07381324470043182,0.5128167867660522,0.6465511918067932,-0.030937956646084785,0.5183392763137817,0.5597119331359863,-0.053039904683828354,0.5195114612579346,0.5080422163009644,-0.0647040456533432,0.5165310502052307,0.4650854170322418,-0.07267642021179199,0.4794039726257324,0.6472504138946533,-0.028046876192092896,0.486110657453537,0.6213126182556152,-0.06208295002579689,0.4856799244880676,0.680351734161377,-0.06779231131076813,0.48263996839523315,0.7065119743347168,-0.06404650956392288,0.44873183965682983,0.6566431522369385,-0.02847154438495636,0.45460909605026245,0.6422267556190491,-0.06281830370426178,0.45933762192726135,0.6974698901176453,-0.05573820322751999,0.45819783210754395,0.7178987860679626,-0.04272432252764702,0.41912734508514404,0.6713659167289734,-0.031474482268095016,0.428008496761322,0.6567605137825012,-0.05511819198727608,0.4362391233444214,0.695078432559967,-0.04902716353535652,0.437028169631958,0.7127323150634766,-0.03876955807209015
lead,0.4480631947517395,0.8092032670974731,3.683800997578146e-08,0.48662644624710083,0.7952476739883423,-0.032649219036102295,0.515167236328125,0.7466582655906677,-0.050759345293045044,0.5094704627990723,0.6917349100112915,-0.06663385033607483,0.4889315962791443,0.6493406295776367,-0.0806623101234436,0.512161910533905,0.6483582258224487,-0.032987069338560104,0.5176770091056824,0.5610372424125671,-0.05622445419430733,0.5189633965492249,0.5088309645652771,-0.0676632821559906,0.5155109763145447,0.46560704708099365,-0.07532858848571777,0.47799307107925415,0.6476609110832214,-0.02946762926876545,0.4863433539867401,0.6231659650802612,-0.06416486948728561,0.4861786961555481,0.6832041144371033,-0.06871763616800308,0.4826957881450653,0.7051867842674255,-0.06398937851190567,0.44734904170036316,0.6557943224906921,-0.029582040384411812,0.4541934132575989,0.6444186568260193,-0.06507287919521332,0.45943698287010193,0.7003384828567505,-0.0572165921330452,0.45798051357269287,0.7176113724708557,-0.04355073347687721,0.41780295968055725,0.6689707040786743,-0.032468851655721664,0.42770707607269287,0.6597939729690552,-0.057043954730033875,0.4364834427833557,0.6984090209007263,-0.05111457780003548,0.4370307922363281,0.7129247188568115,-0.04084453731775284
lead,0.4503360390663147,0.8096091747283936,3.36558194646841e-08,0.4870416820049286,0.7961911559104919,-0.03258470445871353,0.513566255569458,0.7486830353736877,-0.050721317529678345,0.5082260370254517,0.6951920986175537,-0.06641873717308044,0.48877519369125366,0.6516914963722229,-0.08025897294282913,0.5120115876197815,0.6486912965774536,-0.03441052511334419,0.5168444514274597,0.56016606092453,-0.057856615632772446,0.5182326436042786,0.5071591734886169,-0.06954514235258102,0.5153234601020813,0.46362295746803284,-0.0773240402340889,0.4781034588813782,0.6489332318305969,-0.031127844005823135,0.48655933141708374,0.6217418909072876,-0.06563790142536163,0.4854256808757782,0.682267963886261,-0.07007801532745361,0.48167502880096436,0.7063702344894409,-0.06534761935472488,0.4472294747829437,0.6578737497329712,-0.031365495175123215,0.4538929760456085,0.6439950466156006,-0.06660928577184677,0.45845460891723633,0.7005148530006409,-0.05830491706728935,0.4566904306411743,0.7192385792732239,-0.04442133754491806,0.4173774719238281,0.6722407341003418,-0.03436008468270302,0.42699381709098816,0.6591784358024597,-0.05879801884293556,0.4357057213783264,0.6983068585395813,-0.05223558470606804,0.436149924993515,0.7145774364471436,-0.041577570140361786
lead,0.44760456681251526,0.8084623217582703,1.3036722812387325e-08,0.48615163564682007,0.7948546409606934,-0.031343456357717514,0.5126889944076538,0.7464150786399841,-0.04818548634648323,0.5070301294326782,0.6940939426422119,-0.06285158544778824,0.48536217212677,0.6539930105209351,-0.07581289857625961,0.5114627480506897,0.6464115977287292,-0.031826239079236984,0.5165882706642151,0.5602566599845886,-0.05453537777066231,0.5174932479858398,0.508209228515625,-0.06609629094600677,0.5143769979476929,0.46570783853530884,-0.07387204468250275,0.47793206572532654,0.6466978192329407,-0.02880020998418331,0.4835091829299927,0.6220707893371582,-0.06260860711336136,0.48269200325012207,0.6827700138092041,-0.06695934385061264,0.4803279638290405,0.706802248954773,-0.06220746785402298,0.4472443461418152,0.6557139158248901,-0.029319504275918007,0.45181164145469666,0.6416030526161194,-0.06350107491016388,0.45717790722846985,0.6975418329238892,-0.05525844171643257,0.4569123685359955,0.7165254950523376,-0.04157862067222595,0.41727545857429504,0.6706072688102722,-0.03261639550328255,0.4249379336833954,0.6586543917655945,-0.05621681362390518,0.4343632459640503,0.6970197558403015,-0.04976905137300491,0.4363062381744385,0.7132776379585266,-0.039286646991968155
lead,0.44796252250671387,0.8094275593757629,3.075138721442272e-08,0.4860662817955017,0.7948968410491943,-0.031187355518341064,0.5134819149971008,0.7465401291847229,-0.04893089830875397,0.508170485496521,0.6934161186218262,-0.06474833190441132,0.48586469888687134,0.6526428461074829,-0.07893684506416321,0.5111119747161865,0.6469219923019409,-0.03233081102371216,0.5164368748664856,0.5599532723426819,-0.05510202795267105,0.517652153968811,0.507564902305603,-0.06679563224315643,0.514163613319397,0.46402648091316223,-0.07479086518287659,0.47696739435195923,0.64756840467453,-0.029892655089497566,0.4847016930580139,0.6208112239837646,-0.06448167562484741,0.48461756110191345,0.6813850998878479,-0.06961812824010849,0.48109766840934753,0.706146240234375,-0.06534931808710098,0.44593778252601624,0.6571687459945679,-0.030806442722678185,0.45338118076324463,0.642338752746582,-0.06557616591453552,0.4588063657283783,0.6983554363250732,-0.057541538029909134,0.4570048749446869,0.7178990840911865,-0.04388948157429695,0.4158981442451477,0.6722420454025269,-0.03443112596869469,0.42622458934783936,0.6583523154258728,-0.058312542736530304,0.4354850649833679,0.6966190934181213,-0.051757942885160446,0.436199426651001,0.7133543491363525,-0.04121354594826698
lead,0.44731613993644714,0.8077967762947083,3.150395500028935e-08,0.48484116792678833,0.7951506972312927,-0.0335567444562912,0.5119442939758301,0.7476093173027039,-0.05133942887187004,0.5051574110984802,0.6950888633728027,-0.06629703938961029,0.4840281903743744,0.6531775593757629,-0.07930869609117508,0.5119407773017883,0.6471729278564453,-0.03483032062649727,0.5170660614967346,0.5590941905975342,-0.05833367630839348,0.5178379416465759,0.5064142346382141,-0.07014954835176468,0.5142562985420227,0.46279677748680115,-0.07809916138648987,0.4781723916530609,0.6470577120780945,-0.03096345067024231,0.4843912422657013,0.6205939650535583,-0.06579248607158661,0.4834907054901123,0.681349515914917,-0.07045634090900421,0.4808347821235657,0.7061689496040344,-0.06578651815652847,0.4472154676914215,0.6560608148574829,-0.03077332302927971,0.45169898867607117,0.6439060568809509,-0.06647734344005585,0.4562630355358124,0.7005298733711243,-0.05875897407531738,0.4557041525840759,0.7186022996902466,-0.04514545947313309,0.41717833280563354,0.6703436374664307,-0.03339003399014473,0.4251728653907776,0.6601241230964661,-0.05801265686750412,0.4334459602832794,0.6995639204978943,-0.05192138999700546,0.43453118205070496,0.714654803276062,-0.04160195216536522
lead,0.4475400149822235,0.8081338405609131,6.838374311257667e-09,0.48540449142456055,0.7955024838447571,-0.031348709017038345,0.5128847360610962,0.746796190738678,-0.04773247241973877,0.5062329769134521,0.6942414045333862,-0.06165453791618347,0.4845958352088928,0.6540818214416504,-0.07384121417999268,0.5107126235961914,0.6472722291946411,-0.03359471261501312,0.5163900256156921,0.558832585811615,-0.05685998871922493,0.5178189277648926,0.5065841674804688,-0.06891241669654846,0.5147422552108765,0.4631660580635071,-0.07704140245914459,0.47653377056121826,0.6479906439781189,-0.03060493990778923,0.4837580919265747,0.6221595406532288,-0.06457001715898514,0.4826045036315918,0.6837874054908752,-0.06893143802881241,0.47910067439079285,0.7086054086685181,-0.06444165855646133,0.44526901841163635,0.6571252346038818,-0.031124144792556763,0.45176970958709717,0.6430173516273499,-0.06584375351667404,0.45630985498428345,0.7006418108940125,-0.05772849917411804,0.45475083589553833,0.7198025584220886,-0.044157885015010834,0.4147586524486542,0.671873927116394,-0.03432127460837364,0.4245126247406006,0.6589177250862122,-0.058230094611644745,0.4335837960243225,0.698523998260498,-0.05165746062994003,0.4340949058532715,0.7151089906692505,-0.04120536893606186
lead,0.4492826461791992,0.8068710565567017,2.5508224865689044e-08,0.4863530099391937,0.792995810508728,-0.03282440826296806,0.5130278468132019,0.7456290125846863,-0.05143716186285019,0.5069872140884399,0.6937534809112549,-0.06767171621322632,0.48605501651763916,0.6534231305122375,-0.08196456730365753,0.5104598999023438,0.6433476805686951,-0.03482947498559952,0.5160870552062988,0.5578269362449646,-0.05937432870268822,0.5169644355773926,0.506168007850647,-0.07142146676778793,0.5139339566230774,0.4637797772884369,-0.0793788880109787,0.4757190942764282,0.6438999772071838,-0.03173240274190903,0.4817832410335541,0.6223288178443909,-0.06628665328025818,0.48081332445144653,0.6851690411567688,-0.06956551969051361,0.47885850071907043,0.7052999138832092,-0.06428045779466629,0.44458797574043274,0.6533348560333252,-0.03245503827929497,0.4492177367210388,0.6433814167976379,-0.06760802865028381,0.454861044883728,0.7003071904182434,-0.05811924487352371,0.4552028477191925,0.7155372500419617,-0.043835971504449844,0.4144580364227295,0.6689448356628418,-0.03613508865237236,0.4218606948852539,0.6606659889221191,-0.06004006788134575,0.4316557049751282,0.700211226940155,-0.05281369015574455,0.43366748094558716,0.7143771648406982,-0.04196669161319733
lead,0.44623106718063354,0.8113789558410645,2.7298263205466355e-08,0.48312538862228394,0.7963390350341797,-0.03385939821600914,0.5096647143363953,0.7480061054229736,-0.05276234820485115,0.5057772994041443,0.6951981782913208,-0.06922327727079391,0.4823201298713684,0.6548595428466797,-0.0837564691901207,0.5083847641944885,0.6478715538978577,-0.03478984162211418,0.5138245820999146,0.5617195963859558,-0.058889154344797134,0.5152150988578796,0.5091391205787659,-0.07065021991729736,0.5125597715377808,0.465762197971344,-0.07831897586584091,0.47401124238967896,0.6479881405830383,-0.03141188621520996,0.4811878800392151,0.6235964298248291,-0.06578554213047028,0.48028436303138733,0.6857070326805115,-0.06936784833669662,0.4771938920021057,0.7071032524108887,-0.06398142129182816,0.44287100434303284,0.6567887663841248,-0.031911663711071014,0.44933077692985535,0.6442199945449829,-0.06681592017412186,0.4539438784122467,0.700766921043396,-0.05776465684175491,0.4523189961910248,0.7169575691223145,-0.04344560205936432,0.41291049122810364,0.6718578934669495,-0.035489678382873535,0.42168161273002625,0.6604569554328918,-0.05887077748775482,0.4312003254890442,0.698395311832428,-0.05150485411286354,0.4319399893283844,0.7135889530181885,-0.04040731117129326
lead,0.4427453875541687,0.8104050755500793,1.77557009095608e-08,0.48235639929771423,0.7973172068595886,-0.030275169759988785,0.5099524855613708,0.7484222054481506,-0.046492233872413635,0.504339873790741,0.6946549415588379,-0.06079621985554695,0.48110103607177734,0.654659628868103,-0.07356719672679901,0.5076678991317749,0.649696946144104,-0.03110966645181179,0.5135968923568726,0.5614901185035706,-0.053080711513757706,0.5150474309921265,0.5091279149055481,-0.06399506330490112,0.5120676159858704,0.46584606170654297,-0.07136476784944534,0.4739536643028259,0.6493744850158691,-0.02835494838654995,0.48003190755844116,0.6219796538352966,-0.06253174692392349,0.4801597595214844,0.6826711297035217,-0.06739846616983414,0.47725120186805725,0.7088527083396912,-0.06270689517259598,0.4432239234447479,0.6578335762023926,-0.02884748950600624,0.44816854596138,0.6428757309913635,-0.06290797889232635,0.4538312554359436,0.698780357837677,-0.05503343790769577,0.45309993624687195,0.7193987965583801,-0.04139377549290657,0.41313236951828003,0.671509861946106,-0.03197764232754707,0.42143914103507996,0.6595826148986816,-0.055208344012498856,0.43080106377601624,0.6973191499710083,-0.04896998777985573,0.4321599006652832,0.7139303088188171,-0.03856207802891731
lead,0.4457227885723114,0.8111374378204346,-5.27416199602726e-09,0.48399069905281067,0.7958751320838928,-0.03013894520699978,0.5113080739974976,0.7456188201904297,-0.04544287547469139,0.5049623250961304,0.6940420866012573,-0.05859599635004997,0.4809711277484894,0.6568281054496765,-0.07012566924095154,0.5095835328102112,0.6471055150032043,-0.030304845422506332,0.5143370032310486,0.5592783689498901,-0.052186790853738785,0.5145660638809204,0.5070023536682129,-0.06403952836990356,0.511400043964386,0.46318626403808594,-0.0722154825925827,0.4755885899066925,0.648042619228363,-0.02788735181093216,0.48135650157928467,0.622100830078125,-0.061703186482191086,0.48001161217689514,0.6823726892471313,-0.06763908267021179,0.47701287269592285,0.7099767923355103,-0.06404969096183777,0.4439561367034912,0.6573723554611206,-0.028751583769917488,0.4489060044288635,0.64173424243927,-0.06307439506053925,0.4534682333469391,0.6983604431152344,-0.05635460093617439,0.45251160860061646,0.7203959226608276,-0.043443284928798676,0.41328132152557373,0.6727117300033569,-0.03219703584909439,0.42032891511917114,0.6551201343536377,-0.05566132813692093,0.4296122193336487,0.6936122179031372,-0.04933973774313927,0.4314366281032562,0.7135059237480164,-0.03889484331011772
lead,0.44411957263946533,0.8113561272621155,2.0746359297163508e-08,0.48298710584640503,0.797189474105835,-0.02980853244662285,0.5109177827835083,0.7460933923721313,-0.04545644298195839,0.5049081444740295,0.6931804418563843,-0.05928841605782509,0.48079055547714233,0.6546286940574646,-0.07174891978502274,0.5088953971862793,0.6485439538955688,-0.03029729053378105,0.513505756855011,0.5586428642272949,-0.052223529666662216,0.514782190322876,0.5056612491607666,-0.06391748040914536,0.5115957260131836,0.4617205858230591,-0.0719916820526123,0.47475871443748474,0.6491605639457703,-0.027831176295876503,0.4814329743385315,0.6208617091178894,-0.06352890282869339,0.48195555806159973,0.6809622645378113,-0.07030975818634033,0.47865670919418335,0.7109107375144958,-0.06657913327217102,0.4436953663825989,0.6590955853462219,-0.028431301936507225,0.4483141303062439,0.6447780728340149,-0.06365317106246948,0.4541325569152832,0.7005800008773804,-0.05720466002821922,0.4533698856830597,0.7233785390853882,-0.04406198859214783,0.4134889245033264,0.6737903356552124,-0.03148351237177849,0.4221974015235901,0.6609330177307129,-0.05549918860197067,0.4309011697769165,0.6996074914932251,-0.04975614324212074,0.43236398696899414,0.7175905108451843,-0.03948013484477997
lead,0.4444279670715332,0.8116364479064941,9.676186962792599e-09,0.4834281802177429,0.7958266735076904,-0.03182428702712059,0.511742115020752,0.744633674621582,-0.04758931323885918,0.5046519041061401,0.6910659670829773,-0.06096617132425308,0.47981107234954834,0.6535763740539551,-0.07254470139741898,0.5077382326126099,0.6477506160736084,-0.03108375519514084,0.5131596326828003,0.5593169927597046,-0.05301222950220108,0.5141382217407227,0.5074909329414368,-0.06470516324043274,0.5112177133560181,0.4636650085449219,-0.07282048463821411,0.47340428829193115,0.6486340761184692,-0.027671143412590027,0.47837358713150024,0.6237234473228455,-0.06153357774019241,0.4785599410533905,0.6840453147888184,-0.06725804507732391,0.4762098491191864,0.709803581237793,-0.06357337534427643,0.4423162043094635,0.6576644778251648,-0.02777247689664364,0.4463030993938446,0.6426811814308167,-0.06184733286499977,0.45222246646881104,0.6987655162811279,-0.05511820316314697,0.45169711112976074,0.7189649939537048,-0.04241538420319557,0.4123353958129883,0.6721916198730469,-0.03070036880671978,0.4199119508266449,0.6583757400512695,-0.0539749376475811,0.4292880594730377,0.6961393356323242,-0.04826713353395462,0.43061167001724243,0.713699996471405,-0.03844306617975235
lead,0.4432069957256317,0.8085202574729919,2.235640117476123e-08,0.48226848244667053,0.795960545539856,-0.03222263231873512,0.5097656846046448,0.7472667694091797,-0.04932449012994766,0.5046476125717163,0.6927506923675537,-0.06430479139089584,0.48317891359329224,0.6514353156089783,-0.07768989354372025,0.5082607269287109,0.646875262260437,-0.03160420060157776,0.5132114887237549,0.5591162443161011,-0.05387042835354805,0.5138293504714966,0.5059497356414795,-0.0656486451625824,0.510491669178009,0.46205464005470276,-0.07386605441570282,0.4747712016105652,0.647128701210022,-0.028054123744368553,0.47899913787841797,0.6241224408149719,-0.06366388499736786,0.4786481261253357,0.682442843914032,-0.07030041515827179,0.47642621397972107,0.7084534764289856,-0.06684895604848862,0.44429638981819153,0.6565990447998047,-0.0278766006231308,0.4464820325374603,0.6449337005615234,-0.06314519047737122,0.45168536901474,0.6985090970993042,-0.05669109895825386,0.45165780186653137,0.7185318470001221,-0.0438929907977581,0.4149429202079773,0.6706629991531372,-0.030464736744761467,0.4213891327381134,0.6602901220321655,-0.054963234812021255,0.4293873608112335,0.6975535750389099,-0.04983174800872803,0.43123704195022583,0.7138394713401794,-0.04003229737281799
lead,0.4473690688610077,0.807809591293335,1.3785986574532672e-08,0.48458608984947205,0.7935041785240173,-0.03092762641608715,0.511225700378418,0.7441754937171936,-0.04751565307378769,0.5055567622184753,0.6921296715736389,-0.06186869740486145,0.4805164933204651,0.6550278067588806,-0.07464336603879929,0.5084652304649353,0.6439678072929382,-0.03355007991194725,0.5136116743087769,0.556907057762146,-0.05640878155827522,0.5146539211273193,0.5051029920578003,-0.06890849769115448,0.5117766857147217,0.46109989285469055,-0.0777125284075737,0.4741479456424713,0.644893229007721,-0.031100058928132057,0.48033490777015686,0.6220577955245972,-0.06531382352113724,0.47979411482810974,0.6818532347679138,-0.07098106294870377,0.4763741195201874,0.707662045955658,-0.06770318001508713,0.44285881519317627,0.6551074385643005,-0.03194979205727577,0.4489455819129944,0.643671989440918,-0.06590995192527771,0.45391878485679626,0.6983077526092529,-0.05900811403989792,0.45218324661254883,0.7177363038063049,-0.046684447675943375,0.412919282913208,0.6710840463638306,-0.03556084260344505,0.4223005175590515,0.6595999002456665,-0.058869462460279465,0.4314510226249695,0.6968183517456055,-0.05317745357751846,0.43224045634269714,0.7134947776794434,-0.04365798830986023
lead,0.4449158310890198,0.8097962141036987,1.9159624997655555e-08,0.4837157130241394,0.7951968908309937,-0.03067008964717388,0.5103137493133545,0.7453916668891907,-0.04746653512120247,0.5039685368537903,0.6917297840118408,-0.06248173490166664,0.48215195536613464,0.6501164436340332,-0.07596805691719055,0.5085342526435852,0.6467673182487488,-0.030082782730460167,0.5129706263542175,0.559363603591919,-0.052133966237306595,0.5138673186302185,0.5065063238143921,-0.06341605633497238,0.5106594562530518,0.46330583095550537,-0.07100046426057816,0.47483184933662415,0.6472971439361572,-0.027377178892493248,0.4820849597454071,0.6181719303131104,-0.06262238323688507,0.4820144474506378,0.6782844066619873,-0.06871012598276138,0.4788189232349396,0.7066768407821655,-0.06438980251550674,0.44420117139816284,0.656876266002655,-0.027883727103471756,0.44964224100112915,0.640666663646698,-0.06318365037441254,0.455039381980896,0.6960856318473816,-0.05596455559134483,0.45417913794517517,0.7183108329772949,-0.04217972606420517,0.4142002463340759,0.671483039855957,-0.030920809134840965,0.4226347506046295,0.656087338924408,-0.05509776994585991,0.43178313970565796,0.6943868398666382,-0.048785433173179626,0.43352293968200684,0.7126904726028442,-0.03792695328593254
lead,0.44686850905418396,0.8072901368141174,1.3242082985698289e-08,0.48392122983932495,0.7930733561515808,-0.03130818530917168,0.5099390149116516,0.7434912919998169,-0.04734911769628525,0.5042338371276855,0.6913911700248718,-0.06091979518532753,0.48067501187324524,0.6536498069763184,-0.07275097072124481,0.5083472728729248,0.6441400051116943,-0.03262469172477722,0.512929379940033,0.5566990375518799,-0.055137909948825836,0.5130507349967957,0.5045482516288757,-0.06693785637617111,0.5092731714248657,0.4610651731491089,-0.07503507286310196,0.4749237895011902,0.6452815532684326,-0.02939995750784874,0.47894272208213806,0.6200544834136963,-0.06284820288419724,0.47880685329437256,0.6804807186126709,-0.06739459931850433,0.4772602915763855,0.7065607905387878,-0.06304846704006195,0.44393476843833923,0.6550740003585815,-0.029664838686585426,0.44737952947616577,0.6421731114387512,-0.06344808638095856,0.45271268486976624,0.6977942585945129,-0.055982790887355804,0.4527721703052521,0.7176687121391296,-0.042963624000549316,0.4138045907020569,0.6703973412513733,-0.032698649913072586,0.4210323393344879,0.6591223478317261,-0.05597366392612457,0.430042564868927,0.6971907615661621,-0.05013531073927879,0.431872695684433,0.713946521282196,-0.040283359587192535
lead,0.4422092139720917,0.8075826168060303,-1.6164036775734303e-09,0.48180949687957764,0.7953609228134155,-0.029903067275881767,0.5099468231201172,0.7443810701370239,-0.04526520147919655,0.5049131512641907,0.690646231174469,-0.05858011171221733,0.4810005724430084,0.6520498394966125,-0.07035289704799652,0.5071182250976562,0.6466807126998901,-0.03105963207781315,0.511634886264801,0.557147204875946,-0.0532197542488575,0.511771559715271,0.5042980313301086,-0.0646892786026001,0.5073423385620117,0.46024829149246216,-0.07268980890512466,0.473317950963974,0.647149384021759,-0.028714574873447418,0.47973543405532837,0.6210982799530029,-0.06335359066724777,0.4793175458908081,0.6829688549041748,-0.06858845800161362,0.47602254152297974,0.7083977460861206,-0.06430762261152267,0.44254204630851746,0.6563098430633545,-0.0295850932598114,0.4470401108264923,0.642267644405365,-0.06431877613067627,0.4524764120578766,0.6993856430053711,-0.05633358284831047,0.4516158998012543,0.7191008925437927,-0.04272644594311714,0.41247472167015076,0.6705781817436218,-0.03304062783718109,0.42079347372055054,0.6592671275138855,-0.05678488686680794,0.42973753809928894,0.6986628174781799,-0.050101738423109055,0.4308287501335144,0.7150348424911499,-0.03947969153523445
lead,0.4457685053348541,0.8079403042793274,9.791765176458966e-10,0.48309236764907837,0.79198157787323,-0.030539441853761673,0.5103983879089355,0.7414329051971436,-0.04636489599943161,0.5054015517234802,0.689939558506012,-0.059904687106609344,0.48053863644599915,0.6537496447563171,-0.07173500210046768,0.5078699588775635,0.6429901719093323,-0.03211868926882744,0.5116508603096008,0.5552847981452942,-0.054629381746053696,0.5106865763664246,0.5029785633087158,-0.06689227372407913,0.5055170655250549,0.45886558294296265,-0.07544665783643723,0.4738897979259491,0.6446020603179932,-0.029534807428717613,0.4791956841945648,0.6208539605140686,-0.06294143199920654,0.47927772998809814,0.6807426810264587,-0.06817138195037842,0.4769207835197449,0.7054657936096191,-0.06452927738428116,0.4429168999195099,0.6547049283981323,-0.030295636504888535,0.4466492533683777,0.6417672634124756,-0.06370757520198822,0.45258980989456177,0.6972923278808594,-0.056515078991651535,0.4522058367729187,0.7167421579360962,-0.04393346235156059,0.41320866346359253,0.6702834963798523,-0.033817049115896225,0.4204930365085602,0.6583881378173828,-0.056645918637514114,0.4295624792575836,0.6959449052810669,-0.05053836107254028,0.4307462275028229,0.7126186490058899,-0.040683455765247345
lead,0.4436429738998413,0.8078359365463257,-1.4087312649735395e-08,0.482174813747406,0.7941576242446899,-0.031345728784799576,0.5094743371009827,0.7448752522468567,-0.04755550995469093,0.5032167434692383,0.6922289133071899,-0.06142979487776756,0.4803244471549988,0.652923583984375,-0.07338015735149384,0.5078498125076294,0.6455913782119751,-0.032551173120737076,0.511177122592926,0.5560389757156372,-0.055793408304452896,0.5097218751907349,0.5038701891899109,-0.06786637008190155,0.5043711066246033,0.4599893391132355,-0.07596263289451599,0.47358500957489014,0.6462637782096863,-0.029594188556075096,0.4796289801597595,0.6232552528381348,-0.06432493776082993,0.4792308509349823,0.6844865679740906,-0.06957817822694778,0.4765338897705078,0.7091020941734314,-0.06542453914880753,0.44209277629852295,0.6550594568252563,-0.030107993632555008,0.4473218619823456,0.6424927711486816,-0.06528613716363907,0.4526180028915405,0.6993639469146729,-0.057912107557058334,0.45195457339286804,0.7182319164276123,-0.044495947659015656,0.4118770956993103,0.6693756580352783,-0.03331132233142853,0.4201214611530304,0.6566746830940247,-0.05719468370079994,0.4294506907463074,0.6952265501022339,-0.050744395703077316,0.43085920810699463,0.711997926235199,-0.04009263962507248
lead,0.4450598359107971,0.8080388903617859,-1.056203746685469e-08,0.48290783166885376,0.7933491468429565,-0.031402166932821274,0.5083469152450562,0.7428100109100342,-0.047309499233961105,0.5022464394569397,0.6913336515426636,-0.060710400342941284,0.4796867370605469,0.653605043888092,-0.0722225233912468,0.5080493688583374,0.6445847153663635,-0.03308117762207985,0.5113599896430969,0.555273711681366,-0.05622141435742378,0.5100588202476501,0.5027250051498413,-0.0689665675163269,0.5043950080871582,0.4585685729980469,-0.0776786208152771,0.47369423508644104,0.645611584186554,-0.029796481132507324,0.47777026891708374,0.6233068108558655,-0.06418819725513458,0.4777599275112152,0.6832908987998962,-0.06975341588258743,0.47539299726486206,0.7090796232223511,-0.06601268798112869,0.44234907627105713,0.6550809741020203,-0.029946114867925644,0.44546428322792053,0.6423807740211487,-0.06404489278793335,0.4511822462081909,0.6982742547988892,-0.05704309418797493,0.4511747360229492,0.7182660698890686,-0.044224098324775696,0.4124450981616974,0.6697478890419006,-0.03289056569337845,0.41945815086364746,0.6589456796646118,-0.056350335478782654,0.4284988045692444,0.6970999240875244,-0.05055277794599533,0.43024295568466187,0.7138408422470093,-0.04055391997098923
lead,0.4438709616661072,0.8082707524299622,-2.9086461239558048e-08,0.48320847749710083,0.7933669090270996,-0.02927839569747448,0.508863091468811,0.74217689037323,-0.04352407902479172,0.5018682479858398,0.6909948587417603,-0.05541287735104561,0.4782542288303375,0.6555575132369995,-0.06539686769247055,0.5076305866241455,0.6442685723304749,-0.030633505433797836,0.511651873588562,0.555354118347168,-0.05291413515806198,0.5106297731399536,0.5032137036323547,-0.06470417231321335,0.5051442384719849,0.45977649092674255,-0.0727415457367897,0.4734290838241577,0.6449283361434937,-0.028331762179732323,0.4797742962837219,0.6213892102241516,-0.06081347540020943,0.47931239008903503,0.6823466420173645,-0.06511394679546356,0.4760788679122925,0.7064169645309448,-0.06084144487977028,0.4419693350791931,0.6542378067970276,-0.029442666098475456,0.4468837082386017,0.6424254775047302,-0.0626930221915245,0.4524449408054352,0.6988250613212585,-0.05542900785803795,0.45155245065689087,0.7166908383369446,-0.04269801452755928,0.411883682012558,0.6697807312011719,-0.03311922773718834,0.4196928143501282,0.6590983271598816,-0.055535223335027695,0.4294840693473816,0.6972408294677734,-0.04897685721516609,0.4304530918598175,0.7131636738777161,-0.038756564259529114
lead,0.44494694471359253,0.809502363204956,-2.0813514467477034e-08,0.48391929268836975,0.7934291362762451,-0.029975829645991325,0.509503185749054,0.7434592247009277,-0.044847436249256134,0.5015724897384644,0.6931509971618652,-0.05733640864491463,0.478138267993927,0.6563520431518555,-0.06801773607730865,0.5083332061767578,0.6457477807998657,-0.031504686921834946,0.5120862722396851,0.5566349029541016,-0.05401021987199783,0.5111246109008789,0.5044612884521484,-0.06607542932033539,0.5059773921966553,0.46078160405158997,-0.07421774417161942,0.47437116503715515,0.6470115184783936,-0.0289597250521183,0.480659544467926,0.6205461621284485,-0.06243932992219925,0.4798644483089447,0.6808071136474609,-0.06774803251028061,0.4765678942203522,0.7075745463371277,-0.06384462863206863,0.4428381025791168,0.6564338803291321,-0.029750240966677666,0.44738343358039856,0.6421427130699158,-0.06377439945936203,0.45230633020401,0.698338508605957,-0.05720046907663345,0.45149344205856323,0.7186028957366943,-0.044491853564977646,0.412438303232193,0.6714577674865723,-0.03306736797094345,0.4199623167514801,0.657382071018219,-0.05610676482319832,0.4296090006828308,0.6954776048660278,-0.04989343136548996,0.43113407492637634,0.7133066058158875,-0.03962387889623642
lead,0.44248539209365845,0.8068902492523193,-1.6373910005640369e-09,0.4811156988143921,0.7929810881614685,-0.030316593125462532,0.5083563327789307,0.7433284521102905,-0.04649728909134865,0.5013824701309204,0.69195955991745,-0.06061198562383652,0.4778110980987549,0.6539395451545715,-0.07301381975412369,0.5066450834274292,0.6444690227508545,-0.032350122928619385,0.5107007622718811,0.5557430386543274,-0.055233296006917953,0.5101407170295715,0.5034900903701782,-0.06735999137163162,0.5054094791412354,0.45950356125831604,-0.07573890686035156,0.47206664085388184,0.6444754004478455,-0.029890041798353195,0.4768994450569153,0.6228663921356201,-0.06439130008220673,0.4764384925365448,0.6838048100471497,-0.0696638748049736,0.47378748655319214,0.708203911781311,-0.06580882519483566,0.44049152731895447,0.6533730030059814,-0.030706975609064102,0.44426849484443665,0.6422151327133179,-0.0652763769030571,0.4495390057563782,0.698729932308197,-0.0576089471578598,0.4488976001739502,0.7180774211883545,-0.04441087320446968,0.4098701477050781,0.6675310730934143,-0.03416603431105614,0.41830509901046753,0.6571671962738037,-0.05788785219192505,0.4269680380821228,0.6964911222457886,-0.05147549882531166,0.4278402328491211,0.713222324848175,-0.041046157479286194
lead,0.44284000992774963,0.8074237704277039,-2.578288338384027e-08,0.4824983775615692,0.7924089431762695,-0.02893778868019581,0.5098422169685364,0.7405490875244141,-0.04274347051978111,0.5023974776268005,0.6895702481269836,-0.05417884886264801,0.47738462686538696,0.6543472409248352,-0.06380095332860947,0.5062390565872192,0.6446540951728821,-0.031077396124601364,0.5107952952384949,0.5545171499252319,-0.0530494824051857,0.5100688338279724,0.5025423765182495,-0.06493179500102997,0.505233883857727,0.4580622911453247,-0.07319687306880951,0.4720372259616852,0.6462392210960388,-0.029013104736804962,0.47873303294181824,0.6218355894088745,-0.0620439350605011,0.47886136174201965,0.6810224652290344,-0.06774617731571198,0.47521835565567017,0.705897867679596,-0.0645860880613327,0.44054359197616577,0.6555220484733582,-0.030128180980682373,0.4462536573410034,0.6420636177062988,-0.06347563117742538,0.45203715562820435,0.6975694298744202,-0.05716921016573906,0.45044684410095215,0.7156863212585449,-0.0451439768075943,0.4105311930179596,0.6705062389373779,-0.03372207656502724,0.41991811990737915,0.6567515730857849,-0.05597435310482979,0.42952966690063477,0.6939259171485901,-0.0495913065969944,0.4293360114097595,0.710358202457428,-0.03960626572370529
lead,0.44308269023895264,0.8072142601013184,-1.0956486384827713e-08,0.4815220236778259,0.7921386957168579,-0.030385123565793037,0.5070615410804749,0.7418971657752991,-0.04627053439617157,0.501427173614502,0.6897695064544678,-0.06008683890104294,0.4768763780593872,0.6530228853225708,-0.07230015844106674,0.5069648027420044,0.6441541910171509,-0.03182969242334366,0.5110986232757568,0.5559741854667664,-0.0541786290705204,0.5105925798416138,0.5037543177604675,-0.06609081476926804,0.5059278011322021,0.459817111492157,-0.07426513731479645,0.4726542830467224,0.6445639133453369,-0.02941451407968998,0.47795823216438293,0.6186853647232056,-0.06366414576768875,0.4774605333805084,0.6795408725738525,-0.06906910985708237,0.4745023250579834,0.7076252102851868,-0.06498801708221436,0.4410393238067627,0.653664767742157,-0.03028230182826519,0.44558781385421753,0.6400217413902283,-0.06444546580314636,0.45028987526893616,0.696600615978241,-0.057155266404151917,0.44897687435150146,0.7188043594360352,-0.04384329542517662,0.41065728664398193,0.6681285500526428,-0.03382066637277603,0.41858935356140137,0.6538686156272888,-0.0568414181470871,0.426937460899353,0.6920146346092224,-0.05044325068593025,0.4276878535747528,0.710920512676239,-0.03999203443527222
lead,0.4429405927658081,0.8063433170318604,5.408150816066382e-09,0.48063963651657104,0.7922773361206055,-0.032014064490795135,0.5073229670524597,0.7427710890769958,-0.048799335956573486,0.5004941821098328,0.6896535754203796,-0.06320739537477493,0.4770497977733612,0.6504855751991272,-0.07573717087507248,0.5060650110244751,0.6443890333175659,-0.03339412063360214,0.5102028250694275,0.5546878576278687,-0.056384939700365067,0.5091546773910522,0.5020440816879272,-0.06858470290899277,0.504047155380249,0.458004891872406,-0.07692890614271164,0.471600741147995,0.6451311707496643,-0.030273757874965668,0.475007027387619,0.6224405169487,-0.06551270931959152,0.47515246272087097,0.6815433502197266,-0.07153601199388504,0.47337791323661804,0.7063592076301575,-0.06797382235527039,0.4401909112930298,0.653874397277832,-0.03056277148425579,0.44332075119018555,0.6400888562202454,-0.06564023345708847,0.449360728263855,0.6958891749382019,-0.0587318018078804,0.44959113001823425,0.7162816524505615,-0.04578769952058792,0.41035667061805725,0.6681464314460754,-0.033664606511592865,0.4176509976387024,0.6555840373039246,-0.05815355107188225,0.42689162492752075,0.6939972639083862,-0.052530255168676376,0.4288199543952942,0.7118557095527649,-0.04238871857523918
lead,0.44138094782829285,0.8062903881072998,1.386413761572669e-09,0.4808691143989563,0.7912086248397827,-0.029844054952263832,0.5072135925292969,0.7404374480247498,-0.04532204195857048,0.5003538727760315,0.6888439059257507,-0.058920588344335556,0.47597771883010864,0.6513651013374329,-0.0709628239274025,0.5052016377449036,0.6437965035438538,-0.03054017759859562,0.5092868804931641,0.5540874004364014,-0.052831538021564484,0.508888840675354,0.5010075569152832,-0.06526325643062592,0.5041212439537048,0.4568411707878113,-0.07390885055065155,0.47058403491973877,0.6447969675064087,-0.028123164549469948,0.4752994179725647,0.6211884021759033,-0.06330536305904388,0.47586938738822937,0.6803560256958008,-0.07009175419807434,0.4730494022369385,0.7075134515762329,-0.06693688780069351,0.43930619955062866,0.6545962691307068,-0.028887350112199783,0.4426743984222412,0.6405338644981384,-0.06302530318498611,0.44891157746315,0.6950522065162659,-0.05637752637267113,0.44836780428886414,0.7162021994590759,-0.0437217615544796,0.4094228148460388,0.6695433855056763,-0.03230525553226471,0.4168325662612915,0.6567327380180359,-0.055540747940540314,0.4261767864227295,0.6937922239303589,-0.04960545152425766,0.4277234375476837,0.7112420797348022,-0.03947790339589119
lead,0.44110217690467834,0.8064177632331848,-2.8076840408175485e-08,0.4813806116580963,0.7908068895339966,-0.028742585331201553,0.5083259344100952,0.7401528358459473,-0.04329921305179596,0.5016498565673828,0.689529538154602,-0.055899541825056076,0.4782755374908447,0.6522877216339111,-0.06693536043167114,0.5064736008644104,0.6425616145133972,-0.030096421018242836,0.5108084678649902,0.5543728470802307,-0.05199837684631348,0.5100319385528564,0.5023351907730103,-0.06396384537220001,0.5051401257514954,0.4587305784225464,-0.07222182303667068,0.47222700715065,0.6435554027557373,-0.028093982487916946,0.4784243702888489,0.6197724938392639,-0.06139160320162773,0.4778869152069092,0.6798481941223145,-0.06688550114631653,0.47460517287254333,0.7058393359184265,-0.06325453519821167,0.4407127797603607,0.6529654264450073,-0.02927270159125328,0.44598832726478577,0.6389093399047852,-0.06268826127052307,0.4513079524040222,0.6957354545593262,-0.05547887831926346,0.4502769708633423,0.7162801623344421,-0.04262831434607506,0.4104407727718353,0.6682785749435425,-0.03295063227415085,0.4189528822898865,0.6541945934295654,-0.05559637397527695,0.4281189441680908,0.6925977468490601,-0.048989806324243546,0.42903757095336914,0.7103868722915649,-0.03858277201652527
lead,0.4421814978122711,0.8083587884902954,-1.0143479833857327e-08,0.4812752306461334,0.7922753095626831,-0.03110836260020733,0.5077658295631409,0.7418112754821777,-0.04662247747182846,0.5016506314277649,0.689965546131134,-0.0597703792154789,0.4788050949573517,0.6507819294929504,-0.07118769735097885,0.506041407585144,0.6445810794830322,-0.030992263928055763,0.5104568600654602,0.5564478635787964,-0.05309806764125824,0.5101869702339172,0.5034840703010559,-0.06499388813972473,0.5058016777038574,0.45944899320602417,-0.0730966106057167,0.4717752933502197,0.64568030834198,-0.02795293927192688,0.47762295603752136,0.6190871596336365,-0.06185973063111305,0.47683048248291016,0.6796611547470093,-0.06759563088417053,0.47365349531173706,0.7079194188117981,-0.0637187734246254,0.4402518570423126,0.6552618741989136,-0.02835818938910961,0.4447818696498871,0.6405408382415771,-0.06265684962272644,0.4495767056941986,0.6965383291244507,-0.05622892081737518,0.4484115242958069,0.7177038192749023,-0.043467506766319275,0.40988001227378845,0.6700910329818726,-0.03140846639871597,0.4173668622970581,0.6546179056167603,-0.05491936579346657,0.42668014764785767,0.6928213238716125,-0.04909735545516014,0.42817604541778564,0.7115142345428467,-0.03900136053562164
lead,0.44372227787971497,0.8059935569763184,3.094203648856819e-08,0.48094484210014343,0.7924515008926392,-0.032249026000499725,0.5069971084594727,0.7449650764465332,-0.050357360392808914,0.5013791918754578,0.693360447883606,-0.06626279652118683,0.47899165749549866,0.6533541679382324,-0.08056926727294922,0.5059348344802856,0.6436336040496826,-0.034551795572042465,0.5101033449172974,0.555058479309082,-0.058067966252565384,0.5099141001701355,0.5018163919448853,-0.07045415043830872,0.5048280358314514,0.45841658115386963,-0.0789530873298645,0.47173845767974854,0.6445241570472717,-0.031390074640512466,0.4768688678741455,0.619684100151062,-0.0666581243276596,0.47735655307769775,0.6802719235420227,-0.07195723801851273,0.47508835792541504,0.7050787806510925,-0.06783223152160645,0.4409850239753723,0.6545498967170715,-0.031645212322473526,0.44314560294151306,0.6428706049919128,-0.06601651757955551,0.44972601532936096,0.6976107954978943,-0.05809413641691208,0.4500340223312378,0.7170099020004272,-0.044827573001384735,0.4114171862602234,0.6694793105125427,-0.03480774909257889,0.4166843295097351,0.6604896783828735,-0.05856810882687569,0.42629745602607727,0.6982679963111877,-0.052620477974414825,0.4289410412311554,0.7142024040222168,-0.042598530650138855
lead,0.44362837076187134,0.806242823600769,-1.0004463923962703e-08,0.48105981945991516,0.7921026945114136,-0.029895605519413948,0.5066381692886353,0.7425352931022644,-0.045832451432943344,0.5010542869567871,0.6913384199142456,-0.05985626205801964,0.4788968861103058,0.6520219445228577,-0.07228681445121765,0.5055059194564819,0.644463062286377,-0.03224718198180199,0.5098627805709839,0.5553445219993591,-0.05505683273077011,0.509245753288269,0.503231406211853,-0.06746958196163177,0.5048481225967407,0.45935484766960144,-0.07601755857467651,0.4717918634414673,0.6463081240653992,-0.03025302104651928,0.47739773988723755,0.6214068531990051,-0.0652766153216362,0.47703859210014343,0.6805739402770996,-0.0717664435505867,0.47425079345703125,0.7067779302597046,-0.06869284808635712,0.4406258165836334,0.656408429145813,-0.031384240835905075,0.4455108642578125,0.6404277086257935,-0.0659174844622612,0.4508577287197113,0.6958062648773193,-0.05874866247177124,0.4499989449977875,0.7168916463851929,-0.04581253230571747,0.4107073247432709,0.6719222664833069,-0.03512897714972496,0.4186367392539978,0.6554731726646423,-0.05883118882775307,0.428180456161499,0.6932114958763123,-0.052365224808454514,0.4299021065235138,0.7120513916015625,-0.04183845967054367
lead,0.4405423104763031,0.8058691620826721,-2.4989271096842458e-08,0.479883074760437,0.7939763069152832,-0.03029528260231018,0.5068936347961426,0.7422387003898621,-0.045189473778009415,0.5003333687782288,0.6893864870071411,-0.057710886001586914,0.47801512479782104,0.6509106159210205,-0.06867465376853943,0.5059977173805237,0.6447901129722595,-0.031950414180755615,0.5104355216026306,0.5555837750434875,-0.054879359900951385,0.5096772313117981,0.501752495765686,-0.067386195063591,0.504525899887085,0.45794734358787537,-0.07603853195905685,0.4711468815803528,0.645730197429657,-0.028963318094611168,0.4750783145427704,0.6208078265190125,-0.06347687542438507,0.47477543354034424,0.6837086081504822,-0.06845171004533768,0.47275155782699585,0.7109776735305786,-0.06417481601238251,0.43976742029190063,0.6550940871238708,-0.029327966272830963,0.44183972477912903,0.6398998498916626,-0.0637597143650055,0.44793611764907837,0.6983110904693604,-0.0553785040974617,0.44832924008369446,0.7201810479164124,-0.041653212159872055,0.40911126136779785,0.6698534488677979,-0.03236659616231918,0.41442152857780457,0.6572182774543762,-0.05647321045398712,0.4241880774497986,0.6978175640106201,-0.04988263547420502,0.4267056882381439,0.7160082459449768,-0.039262499660253525
lead,0.44163838028907776,0.8074349164962769,-5.456187501806653e-09,0.4804830551147461,0.7915581464767456,-0.031064528971910477,0.5080238580703735,0.7421308159828186,-0.04707566648721695,0.5015875101089478,0.6893024444580078,-0.0607144832611084,0.47969120740890503,0.6487998366355896,-0.07259272038936615,0.5059682130813599,0.6451693177223206,-0.031657468527555466,0.5105197429656982,0.5570586323738098,-0.054483216255903244,0.5102981925010681,0.5036985874176025,-0.06653738766908646,0.5058345198631287,0.4595292806625366,-0.07461059093475342,0.47171083092689514,0.6458246111869812,-0.028699416667222977,0.4783068895339966,0.6191840767860413,-0.06237863749265671,0.47766464948654175,0.6799342632293701,-0.06732882559299469,0.474542498588562,0.7059498429298401,-0.06308071315288544,0.44039925932884216,0.654721200466156,-0.029227372258901596,0.44533729553222656,0.6392726302146912,-0.06333261728286743,0.45037612318992615,0.6955795288085938,-0.05562739819288254,0.44936126470565796,0.7153616547584534,-0.04222489893436432,0.4100019335746765,0.6691819429397583,-0.03245317563414574,0.4176141917705536,0.65318363904953,-0.05555301904678345,0.4268886148929596,0.6913392543792725,-0.048692699521780014,0.42794540524482727,0.7089073061943054,-0.03797490522265434
lead,0.44154319167137146,0.8075379133224487,1.018718620571235e-08,0.480161190032959,0.7919341325759888,-0.030815765261650085,0.5070046782493591,0.7420248985290527,-0.04675275832414627,0.5008879899978638,0.6907703876495361,-0.06040653958916664,0.4774034023284912,0.65342777967453,-0.07233311980962753,0.5062132477760315,0.6447651982307434,-0.0314631424844265,0.5103371739387512,0.5561258792877197,-0.0540618859231472,0.5102822184562683,0.5019675493240356,-0.06587381660938263,0.5055621266365051,0.45791420340538025,-0.073811836540699,0.47207868099212646,0.645537257194519,-0.028714753687381744,0.4782828092575073,0.6177063584327698,-0.062065910547971725,0.4776137173175812,0.6787764430046082,-0.06640680879354477,0.4744423031806946,0.704850971698761,-0.06157783046364784,0.44097983837127686,0.6548321843147278,-0.029496414586901665,0.44559934735298157,0.6403372883796692,-0.06298491358757019,0.45072126388549805,0.6964935064315796,-0.05509773641824722,0.44946032762527466,0.7160720229148865,-0.04166561737656593,0.4107334315776825,0.669776439666748,-0.033053360879421234,0.41859397292137146,0.6576334238052368,-0.05564471334218979,0.4274482727050781,0.6953404545783997,-0.04903344437479973,0.42794153094291687,0.711516797542572,-0.03863457962870598
lead,0.44102779030799866,0.8048003315925598,1.7951208519662032e-08,0.480035662651062,0.7909687161445618,-0.031640321016311646,0.5068367123603821,0.7423060536384583,-0.04826267436146736,0.5022072792053223,0.6916549205780029,-0.0627468153834343,0.47920429706573486,0.6534588932991028,-0.07564926892518997,0.5053665637969971,0.6417744755744934,-0.031910818070173264,0.5095073580741882,0.5539309978485107,-0.054207589477300644,0.5094924569129944,0.5004869699478149,-0.06634034961462021,0.5048646926879883,0.4567110538482666,-0.07469474524259567,0.47115886211395264,0.6429340243339539,-0.02861163206398487,0.4756016731262207,0.6183667182922363,-0.06298337876796722,0.4757270812988281,0.678277850151062,-0.0686904639005661,0.4735874831676483,0.7053910493850708,-0.06472748517990112,0.440178245306015,0.6529804468154907,-0.028732484206557274,0.44272541999816895,0.639422595500946,-0.06253468245267868,0.4487605094909668,0.6944363713264465,-0.0555095300078392,0.4489469528198242,0.7157224416732788,-0.04258491471409798,0.4104250371456146,0.6679635047912598,-0.031700413674116135,0.41653692722320557,0.6557484269142151,-0.05514191836118698,0.4257088899612427,0.693316638469696,-0.04954909160733223,0.42815783619880676,0.710807204246521,-0.03965533897280693
lead,0.44343817234039307,0.8056836724281311,6.121625428789912e-09,0.48084211349487305,0.7902138233184814,-0.031390443444252014,0.5062977075576782,0.739950954914093,-0.047841522842645645,0.49895644187927246,0.6881586909294128,-0.06197690963745117,0.4762481451034546,0.6493890285491943,-0.07433004677295685,0.5057631731033325,0.6427026987075806,-0.03275735303759575,0.5098203420639038,0.5544331669807434,-0.05556358024477959,0.5094538331031799,0.5021187663078308,-0.0679071769118309,0.5050035119056702,0.4584804177284241,-0.07638832181692123,0.47137802839279175,0.643567681312561,-0.02962193265557289,0.4766584038734436,0.6187499761581421,-0.06404421478509903,0.4764905571937561,0.6784536838531494,-0.06975483894348145,0.47401684522628784,0.7052410244941711,-0.06614051014184952,0.4399014711380005,0.6530675888061523,-0.029868219047784805,0.4443671703338623,0.6391387581825256,-0.06416908651590347,0.4496760666370392,0.6946443319320679,-0.05716829374432564,0.44895362854003906,0.7157444357872009,-0.04433813691139221,0.40959930419921875,0.6678544878959656,-0.03285415470600128,0.41719546914100647,0.6542859673500061,-0.05659370869398117,0.4264477789402008,0.6920310258865356,-0.05088049918413162,0.42819708585739136,0.7100657820701599,-0.04095252975821495
lead,0.4386202096939087,0.8058885335922241,-1.2680820837829287e-08,0.4787924587726593,0.7921475172042847,-0.03080400638282299,0.506411612033844,0.741966187953949,-0.04552305489778519,0.4991307556629181,0.6897658109664917,-0.05775027349591255,0.47687971591949463,0.6499345302581787,-0.06811437010765076,0.5056905150413513,0.6441798806190491,-0.030188044533133507,0.5093591213226318,0.5551332235336304,-0.051821786910295486,0.508662760257721,0.5022908449172974,-0.06309275329113007,0.5040788650512695,0.4585328698158264,-0.07069681584835052,0.47149452567100525,0.6441054940223694,-0.02699880301952362,0.47731220722198486,0.6174032092094421,-0.06090507656335831,0.4766775071620941,0.6770672798156738,-0.06666871160268784,0.47334352135658264,0.7053245902061462,-0.06261783838272095,0.43979793787002563,0.6528241634368896,-0.02721155621111393,0.4452216327190399,0.6382996439933777,-0.06187998503446579,0.4499775171279907,0.6946618556976318,-0.05567663535475731,0.4487013518810272,0.7155783772468567,-0.04284483939409256,0.4090794324874878,0.666909396648407,-0.029960738494992256,0.41828322410583496,0.6532220840454102,-0.05383354052901268,0.4266423285007477,0.6916420459747314,-0.048258766531944275,0.427030473947525,0.708807110786438,-0.03814457356929779
lead,0.4414883553981781,0.8059828281402588,-1.5272485498485366e-08,0.4798491299152374,0.7909259796142578,-0.02988813817501068,0.5061215162277222,0.7402784824371338,-0.044747915118932724,0.5000306367874146,0.6889369487762451,-0.05731295049190521,0.47664397954940796,0.6519454717636108,-0.06816377490758896,0.504942774772644,0.6426897644996643,-0.03136448189616203,0.5093005895614624,0.5535377860069275,-0.0535314716398716,0.5093600749969482,0.5007962584495544,-0.06542934477329254,0.5048924088478088,0.4563947319984436,-0.07358865439891815,0.4704585373401642,0.644101619720459,-0.029004840180277824,0.4772777557373047,0.6168191432952881,-0.062241822481155396,0.4764631688594818,0.6778408885002136,-0.06737494468688965,0.47236981987953186,0.705223023891449,-0.06339128315448761,0.43887782096862793,0.6535815596580505,-0.02997848205268383,0.44443660974502563,0.6391229629516602,-0.06398766487836838,0.4492802917957306,0.6962264180183411,-0.05739908665418625,0.4471789598464966,0.7168368101119995,-0.044740498065948486,0.40860259532928467,0.6685607433319092,-0.0335090309381485,0.41679367423057556,0.6534303426742554,-0.05674579367041588,0.4262322187423706,0.6920321583747864,-0.050759635865688324,0.42703530192375183,0.7106744050979614,-0.04078177735209465
lead,0.44025498628616333,0.8056138753890991,-1.3010748034503195e-08,0.47887593507766724,0.7911039590835571,-0.030731862410902977,0.5053884387016296,0.7418258786201477,-0.04639681801199913,0.4992291033267975,0.6904610991477966,-0.059727828949689865,0.4762081801891327,0.6517329216003418,-0.07127645611763,0.5051159262657166,0.6438558101654053,-0.031832411885261536,0.5093235373497009,0.5545814037322998,-0.05451824888586998,0.5090206861495972,0.5021765232086182,-0.06649370491504669,0.5046759247779846,0.4581705331802368,-0.07454336434602737,0.4714342951774597,0.6435217261314392,-0.028950240463018417,0.477877140045166,0.6176953911781311,-0.06287017464637756,0.47613850235939026,0.6783400774002075,-0.06807219237089157,0.4725853502750397,0.7043795585632324,-0.06385807693004608,0.4401567876338959,0.6515824198722839,-0.029471954330801964,0.4453509747982025,0.6379814743995667,-0.06384988874197006,0.44950780272483826,0.6945884227752686,-0.05687952786684036,0.448401540517807,0.7147457003593445,-0.04377339780330658,0.41001713275909424,0.6651498079299927,-0.032609764486551285,0.41759517788887024,0.6522929668426514,-0.056116536259651184,0.42636385560035706,0.6908314824104309,-0.0499444343149662,0.4277336299419403,0.7085176706314087,-0.0395120345056057
lead,0.44141802191734314,0.8055924773216248,1.9023499220338635e-08,0.47950121760368347,0.791134238243103,-0.034785088151693344,0.5059874653816223,0.7416796684265137,-0.05319716036319733,0.5007376670837402,0.6886403560638428,-0.06885764747858047,0.4800906479358673,0.6468997597694397,-0.0826595276594162,0.5039367079734802,0.6418506503105164,-0.03552525117993355,0.5085481405258179,0.554993748664856,-0.059485651552677155,0.5085397958755493,0.5020440816879272,-0.07228062301874161,0.5044155120849609,0.4586939811706543,-0.08093756437301636,0.46901461482048035,0.6427472829818726,-0.031088583171367645,0.4735863506793976,0.6213170289993286,-0.06660626083612442,0.47384604811668396,0.6822863817214966,-0.07221370190382004,0.47176286578178406,0.7073680758476257,-0.06829925626516342,0.4377649128437042,0.6524231433868408,-0.03041529282927513,0.4409993588924408,0.6400697231292725,-0.06556078791618347,0.4470202326774597,0.6960514187812805,-0.05817857384681702,0.44679200649261475,0.7160618305206299,-0.045017313212156296,0.40784144401550293,0.6673638820648193,-0.03288450837135315,0.4137510657310486,0.6564797759056091,-0.05755993723869324,0.4235630929470062,0.6945968270301819,-0.05223670229315758,0.4258573353290558,0.7119010090827942,-0.04243604093790054
lead,0.43926727771759033,0.804475724697113,3.626963396285987e-09,0.47773438692092896,0.7912633419036865,-0.031642429530620575,0.5051921606063843,0.7423916459083557,-0.048010438680648804,0.4982188940048218,0.6897140741348267,-0.06209578737616539,0.47603535652160645,0.6497505307197571,-0.0745043233036995,0.5039762258529663,0.6436439156532288,-0.0318099670112133,0.5083281993865967,0.5555307865142822,-0.05452553927898407,0.5076603889465332,0.5028083920478821,-0.06642461568117142,0.5031403303146362,0.4595007300376892,-0.07449813932180405,0.46973657608032227,0.6431210041046143,-0.028181109577417374,0.47222697734832764,0.619986355304718,-0.06307956576347351,0.47248226404190063,0.6803937554359436,-0.06859684735536575,0.47130778431892395,0.7065733671188354,-0.06444738805294037,0.4387403726577759,0.6518977284431458,-0.02797861397266388,0.43959841132164,0.6388736367225647,-0.06246716529130936,0.4456011652946472,0.6946862936019897,-0.054833605885505676,0.4466680586338043,0.7156474590301514,-0.041356660425662994,0.40870633721351624,0.6660337448120117,-0.03056185320019722,0.41342905163764954,0.6557118892669678,-0.05446819216012955,0.42259472608566284,0.6941425800323486,-0.0486094206571579,0.4255152940750122,0.7110928893089294,-0.0382889024913311
lead,0.44206616282463074,0.8040492534637451,-8.740191681511078e-09,0.48018011450767517,0.7895299792289734,-0.03129686042666435,0.5057181715965271,0.739984929561615,-0.04674037918448448,0.4978075325489044,0.6893371939659119,-0.05937143415212631,0.4757468104362488,0.6513264179229736,-0.07002123445272446,0.5044220089912415,0.6415791511535645,-0.033266130834817886,0.5089005827903748,0.5531978011131287,-0.05631851404905319,0.5087829232215881,0.5008040070533752,-0.06867638975381851,0.5049128532409668,0.4569507837295532,-0.07703904807567596,0.470380038022995,0.6427965760231018,-0.03020082227885723,0.4764713943004608,0.6178926229476929,-0.06374457478523254,0.47541147470474243,0.6785179972648621,-0.06871353089809418,0.47240838408470154,0.7053723931312561,-0.06474810838699341,0.43885496258735657,0.65225750207901,-0.030664244666695595,0.44435036182403564,0.6393332481384277,-0.06491342186927795,0.44904521107673645,0.6957442760467529,-0.05803762376308441,0.4480346441268921,0.7152477502822876,-0.04531171917915344,0.40841808915138245,0.6678585410118103,-0.033801570534706116,0.41660621762275696,0.6540933847427368,-0.057103872299194336,0.4258800446987152,0.6924439668655396,-0.05094603821635246,0.42671334743499756,0.7098113894462585,-0.040879324078559875
lead,0.43803834915161133,0.8043432831764221,-1.1641581032506565e-08,0.47778621315956116,0.7918308973312378,-0.032303448766469955,0.5059714317321777,0.7416892051696777,-0.04864974319934845,0.49939844012260437,0.6879940032958984,-0.06246783584356308,0.4754143953323364,0.6490340232849121,-0.07440229505300522,0.5044347047805786,0.6431071758270264,-0.03255899250507355,0.5087704658508301,0.5547456741333008,-0.05544025078415871,0.5084598660469055,0.5025092363357544,-0.06713707000017166,0.5042064189910889,0.45871320366859436,-0.0750565156340599,0.46973204612731934,0.642856776714325,-0.029250578954815865,0.47509369254112244,0.6198336482048035,-0.06377046555280685,0.4743562638759613,0.6810012459754944,-0.06883913278579712,0.47157418727874756,0.7051995396614075,-0.06449007987976074,0.4381521940231323,0.6513419151306152,-0.029555462300777435,0.4431583881378174,0.6387590169906616,-0.06493303179740906,0.4481499493122101,0.6953650712966919,-0.057881422340869904,0.447210431098938,0.7134411334991455,-0.04462519660592079,0.4077361524105072,0.6652100682258606,-0.03261770308017731,0.41574323177337646,0.6531580090522766,-0.056820131838321686,0.4251208007335663,0.6916696429252625,-0.05078656226396561,0.42645901441574097,0.7079431414604187,-0.0404631681740284
lead,0.44046616554260254,0.8060701489448547,1.1089436036115785e-09,0.47907739877700806,0.7907291650772095,-0.031012162566184998,0.5056309103965759,0.7408260703086853,-0.04688090458512306,0.4988130033016205,0.6890894770622253,-0.06041565537452698,0.4761093556880951,0.6500765681266785,-0.07226460427045822,0.5042006373405457,0.6434451937675476,-0.03225802630186081,0.5085246562957764,0.5547465085983276,-0.05486368015408516,0.5086275935173035,0.5014456510543823,-0.06666374951601028,0.5042166709899902,0.4575456380844116,-0.07458607107400894,0.4693925976753235,0.644426167011261,-0.029339656233787537,0.47557443380355835,0.6168493032455444,-0.06325489282608032,0.4751736521720886,0.6779512166976929,-0.06827397644519806,0.47201281785964966,0.7052297592163086,-0.06391976028680801,0.43769553303718567,0.6540006399154663,-0.029832832515239716,0.44194626808166504,0.6390116810798645,-0.06437699496746063,0.44731783866882324,0.6959151029586792,-0.057374827563762665,0.4462973177433014,0.7167270183563232,-0.04423130303621292,0.4069593846797943,0.6689894199371338,-0.03295759856700897,0.4140755832195282,0.653948187828064,-0.05676561966538429,0.4240187704563141,0.6926590204238892,-0.050762761384248734,0.42591020464897156,0.7111945748329163,-0.040536411106586456
lead,0.44176986813545227,0.8047696352005005,1.2977336538710915e-08,0.4789837598800659,0.7898285388946533,-0.03337399289011955,0.5051937699317932,0.7414412498474121,-0.05084367096424103,0.4984053373336792,0.6902470588684082,-0.06552612036466599,0.47753432393074036,0.6486212015151978,-0.07820926606655121,0.5048047304153442,0.6417222023010254,-0.03448857367038727,0.5085099339485168,0.5538077354431152,-0.058286622166633606,0.5077767968177795,0.5013073086738586,-0.07101885229349136,0.503398597240448,0.4573235511779785,-0.07957625389099121,0.470425009727478,0.6421278119087219,-0.030671516433358192,0.4749174118041992,0.6190578937530518,-0.06637197732925415,0.47403672337532043,0.6794570088386536,-0.07233839482069016,0.4715433418750763,0.7057000994682312,-0.06842438876628876,0.43872565031051636,0.6513158679008484,-0.030457498505711555,0.44278043508529663,0.6395847201347351,-0.0662614032626152,0.4478977620601654,0.696012020111084,-0.05944162607192993,0.4478412866592407,0.7153216600418091,-0.04624225199222565,0.408419132232666,0.6656962633132935,-0.03306101635098457,0.4166586697101593,0.6546127796173096,-0.057741910219192505,0.425365686416626,0.6938255429267883,-0.05198442190885544,0.42697861790657043,0.7100398540496826,-0.04166289418935776
lead,0.43921107053756714,0.8053494691848755,-1.311021868843909e-08,0.47834083437919617,0.7915208339691162,-0.030190560966730118,0.505524754524231,0.7421058416366577,-0.04556575417518616,0.4988488554954529,0.6899738311767578,-0.058716610074043274,0.4756770431995392,0.6506606340408325,-0.07016227394342422,0.5039612650871277,0.6434193253517151,-0.031088827177882195,0.5082317590713501,0.5540047883987427,-0.05329460650682449,0.5081720948219299,0.5015096068382263,-0.06490275263786316,0.5040757060050964,0.45754361152648926,-0.0728178545832634,0.4701422452926636,0.6440740823745728,-0.028680551797151566,0.47697100043296814,0.6174200773239136,-0.0627046748995781,0.47598767280578613,0.6777552366256714,-0.06843101233243942,0.47223231196403503,0.7042359709739685,-0.06463781744241714,0.43890246748924255,0.6534040570259094,-0.0295498538762331,0.44479379057884216,0.6386326551437378,-0.06408541649580002,0.4495653808116913,0.6949124336242676,-0.05727032944560051,0.44799456000328064,0.7148146033287048,-0.044333718717098236,0.40875688195228577,0.668580949306488,-0.03294750675559044,0.41677021980285645,0.6534041166305542,-0.05652984231710434,0.425971657037735,0.6918284893035889,-0.050196755677461624,0.4270104765892029,0.7097665667533875,-0.03974107652902603
lead,0.43869948387145996,0.8052622079849243,-1.3538807408508546e-08,0.4787505269050598,0.7920764684677124,-0.031021103262901306,0.5063692927360535,0.740549623966217,-0.04578186199069023,0.5000460147857666,0.6872400045394897,-0.05802624300122261,0.4746894836425781,0.650303304195404,-0.06860405206680298,0.5050671696662903,0.6432600617408752,-0.03132098168134689,0.5093838572502136,0.5541374087333679,-0.05314880236983299,0.5093448758125305,0.5014888048171997,-0.06493008136749268,0.5051510334014893,0.45692166686058044,-0.07315782457590103,0.47079193592071533,0.6440837383270264,-0.028460711240768433,0.4762200713157654,0.6171261072158813,-0.06275282800197601,0.4761846363544464,0.677113950252533,-0.06901815533638,0.472898930311203,0.7061669826507568,-0.06551187485456467,0.4392402768135071,0.6537755727767944,-0.028928274288773537,0.4435986578464508,0.6389516592025757,-0.06383521109819412,0.4487530291080475,0.6953381299972534,-0.05802379921078682,0.4472578763961792,0.716925323009491,-0.04554891958832741,0.4089171886444092,0.6687039136886597,-0.03199721500277519,0.41715699434280396,0.6537477970123291,-0.056010741740465164,0.42577582597732544,0.6920745968818665,-0.05059010908007622,0.4261276423931122,0.7105020880699158,-0.04077368974685669
lead,0.44052374362945557,0.8025599718093872,-2.2941465394055172e-10,0.4791463613510132,0.7884217500686646,-0.030847987160086632,0.5060399174690247,0.7390723824501038,-0.04722435399889946,0.4998020529747009,0.6873272657394409,-0.0613945797085762,0.4755343198776245,0.6500957012176514,-0.07397525757551193,0.5047841668128967,0.6404977440834045,-0.033079229295253754,0.5087571144104004,0.5521553158760071,-0.055823907256126404,0.5086734890937805,0.5003176927566528,-0.06849046051502228,0.5047345757484436,0.45611798763275146,-0.07738374918699265,0.47059082984924316,0.6412889957427979,-0.030625328421592712,0.47539210319519043,0.6179776191711426,-0.06581076979637146,0.47537368535995483,0.6775490641593933,-0.07253655791282654,0.47264114022254944,0.7056572437286377,-0.06957706063985825,0.43913164734840393,0.6511244773864746,-0.03134975582361221,0.4436192512512207,0.6392145752906799,-0.06602322310209274,0.4488697946071625,0.6945452690124512,-0.0597606897354126,0.44792741537094116,0.7163649201393127,-0.04732486978173256,0.40920117497444153,0.6664286851882935,-0.03475063294172287,0.4174050986766815,0.6534760594367981,-0.058635592460632324,0.42629143595695496,0.6916289925575256,-0.053137168288230896,0.42752379179000854,0.7105286121368408,-0.043327149003744125
lead,0.44203147292137146,0.8048825860023499,-1.392496162821999e-08,0.48019444942474365,0.7890400886535645,-0.03109007701277733,0.506904661655426,0.7385916709899902,-0.04672412946820259,0.4996986985206604,0.6869357228279114,-0.059916313737630844,0.4757404625415802,0.649746298789978,-0.07139910757541656,0.5048747062683105,0.6417654156684875,-0.03228191286325455,0.5092042684555054,0.5535534024238586,-0.05505653843283653,0.5090586543083191,0.5011540651321411,-0.0673534944653511,0.5051096677780151,0.45756879448890686,-0.07572750747203827,0.4703828692436218,0.6431346535682678,-0.029509497806429863,0.47644853591918945,0.6168405413627625,-0.06308204680681229,0.47584328055381775,0.6770707368850708,-0.06845265626907349,0.4727609157562256,0.7035078406333923,-0.06474421173334122,0.4388875663280487,0.6529210209846497,-0.03019186668097973,0.44406577944755554,0.6375673413276672,-0.06428299844264984,0.4492640793323517,0.6933819055557251,-0.057406485080718994,0.44805335998535156,0.7137488126754761,-0.04467358812689781,0.4084216058254242,0.6686724424362183,-0.03357714042067528,0.4151099622249603,0.6519175171852112,-0.05689029023051262,0.42528682947158813,0.6894693970680237,-0.05064764618873596,0.42717304825782776,0.7083802819252014,-0.04047754406929016
lead,0.43974927067756653,0.8033777475357056,3.2521239035077087e-09,0.4776771664619446,0.789858341217041,-0.03170948475599289,0.5055403113365173,0.7413736581802368,-0.04846329241991043,0.4995986223220825,0.6893846392631531,-0.06313278526067734,0.47483232617378235,0.6518887877464294,-0.07616455107927322,0.5045313239097595,0.6415306925773621,-0.03175104409456253,0.5084261894226074,0.5529665350914001,-0.05465441942214966,0.5080522894859314,0.5006573796272278,-0.06682859361171722,0.5039514899253845,0.45744848251342773,-0.07502314448356628,0.4702729284763336,0.6425060033798218,-0.028467776253819466,0.4735589921474457,0.6185427904129028,-0.06346233189105988,0.4732615649700165,0.6798264980316162,-0.06898114085197449,0.47175154089927673,0.7063705325126648,-0.06466203927993774,0.43898797035217285,0.6513777375221252,-0.02867409586906433,0.4412577152252197,0.6379773020744324,-0.06359343230724335,0.44668492674827576,0.6945742964744568,-0.05620601773262024,0.44702231884002686,0.7161534428596497,-0.0425356924533844,0.4086311459541321,0.6651361584663391,-0.03165912628173828,0.41446954011917114,0.6510667204856873,-0.05565785616636276,0.42358389496803284,0.6896216869354248,-0.049479685723781586,0.42625656723976135,0.7084214687347412,-0.03878789395093918
lead,0.43900492787361145,0.8046747446060181,4.060779212888832e-10,0.4784238636493683,0.7904120683670044,-0.030148571357131004,0.5053278207778931,0.7403163313865662,-0.04588392749428749,0.4990721046924591,0.6876518130302429,-0.059834517538547516,0.4737085700035095,0.6504011154174805,-0.07230920344591141,0.5039921402931213,0.6432744264602661,-0.03032754361629486,0.5084945559501648,0.5538907647132874,-0.05226882919669151,0.5088247060775757,0.5009186267852783,-0.06418609619140625,0.5048800110816956,0.4568071961402893,-0.07246724516153336,0.46967053413391113,0.6440555453300476,-0.027974961325526237,0.47445613145828247,0.6179373860359192,-0.06259666383266449,0.4744872748851776,0.6776714324951172,-0.06899154186248779,0.4715621769428253,0.7053917050361633,-0.06556324660778046,0.4383184611797333,0.6535108089447021,-0.028845561668276787,0.4420888125896454,0.6370137929916382,-0.06307201087474823,0.4476410746574402,0.6917402744293213,-0.056472741067409515,0.44658535718917847,0.7138345241546631,-0.04369034990668297,0.40799054503440857,0.6681987047195435,-0.032377876341342926,0.4145842492580414,0.6515114307403564,-0.05601333826780319,0.42431455850601196,0.6883438229560852,-0.050241876393556595,0.42644867300987244,0.7076243162155151,-0.04014962539076805
lead,0.44149428606033325,0.8037619590759277,2.0587904714375327e-08,0.478394478559494,0.7881937623023987,-0.031358081847429276,0.5056180357933044,0.7403513789176941,-0.048582468181848526,0.4990159273147583,0.6889051198959351,-0.06374151259660721,0.475242555141449,0.6496173739433289,-0.07729365676641464,0.5046975612640381,0.6402897834777832,-0.032280974090099335,0.5087000727653503,0.5527620315551758,-0.05501504987478256,0.5086321830749512,0.500272810459137,-0.06727005541324615,0.5044295787811279,0.455959677696228,-0.07572180777788162,0.470794677734375,0.6411983370780945,-0.029651055112481117,0.4775954782962799,0.615177571773529,-0.06465373933315277,0.47668835520744324,0.6748174428939819,-0.07117694616317749,0.4730834662914276,0.7027188539505005,-0.06779909133911133,0.4395895302295685,0.6513810753822327,-0.03028949722647667,0.44528892636299133,0.6388884782791138,-0.06556016951799393,0.4496472477912903,0.6938458681106567,-0.059411294758319855,0.4479115605354309,0.7148734927177429,-0.046716898679733276,0.4095228910446167,0.6666308641433716,-0.033515673130750656,0.418413370847702,0.6528036594390869,-0.05775278061628342,0.4268217086791992,0.690528392791748,-0.052141785621643066,0.42791610956192017,0.7084205150604248,-0.04207059368491173
lead,0.44210970401763916,0.8039965629577637,1.1583005665727342e-08,0.4789096415042877,0.7890096306800842,-0.03138218820095062,0.5047222971916199,0.7399764060974121,-0.04806984215974808,0.49837958812713623,0.6887943744659424,-0.06258703023195267,0.47503596544265747,0.6503417491912842,-0.0753549113869667,0.5043420791625977,0.6414244771003723,-0.03294534608721733,0.508362889289856,0.5529108047485352,-0.05578691139817238,0.5078845024108887,0.5010780096054077,-0.06805427372455597,0.5039079189300537,0.45719122886657715,-0.0764499306678772,0.4700542390346527,0.6414651870727539,-0.03002580814063549,0.47478538751602173,0.6181394457817078,-0.06474534422159195,0.47392088174819946,0.6768087148666382,-0.07087714225053787,0.4716646075248718,0.7027080059051514,-0.06750311702489853,0.4383930563926697,0.6504625082015991,-0.03040613792836666,0.4426403343677521,0.6382033228874207,-0.06519492715597153,0.44727909564971924,0.6935100555419922,-0.058505501598119736,0.44681036472320557,0.7142932415008545,-0.04569171741604805,0.40812480449676514,0.6646688580513,-0.033478789031505585,0.4157394468784332,0.6516255140304565,-0.05743904411792755,0.4243909418582916,0.6893467903137207,-0.051617834717035294,0.4263896048069,0.7073020935058594,-0.041409723460674286
lead,0.4391450583934784,0.8035910725593567,-1.2332128207503956e-08,0.4784356355667114,0.7905246019363403,-0.029340477660298347,0.5053533911705017,0.7401290535926819,-0.04409005865454674,0.49843069911003113,0.6881809234619141,-0.05684484913945198,0.4731149971485138,0.6525325775146484,-0.06808434426784515,0.5036459565162659,0.6406892538070679,-0.029885871335864067,0.5076801180839539,0.5528685450553894,-0.05162820219993591,0.5074536800384521,0.5006327629089355,-0.06309018284082413,0.5032292604446411,0.4574732780456543,-0.07084663212299347,0.46968454122543335,0.64169842004776,-0.027568424120545387,0.4758191406726837,0.6149766445159912,-0.061133868992328644,0.4753860831260681,0.675250232219696,-0.06650064140558243,0.47220492362976074,0.702888011932373,-0.06231445074081421,0.4383929371833801,0.6514648199081421,-0.028467755764722824,0.4431385099887848,0.6368486285209656,-0.06273414194583893,0.44825977087020874,0.6928349733352661,-0.05608903989195824,0.4471583068370819,0.7140957713127136,-0.0430486835539341,0.407917320728302,0.6666083335876465,-0.03179825842380524,0.41620320081710815,0.6522156596183777,-0.05489033833146095,0.4253544509410858,0.6900062561035156,-0.04859459400177002,0.4263853430747986,0.7079175710678101,-0.03815862908959389
lead,0.4417097270488739,0.8045870065689087,-6.5494987211422995e-09,0.4789556562900543,0.7884213328361511,-0.02997296117246151,0.5034483671188354,0.7385335564613342,-0.04553428292274475,0.49647337198257446,0.688050389289856,-0.05902867391705513,0.4727173149585724,0.6518868207931519,-0.07081588357686996,0.5037211179733276,0.6412120461463928,-0.031692542135715485,0.508004367351532,0.5525432229042053,-0.05444852635264397,0.5079444646835327,0.49992501735687256,-0.0669277012348175,0.504157543182373,0.45581865310668945,-0.07541270554065704,0.46941155195236206,0.6420171856880188,-0.029283054172992706,0.4744328260421753,0.6161283254623413,-0.06312055140733719,0.4734582006931305,0.6761312484741211,-0.06857115775346756,0.47049689292907715,0.7041062116622925,-0.06482555717229843,0.43749698996543884,0.6514596939086914,-0.030197829008102417,0.443133682012558,0.6365568041801453,-0.06385309249162674,0.44765472412109375,0.6920289397239685,-0.05678104609251022,0.44616901874542236,0.7140204310417175,-0.04388970136642456,0.4066721498966217,0.6669267416000366,-0.033787306398153305,0.4147200286388397,0.6511175632476807,-0.0565795935690403,0.42389771342277527,0.6880866885185242,-0.05035501718521118,0.4252548813819885,0.707200288772583,-0.04015497863292694
lead,0.4363914132118225,0.8057072162628174,-1.9188655997481874e-08,0.476688951253891,0.7912027835845947,-0.030524495989084244,0.5032235980033875,0.7396674752235413,-0.044643282890319824,0.49528151750564575,0.6873490810394287,-0.05629801005125046,0.4725484848022461,0.649716854095459,-0.06605923175811768,0.5034977197647095,0.6428922414779663,-0.028881270438432693,0.5076745748519897,0.5544006824493408,-0.05059018358588219,0.5072354674339294,0.5019153952598572,-0.0623188316822052,0.503078281879425,0.4580514430999756,-0.07030527293682098,0.4698517620563507,0.6432690024375916,-0.025955962017178535,0.474395751953125,0.6160485744476318,-0.05979769304394722,0.4741826355457306,0.6745829582214355,-0.06615500152111053,0.4718549847602844,0.7022164463996887,-0.06254421174526215,0.43855541944503784,0.6520378589630127,-0.026513589546084404,0.4419722855091095,0.6367675065994263,-0.0611390694975853,0.4473514258861542,0.6923413276672363,-0.05548945069313049,0.44726303219795227,0.7127891182899475,-0.0429852269589901,0.40844106674194336,0.6664164066314697,-0.02962190844118595,0.4159999191761017,0.6524264216423035,-0.053252048790454865,0.42462030053138733,0.6908102035522461,-0.04758533090353012,0.4254873991012573,0.7086427211761475,-0.03740284964442253
lead,0.43973758816719055,0.8043804168701172,-5.379399703464571e-11,0.47713702917099,0.7888379693031311,-0.032288990914821625,0.5031028985977173,0.7403420209884644,-0.048638224601745605,0.4961981773376465,0.6891058683395386,-0.06250183284282684,0.4729655683040619,0.651289165019989,-0.0745348408818245,0.5030896663665771,0.6419278383255005,-0.03276876360177994,0.5074507594108582,0.5528137683868408,-0.05568714067339897,0.5074950456619263,0.5002795457839966,-0.06852737814188004,0.5039594769477844,0.45553499460220337,-0.07733490318059921,0.46926888823509216,0.6424641609191895,-0.029426120221614838,0.473193496465683,0.6168603301048279,-0.06440402567386627,0.47244295477867126,0.6761578917503357,-0.07127951830625534,0.47020208835601807,0.705426037311554,-0.06822778284549713,0.43787792325019836,0.6512241363525391,-0.029552221298217773,0.44105857610702515,0.6371415257453918,-0.064100481569767,0.4453426003456116,0.6926724910736084,-0.058311302214860916,0.4446757435798645,0.715474545955658,-0.04594802483916283,0.4080202579498291,0.6658040285110474,-0.032548341900110245,0.4131094515323639,0.6496964693069458,-0.05627231299877167,0.42189693450927734,0.6873964667320251,-0.051071878522634506,0.4241926372051239,0.7079598903656006,-0.04131027311086655
lead,0.4386202096939087,0.8046209216117859,-8.051285860233293e-09,0.47693535685539246,0.7914629578590393,-0.03129319101572037,0.5041509866714478,0.7429153323173523,-0.04722880199551582,0.4965780973434448,0.6901755332946777,-0.060910698026418686,0.4719604551792145,0.651403546333313,-0.07296282798051834,0.5038422346115112,0.6433818340301514,-0.03171653300523758,0.5077567100524902,0.5535284280776978,-0.05400853976607323,0.507446825504303,0.5010786652565002,-0.06627123802900314,0.503667950630188,0.4567180871963501,-0.07473663985729218,0.4696483314037323,0.6433308720588684,-0.028810355812311172,0.47484543919563293,0.6169516444206238,-0.06439410895109177,0.4739658832550049,0.6751115918159485,-0.07201652228832245,0.4705643057823181,0.7051122784614563,-0.0692298412322998,0.4380752146244049,0.6524965763092041,-0.029100827872753143,0.4425337016582489,0.6375732421875,-0.06436384469270706,0.4470885992050171,0.6921587586402893,-0.05903149023652077,0.4460388422012329,0.7152718305587769,-0.046720437705516815,0.4078948497772217,0.6669814586639404,-0.03200436383485794,0.41533708572387695,0.6510466933250427,-0.05641261488199234,0.4240761399269104,0.6882373690605164,-0.0513412244617939,0.4258781373500824,0.7078625559806824,-0.04145338758826256
lead,0.437500536441803,0.8034157752990723,-2.4831301459471433e-09,0.4770607054233551,0.7898401618003845,-0.03074222058057785,0.5035533905029297,0.7404857277870178,-0.04625760018825531,0.4959202706813812,0.6896778345108032,-0.05952930077910423,0.4733400046825409,0.6517411470413208,-0.07116682827472687,0.5038014054298401,0.6412102580070496,-0.031135281547904015,0.5081834197044373,0.5529398918151855,-0.05333460122346878,0.5083658695220947,0.5003540515899658,-0.06578899919986725,0.5047805905342102,0.45639804005622864,-0.07448332011699677,0.4694971740245819,0.6411782503128052,-0.02825961820781231,0.4749942719936371,0.6157734394073486,-0.06294117122888565,0.4736248552799225,0.674626886844635,-0.06984788179397583,0.47006040811538696,0.7039852738380432,-0.066834956407547,0.43785157799720764,0.6506751775741577,-0.028662003576755524,0.44334477186203003,0.6373492479324341,-0.063066266477108,0.4474639892578125,0.6920552253723145,-0.05732569471001625,0.4459853172302246,0.7142212390899658,-0.045142922550439835,0.40722039341926575,0.6657552719116211,-0.0316849984228611,0.416019082069397,0.6525673270225525,-0.05567995458841324,0.42428362369537354,0.6904675364494324,-0.050687842071056366,0.42539873719215393,0.7090482115745544,-0.041135821491479874
lead,0.43957141041755676,0.8049625754356384,-1.9117987193340014e-08,0.47891831398010254,0.7893548011779785,-0.029499787837266922,0.5056672096252441,0.7383111119270325,-0.04377212002873421,0.49702173471450806,0.6871220469474792,-0.055708952248096466,0.47179335355758667,0.6522380709648132,-0.0659864991903305,0.5036810636520386,0.6410382986068726,-0.030462168157100677,0.5079564452171326,0.552930474281311,-0.05227744206786156,0.5081297755241394,0.5004327893257141,-0.06393188238143921,0.5042340159416199,0.45652487874031067,-0.07192223519086838,0.46907269954681396,0.6422760486602783,-0.028305791318416595,0.4760098159313202,0.6146483421325684,-0.06115661561489105,0.4745219349861145,0.674909234046936,-0.06646569818258286,0.47048020362854004,0.7025237083435059,-0.06260223686695099,0.43737542629241943,0.6520102620124817,-0.02946273237466812,0.4425097107887268,0.6375016570091248,-0.06319186836481094,0.44682765007019043,0.6936484575271606,-0.05704716593027115,0.4451195299625397,0.7137663960456848,-0.044701918959617615,0.40669891238212585,0.6676187515258789,-0.03310593217611313,0.4142976999282837,0.652974545955658,-0.05582132935523987,0.4236926734447479,0.6906000971794128,-0.04983285814523697,0.4247916042804718,0.7083277106285095,-0.0399472676217556
lead,0.438302606344223,0.8047543168067932,-7.736108642575346e-09,0.47756227850914,0.7908138036727905,-0.030978769063949585,0.5045831799507141,0.7411341071128845,-0.046847209334373474,0.49826258420944214,0.6888375282287598,-0.060486868023872375,0.4734463095664978,0.6515204310417175,-0.07244886457920074,0.5036709904670715,0.6422365307807922,-0.03195839375257492,0.508133590221405,0.5529945492744446,-0.0548146516084671,0.5081459283828735,0.5004006624221802,-0.0670834332704544,0.5041273236274719,0.45599859952926636,-0.07546311616897583,0.46930453181266785,0.642544686794281,-0.029365232214331627,0.47518932819366455,0.616926372051239,-0.06439525634050369,0.47464680671691895,0.6777176856994629,-0.07059910893440247,0.47127336263656616,0.7053993344306946,-0.06694068014621735,0.43774011731147766,0.6516512036323547,-0.03012528084218502,0.443167507648468,0.6382631063461304,-0.0652497261762619,0.44814661145210266,0.6945254802703857,-0.058860667049884796,0.44661685824394226,0.7157073020935059,-0.04597795009613037,0.40751153230667114,0.6665379405021667,-0.03353797644376755,0.41573020815849304,0.6527588367462158,-0.05750518664717674,0.42477840185165405,0.6910304427146912,-0.05169092118740082,0.4256945848464966,0.70952308177948,-0.04147808998823166
lead,0.4386488199234009,0.8046782612800598,-1.3905937734648433e-08,0.4784931540489197,0.7894366979598999,-0.02888985350728035,0.5045964121818542,0.7393203377723694,-0.043261490762233734,0.4973525106906891,0.6887526512145996,-0.05567903444170952,0.4724208414554596,0.6535706520080566,-0.06658011674880981,0.5034268498420715,0.6425392627716064,-0.030223187059164047,0.5080601572990417,0.5532872080802917,-0.0517825148999691,0.5083373785018921,0.5005512833595276,-0.06365679204463959,0.5046259164810181,0.45623087882995605,-0.07189857214689255,0.4693383574485779,0.6430822610855103,-0.028236044570803642,0.47544461488723755,0.6161608099937439,-0.06178335100412369,0.4745285212993622,0.675148606300354,-0.06784776598215103,0.4710237681865692,0.7045294642448425,-0.064437635242939,0.4377039968967438,0.6525813937187195,-0.02936282753944397,0.4426467716693878,0.6377930045127869,-0.06268300861120224,0.44696351885795593,0.6922328472137451,-0.0565665140748024,0.4454672932624817,0.7145058512687683,-0.044267766177654266,0.40739259123802185,0.6676293015480042,-0.03299061954021454,0.4149293899536133,0.6514632105827332,-0.05531562492251396,0.4237065613269806,0.687877357006073,-0.049375470727682114,0.42499101161956787,0.7070372700691223,-0.039463065564632416
lead,0.43805578351020813,0.803813099861145,-1.7058258805491278e-08,0.4773310422897339,0.7890331149101257,-0.02989671193063259,0.5044533610343933,0.7391181588172913,-0.04462817311286926,0.4960847795009613,0.6886434555053711,-0.05727354809641838,0.4731219410896301,0.6513992547988892,-0.0681631863117218,0.5032747983932495,0.6411175727844238,-0.029797276481986046,0.5079717636108398,0.5526303052902222,-0.05181562900543213,0.507585346698761,0.500566840171814,-0.06405704468488693,0.5037216544151306,0.45680537819862366,-0.07247516512870789,0.4687632918357849,0.6418057680130005,-0.02711617946624756,0.4732547104358673,0.6191374063491821,-0.06113254278898239,0.47219765186309814,0.6786296367645264,-0.06762155890464783,0.46934911608695984,0.7058066725730896,-0.06447357684373856,0.4369753897190094,0.6509777903556824,-0.027715522795915604,0.4408901035785675,0.638154149055481,-0.061677299439907074,0.4454638361930847,0.6937996745109558,-0.055553991347551346,0.4444248378276825,0.7147445678710938,-0.04313181713223457,0.40649038553237915,0.6658825278282166,-0.03088672086596489,0.41391822695732117,0.6513420343399048,-0.05395079404115677,0.4227800667285919,0.689042329788208,-0.048047985881567,0.4241448938846588,0.7075437903404236,-0.037889957427978516
lead,0.4404129981994629,0.8053504824638367,5.841254147043173e-09,0.4783402383327484,0.7888980507850647,-0.030193207785487175,0.5028352737426758,0.7391103506088257,-0.04641285911202431,0.4966481924057007,0.6881362795829773,-0.06072861701250076,0.47219792008399963,0.6514170169830322,-0.07348300516605377,0.5032880306243896,0.6418442726135254,-0.03156575933098793,0.5074478387832642,0.5530040264129639,-0.05406815558671951,0.5080592036247253,0.5001423358917236,-0.06648043543100357,0.5045120120048523,0.4561772048473358,-0.07507669180631638,0.4692493975162506,0.6428990364074707,-0.029447071254253387,0.474952757358551,0.6154468655586243,-0.06403899192810059,0.47460782527923584,0.6751447319984436,-0.07033700495958328,0.4713096618652344,0.7042343020439148,-0.06690610945224762,0.43767452239990234,0.6527389883995056,-0.03057728335261345,0.44263729453086853,0.6372396349906921,-0.06473710387945175,0.4478153586387634,0.691611647605896,-0.05841750651597977,0.44635897874832153,0.7142533659934998,-0.0458688922226429,0.4073195457458496,0.6681745648384094,-0.0343535877764225,0.41471052169799805,0.651959240436554,-0.05792473629117012,0.4242634177207947,0.6889075636863708,-0.052367206662893295,0.42585161328315735,0.7086957097053528,-0.04251958429813385
lead,0.43765488266944885,0.80381840467453,-5.209694897700956e-09,0.4771897792816162,0.7896209359169006,-0.031089112162590027,0.503648579120636,0.739407479763031,-0.04603077098727226,0.49623364210128784,0.6882871985435486,-0.0586683489382267,0.4713819921016693,0.6518625020980835,-0.06961720436811447,0.5023701786994934,0.6424527764320374,-0.03081865981221199,0.5067827701568604,0.5524702668190002,-0.05275500938296318,0.5069254636764526,0.4995638132095337,-0.06477048248052597,0.5030149221420288,0.45541584491729736,-0.0730007216334343,0.46844053268432617,0.6431971788406372,-0.02750755473971367,0.4715718626976013,0.6170077919960022,-0.062072332948446274,0.4714934527873993,0.676564633846283,-0.06839464604854584,0.4696465730667114,0.7057443261146545,-0.06468494981527328,0.43713143467903137,0.6520352959632874,-0.027569107711315155,0.43862098455429077,0.6365575790405273,-0.062207888811826706,0.44433698058128357,0.6928210258483887,-0.05618385970592499,0.44496583938598633,0.7161270976066589,-0.04340701922774315,0.40711355209350586,0.6659204363822937,-0.030301349237561226,0.41194260120391846,0.6507084965705872,-0.05435420200228691,0.4212252199649811,0.689294695854187,-0.04902574047446251,0.4240521192550659,0.7095051407814026,-0.03897079825401306
lead,0.43862631916999817,0.8026009202003479,5.844419614930985e-09,0.4764877259731293,0.7885130047798157,-0.030451064929366112,0.5031042098999023,0.7390714287757874,-0.04633922129869461,0.49557021260261536,0.6888961791992188,-0.06018027663230896,0.47074568271636963,0.6530627608299255,-0.07239516824483871,0.5028296113014221,0.6391317248344421,-0.03172009438276291,0.5073781609535217,0.5505003929138184,-0.054218873381614685,0.5075995326042175,0.49866992235183716,-0.06679600477218628,0.5041167736053467,0.4544130563735962,-0.07558023929595947,0.46848946809768677,0.6392626166343689,-0.029341675341129303,0.4735184609889984,0.6167994737625122,-0.06507514417171478,0.47305527329444885,0.676112174987793,-0.0726003497838974,0.4703136384487152,0.7050582766532898,-0.06990376859903336,0.436752587556839,0.6490214467048645,-0.030080795288085938,0.4409739077091217,0.6382484436035156,-0.06519905477762222,0.44554001092910767,0.6933276057243347,-0.059663109481334686,0.44479209184646606,0.7156974673271179,-0.0473981574177742,0.4065522849559784,0.6645240783691406,-0.03339545428752899,0.4143241345882416,0.6525660753250122,-0.057324279099702835,0.422644704580307,0.6906358003616333,-0.052013859152793884,0.42419275641441345,0.7095758318901062,-0.04213066026568413
lead,0.43752217292785645,0.8052115440368652,-1.8322877437526586e-08,0.47774404287338257,0.7893812656402588,-0.027894483879208565,0.504135251045227,0.7371566891670227,-0.0415419302880764,0.4965527653694153,0.685123860836029,-0.053359255194664,0.47189557552337646,0.6499161124229431,-0.06369438022375107,0.5021736025810242,0.641948938369751,-0.02877633273601532,0.5072603821754456,0.5531371831893921,-0.04999570548534393,0.5077845454216003,0.5009191036224365,-0.061467524617910385,0.5039862990379333,0.4566391706466675,-0.06951569765806198,0.4681483209133148,0.6430715918540955,-0.02748839557170868,0.47692644596099854,0.6148127913475037,-0.06052706390619278,0.4767942726612091,0.6730777025222778,-0.06686817109584808,0.4724173843860626,0.7004778981208801,-0.06381718069314957,0.4364577531814575,0.6532249450683594,-0.029218805953860283,0.4443278908729553,0.6381605863571167,-0.06319279968738556,0.44945815205574036,0.6929450631141663,-0.0576888769865036,0.4470726251602173,0.7133018970489502,-0.04569896683096886,0.4058561623096466,0.6692011952400208,-0.03320397064089775,0.4159599542617798,0.6526997089385986,-0.056116558611392975,0.426111102104187,0.6894128918647766,-0.05017565190792084,0.4270142912864685,0.7077859044075012,-0.040246158838272095
lead,0.4362771213054657,0.803064227104187,-1.4398393588521685e-08,0.4762011766433716,0.7890161871910095,-0.029117116704583168,0.5033794045448303,0.7379043102264404,-0.04360776022076607,0.49624955654144287,0.6872789263725281,-0.056202854961156845,0.46936601400375366,0.6545883417129517,-0.06728068739175797,0.5020353198051453,0.6415907144546509,-0.030615350231528282,0.5067408680915833,0.5518385767936707,-0.05281500890851021,0.5068429112434387,0.5001139640808105,-0.06506382673978806,0.5030707120895386,0.4559669494628906,-0.07352085411548615,0.4674590826034546,0.6413339972496033,-0.028671780601143837,0.47252073884010315,0.6185675859451294,-0.06388520449399948,0.471511572599411,0.6778789162635803,-0.07088202238082886,0.46807897090911865,0.705915093421936,-0.06778272241353989,0.43551117181777954,0.6498495936393738,-0.029812423512339592,0.43956878781318665,0.638390302658081,-0.0644448846578598,0.44413048028945923,0.6939911842346191,-0.059040773659944534,0.4430300295352936,0.7160181403160095,-0.046855080872774124,0.40511947870254517,0.6640022397041321,-0.03345883637666702,0.41314607858657837,0.65294349193573,-0.05669078230857849,0.4217626452445984,0.6905183792114258,-0.05132075771689415,0.4230366349220276,0.7092908024787903,-0.04150177910923958
lead,0.43687716126441956,0.8033505082130432,8.851754884631191e-09,0.4747646749019623,0.7875286340713501,-0.03087906911969185,0.5005588531494141,0.7381067276000977,-0.04751979187130928,0.49385181069374084,0.6883014440536499,-0.0621037594974041,0.4702989459037781,0.6527941823005676,-0.075081005692482,0.5000126957893372,0.6400416493415833,-0.0331246592104435,0.5052297711372375,0.5523098111152649,-0.056442953646183014,0.5055160522460938,0.4996914863586426,-0.06934025138616562,0.501739501953125,0.45602738857269287,-0.07825104892253876,0.4649893045425415,0.6409572958946228,-0.03050675243139267,0.46867066621780396,0.6196886301040649,-0.06530814617872238,0.4685836732387543,0.6799322962760925,-0.0709725096821785,0.4669010043144226,0.705469012260437,-0.06747352331876755,0.4334685802459717,0.6509361267089844,-0.03123960644006729,0.43573373556137085,0.639803946018219,-0.06471161544322968,0.4413081109523773,0.6947408318519592,-0.0569455660879612,0.44159209728240967,0.7152445912361145,-0.044062402099370956,0.403191477060318,0.6668028235435486,-0.034887541085481644,0.4093398451805115,0.6573070287704468,-0.05750301852822304,0.41860517859458923,0.6949411630630493,-0.05119355767965317,0.4209655523300171,0.712310791015625,-0.04115056246519089
lead,0.4354591965675354,0.8037765026092529,-1.6446621842192144e-08,0.47469866275787354,0.7885967493057251,-0.029005330055952072,0.5017369985580444,0.737854540348053,-0.043059054762125015,0.49383795261383057,0.6869833469390869,-0.055068884044885635,0.46704986691474915,0.6525870561599731,-0.06569727510213852,0.49995097517967224,0.6413689255714417,-0.029431330040097237,0.5037405490875244,0.5529389977455139,-0.05083243548870087,0.5039012432098389,0.5012081861495972,-0.06295830011367798,0.5004969239234924,0.4570711851119995,-0.07146485894918442,0.46625688672065735,0.642072319984436,-0.027626780793070793,0.4731503129005432,0.6131340861320496,-0.06175418570637703,0.4728768467903137,0.6710057258605957,-0.0694529265165329,0.46899789571762085,0.7020367980003357,-0.06692692637443542,0.43465542793273926,0.6519289612770081,-0.02882840484380722,0.4403548836708069,0.6366534233093262,-0.06310007721185684,0.4452516436576843,0.6904746890068054,-0.058602869510650635,0.4434894323348999,0.7136269807815552,-0.046971239149570465,0.4042133688926697,0.6673973798751831,-0.03238436579704285,0.4114423394203186,0.650079071521759,-0.05568847060203552,0.42107564210891724,0.6865003705024719,-0.050430431962013245,0.42281535267829895,0.7070420384407043,-0.04070770740509033
lead,0.43490588665008545,0.8013443350791931,1.3622668326718212e-08,0.47220852971076965,0.788556694984436,-0.03172896057367325,0.49853453040122986,0.7398871779441833,-0.04878277704119682,0.4908265471458435,0.6895899176597595,-0.06363331526517868,0.4673207998275757,0.6526951789855957,-0.07685612142086029,0.49843886494636536,0.6391767263412476,-0.03428857401013374,0.5029186606407166,0.5510309934616089,-0.058075252920389175,0.5032769441604614,0.4984592795372009,-0.07130797952413559,0.4998449683189392,0.45476603507995605,-0.0804583728313446,0.46302998065948486,0.639216423034668,-0.031398970633745193,0.46609705686569214,0.6187435388565063,-0.06724943220615387,0.4661424458026886,0.6800161600112915,-0.0733233168721199,0.4647664427757263,0.7072221636772156,-0.06977786868810654,0.43117478489875793,0.6490205526351929,-0.03186879679560661,0.43263542652130127,0.6382507681846619,-0.06642612814903259,0.4386216402053833,0.6934931874275208,-0.05877658352255821,0.43956416845321655,0.7150294184684753,-0.04551131650805473,0.4006823003292084,0.6647149920463562,-0.035249013453722,0.40611883997917175,0.6537326574325562,-0.05894138664007187,0.41557952761650085,0.691322386264801,-0.052838362753391266,0.41861099004745483,0.7090528607368469,-0.04253655672073364
lead,0.43346235156059265,0.8034599423408508,6.904022242792962e-09,0.4723884165287018,0.7886404991149902,-0.0311397947371006,0.49846649169921875,0.7383151650428772,-0.047188177704811096,0.49186739325523376,0.6864354014396667,-0.06108522787690163,0.4660608768463135,0.6519866585731506,-0.07351810485124588,0.4977259039878845,0.6419182419776917,-0.031538739800453186,0.5018584132194519,0.5533819198608398,-0.053788695484399796,0.5024194121360779,0.5003737211227417,-0.06627079844474792,0.4987180531024933,0.45655307173728943,-0.07501153647899628,0.4634742736816406,0.6422958970069885,-0.028546743094921112,0.46790140867233276,0.6154886484146118,-0.06351905316114426,0.46787986159324646,0.6745843887329102,-0.07033088058233261,0.46483492851257324,0.7035583853721619,-0.06708280742168427,0.43219318985939026,0.6515902280807495,-0.028807910159230232,0.43458884954452515,0.6364171504974365,-0.0628192126750946,0.4401877522468567,0.6904318332672119,-0.056719549000263214,0.4396361708641052,0.7133139371871948,-0.04429652541875839,0.40201419591903687,0.6659919023513794,-0.03181508556008339,0.40772581100463867,0.6529144644737244,-0.05515047535300255,0.417263925075531,0.6894128322601318,-0.0498829148709774,0.41968104243278503,0.708335816860199,-0.040212277323007584
lead,0.43204808235168457,0.803497314453125,-1.3811812804576107e-09,0.4717000722885132,0.7896064519882202,-0.029656769707798958,0.498555988073349,0.7392059564590454,-0.04452136904001236,0.4909334182739258,0.6879853010177612,-0.0574130155146122,0.4660588204860687,0.6518620848655701,-0.06878694891929626,0.4981726109981537,0.6417373418807983,-0.029965292662382126,0.5017000436782837,0.5522512793540955,-0.051751576364040375,0.5017505288124084,0.4993901252746582,-0.06387504190206528,0.4980553686618805,0.45502060651779175,-0.07231742143630981,0.4635348618030548,0.6419217586517334,-0.027601424604654312,0.46927493810653687,0.6151197552680969,-0.06262800097465515,0.4685777425765991,0.6740628480911255,-0.0699271410703659,0.4648475646972656,0.7040327191352844,-0.0668826550245285,0.4317103624343872,0.6510809063911438,-0.028348570689558983,0.4364418387413025,0.6366552114486694,-0.06286614388227463,0.4409857988357544,0.6912402510643005,-0.057465944439172745,0.43940311670303345,0.7137632369995117,-0.045225027948617935,0.401092529296875,0.6654531359672546,-0.031598050147295,0.40932029485702515,0.650611162185669,-0.055152833461761475,0.4178733229637146,0.6876803040504456,-0.049896374344825745,0.4190920293331146,0.7065260410308838,-0.040103863924741745
lead,0.4314159154891968,0.8020449876785278,-3.2340641276107363e-09,0.4706026017665863,0.7881956100463867,-0.03009827807545662,0.49782872200012207,0.7400692701339722,-0.04558703675866127,0.4902012348175049,0.6899114847183228,-0.05909470096230507,0.4664580523967743,0.6527420282363892,-0.07106931507587433,0.49798789620399475,0.640472412109375,-0.03018845245242119,0.502143919467926,0.5523648858070374,-0.05240873247385025,0.502286970615387,0.4997638463973999,-0.0646912008523941,0.49859675765037537,0.4558839201927185,-0.07319312542676926,0.46325433254241943,0.6406976580619812,-0.027621949091553688,0.4677152931690216,0.6150138974189758,-0.06273088604211807,0.46676042675971985,0.6749359369277954,-0.06974810361862183,0.46378225088119507,0.7037465572357178,-0.06650423258543015,0.43158668279647827,0.6502700448036194,-0.028255512937903404,0.43419113755226135,0.6369006633758545,-0.06269808113574982,0.4386799931526184,0.6915428638458252,-0.05690764635801315,0.4380851984024048,0.7124364972114563,-0.044539641588926315,0.40085217356681824,0.6650286912918091,-0.031463563442230225,0.40708309412002563,0.6526862382888794,-0.05501515418291092,0.41573166847229004,0.6902655363082886,-0.049747008830308914,0.4179754853248596,0.7075079679489136,-0.0399971604347229
lead,0.4340865910053253,0.8027334213256836,-1.8544033864031917e-08,0.4721451699733734,0.7867363691329956,-0.028643468394875526,0.4978913366794586,0.7364592552185059,-0.04256948083639145,0.48920220136642456,0.6873096823692322,-0.05444065108895302,0.46415242552757263,0.6541759967803955,-0.06478621065616608,0.4970761239528656,0.640849232673645,-0.030410893261432648,0.5014360547065735,0.5512763261795044,-0.05224784091114998,0.5018622875213623,0.49903273582458496,-0.06468316912651062,0.49854615330696106,0.45433491468429565,-0.07338414341211319,0.4628992974758148,0.6413441896438599,-0.028562331572175026,0.46900027990341187,0.6150202751159668,-0.06271189451217651,0.4682944118976593,0.67337566614151,-0.06998217850923538,0.46441230177879333,0.703610897064209,-0.06741499155759811,0.4312884509563446,0.6508455276489258,-0.0297042615711689,0.4360100030899048,0.6363873481750488,-0.06315071880817413,0.4405325651168823,0.6905320882797241,-0.058028485625982285,0.4391303062438965,0.7130907773971558,-0.04635763168334961,0.4009864628314972,0.6663382649421692,-0.03330518305301666,0.4074823260307312,0.6499908566474915,-0.05571722611784935,0.4170922636985779,0.6860934495925903,-0.05024584010243416,0.4193171560764313,0.705649197101593,-0.04062611982226372
lead,0.4318757653236389,0.8031603097915649,-1.162018303801915e-08,0.4711238145828247,0.7885802388191223,-0.02961127646267414,0.49792563915252686,0.7388270497322083,-0.04417838156223297,0.49053531885147095,0.6889346837997437,-0.056755200028419495,0.46514537930488586,0.6539220809936523,-0.06782310456037521,0.4970282316207886,0.641050398349762,-0.0297413133084774,0.5012574791908264,0.551954448223114,-0.05151874199509621,0.5011457800865173,0.49972835183143616,-0.06397630274295807,0.49757659435272217,0.4558757245540619,-0.07272353023290634,0.46286606788635254,0.6414706110954285,-0.027178490534424782,0.4665514826774597,0.616352379322052,-0.061637647449970245,0.4662860631942749,0.6746146082878113,-0.06896801292896271,0.4640107750892639,0.7031488418579102,-0.06634484976530075,0.43142440915107727,0.6507030725479126,-0.027757080271840096,0.43394923210144043,0.6360937356948853,-0.06134192645549774,0.43935564160346985,0.6898888945579529,-0.05578521266579628,0.43928006291389465,0.7120344638824463,-0.04388373717665672,0.40111541748046875,0.6652665734291077,-0.030946556478738785,0.4067800045013428,0.6510974168777466,-0.05392993986606598,0.41604921221733093,0.6875303387641907,-0.04867315664887428,0.4186609983444214,0.706265926361084,-0.039065659046173096
lead,0.43236416578292847,0.7998868823051453,1.2642892066594413e-08,0.4703790545463562,0.7865734100341797,-0.030843092128634453,0.49651139974594116,0.7382932901382446,-0.04767951741814613,0.4890633523464203,0.689761221408844,-0.06257817149162292,0.4661908745765686,0.6530680060386658,-0.07602303475141525,0.49663472175598145,0.6367422938346863,-0.03321703523397446,0.5008068084716797,0.5488182306289673,-0.05642387270927429,0.5006959438323975,0.4969942271709442,-0.06987258791923523,0.4968956410884857,0.4531291425228119,-0.07946319133043289,0.4618241786956787,0.6375232338905334,-0.03077160380780697,0.46330875158309937,0.6198089122772217,-0.06818973273038864,0.4638091027736664,0.6798855662345886,-0.07636450231075287,0.4627983272075653,0.7084704637527466,-0.07405708730220795,0.4301626980304718,0.6483983993530273,-0.0313696525990963,0.42947906255722046,0.6407968997955322,-0.06668663024902344,0.43570780754089355,0.6956568360328674,-0.060331255197525024,0.4374513626098633,0.7178314328193665,-0.04784822836518288,0.40001654624938965,0.6643965244293213,-0.03473613038659096,0.40375253558158875,0.6577580571174622,-0.05908578261733055,0.41255807876586914,0.6966399550437927,-0.05377406254410744,0.4163951873779297,0.7144064903259277,-0.04390984773635864
lead,0.4344066381454468,0.8035995960235596,-3.3114913033926996e-09,0.47271451354026794,0.787036657333374,-0.030654562637209892,0.49827760457992554,0.7358669638633728,-0.04566995054483414,0.4899245798587799,0.685945987701416,-0.05814560875296593,0.4640834331512451,0.6524892449378967,-0.06888933479785919,0.49660325050354004,0.6403103470802307,-0.032365091145038605,0.5008072257041931,0.5508580803871155,-0.05481184273958206,0.5012924075126648,0.4987703263759613,-0.06721024215221405,0.4976978302001953,0.4547390341758728,-0.0756554827094078,0.4622935354709625,0.6416342854499817,-0.029724571853876114,0.46906864643096924,0.6132563352584839,-0.06371696293354034,0.4689703583717346,0.6723965406417847,-0.06998778134584427,0.46521538496017456,0.7011976838111877,-0.06662438809871674,0.4303815960884094,0.6508849263191223,-0.030368026345968246,0.4352436661720276,0.635475218296051,-0.06438039988279343,0.44050532579421997,0.6909384727478027,-0.05863979458808899,0.43904709815979004,0.712622880935669,-0.04640714079141617,0.39976370334625244,0.6656765937805176,-0.033591378480196,0.4073139727115631,0.6497585773468018,-0.056198012083768845,0.416908860206604,0.6872470378875732,-0.050107985734939575,0.41789522767066956,0.7065373659133911,-0.040031030774116516
lead,0.4321728050708771,0.8022546768188477,-2.2651651665483996e-09,0.4711809456348419,0.7880654335021973,-0.029995718970894814,0.49690476059913635,0.7380324602127075,-0.04511553794145584,0.48922502994537354,0.686772882938385,-0.05825873091816902,0.464120477437973,0.6506739258766174,-0.06994287669658661,0.4961508810520172,0.6419753432273865,-0.03104664757847786,0.5000178217887878,0.5515967011451721,-0.052902642637491226,0.5004397630691528,0.49944859743118286,-0.06517048180103302,0.4971492290496826,0.455466091632843,-0.07379945367574692,0.4619213342666626,0.6423193216323853,-0.02848687209188938,0.4655924439430237,0.6149448156356812,-0.06375563889741898,0.4660947620868683,0.6730355024337769,-0.07138068228960037,0.46370208263397217,0.7036977410316467,-0.0687456727027893,0.4304487109184265,0.6518388390541077,-0.02894440107047558,0.43291741609573364,0.6360689997673035,-0.06320472806692123,0.438717246055603,0.6895139813423157,-0.05775901675224304,0.4386216998100281,0.7132238745689392,-0.045701418071985245,0.40029585361480713,0.6664323806762695,-0.031971633434295654,0.4056399464607239,0.6509946584701538,-0.055620111525058746,0.4153773784637451,0.6872760653495789,-0.050627756863832474,0.41857123374938965,0.7069545388221741,-0.04103943705558777
lead,0.43311402201652527,0.8012047410011292,6.325580947930121e-09,0.47083789110183716,0.7872626781463623,-0.031412143260240555,0.4966314136981964,0.7372061610221863,-0.04687654599547386,0.4878194332122803,0.6862246990203857,-0.05982610955834389,0.46505680680274963,0.6486582159996033,-0.07098764926195145,0.496280312538147,0.6400059461593628,-0.03227934613823891,0.5002049803733826,0.5505878925323486,-0.05488540977239609,0.5000873804092407,0.4981256127357483,-0.06732189655303955,0.49617356061935425,0.4538840651512146,-0.07598011940717697,0.4619019031524658,0.6403353810310364,-0.029195668175816536,0.4659290015697479,0.6151660680770874,-0.06423529982566833,0.46581920981407166,0.6748468279838562,-0.0709494948387146,0.46370071172714233,0.7026130557060242,-0.06774388998746872,0.430277556180954,0.6497421264648438,-0.02944270335137844,0.4327787458896637,0.6367987990379333,-0.06433181464672089,0.43822091817855835,0.6924886107444763,-0.05835350230336189,0.4383152425289154,0.7135481834411621,-0.045878779143095016,0.39982056617736816,0.6646971702575684,-0.03236905857920647,0.40589648485183716,0.6524292230606079,-0.05659618601202965,0.41538673639297485,0.6906924247741699,-0.05135935917496681,0.4179985821247101,0.70871502161026,-0.04153667390346527
lead,0.4320436418056488,0.8020482063293457,1.0843880238198267e-09,0.47043249011039734,0.7878282070159912,-0.030199939385056496,0.49708789587020874,0.7377817630767822,-0.045950330793857574,0.4887709617614746,0.6857681274414062,-0.05957075580954552,0.46420818567276,0.648978054523468,-0.07162001729011536,0.4955364763736725,0.6398198008537292,-0.031428221613168716,0.499529093503952,0.5511212348937988,-0.05381808429956436,0.49965807795524597,0.4990062117576599,-0.06612224131822586,0.49608364701271057,0.4552493095397949,-0.07476364076137543,0.4608873426914215,0.6402297616004944,-0.029010819271206856,0.4670974314212799,0.6150206327438354,-0.06298916786909103,0.4669880270957947,0.6744730472564697,-0.06916949898004532,0.46389228105545044,0.7008656859397888,-0.06606568396091461,0.42918574810028076,0.6499261856079102,-0.029799729585647583,0.43414610624313354,0.636305034160614,-0.06364616006612778,0.4394594430923462,0.6909879446029663,-0.05703211575746536,0.43822866678237915,0.7115545272827148,-0.044658999890089035,0.3984374701976776,0.6655023694038391,-0.03319889307022095,0.40574440360069275,0.6522107124328613,-0.056651681661605835,0.41546082496643066,0.6896190643310547,-0.05082975700497627,0.41711950302124023,0.7077891826629639,-0.040926117449998856
lead,0.4307655096054077,0.7997870445251465,1.1728841897706843e-08,0.4690713882446289,0.786645770072937,-0.030743341892957687,0.4952147305011749,0.7387791275978088,-0.04705888405442238,0.4875701069831848,0.6896005868911743,-0.06120127812027931,0.4638194143772125,0.6537779569625854,-0.07377427816390991,0.4952189028263092,0.638327956199646,-0.03245842456817627,0.4991062879562378,0.5500493049621582,-0.05527806654572487,0.49931275844573975,0.49787279963493347,-0.06804782897233963,0.49560102820396423,0.4543718695640564,-0.07688982784748077,0.4608165919780731,0.6384885907173157,-0.02986329048871994,0.46748805046081543,0.6135252118110657,-0.06496845185756683,0.46667182445526123,0.6721920967102051,-0.0719292014837265,0.4630752503871918,0.7002779841423035,-0.0689411535859108,0.42920950055122375,0.6480432152748108,-0.030466165393590927,0.43419572710990906,0.6367202997207642,-0.06474151462316513,0.4387260377407074,0.6904979944229126,-0.058835405856370926,0.43738245964050293,0.7117248177528381,-0.04662629961967468,0.3987125754356384,0.6630685329437256,-0.03372301533818245,0.40595319867134094,0.6514769792556763,-0.05707630142569542,0.4150174856185913,0.6881797909736633,-0.051672156900167465,0.4170941412448883,0.7059314250946045,-0.04193438962101936
lead,0.4288595914840698,0.803514838218689,1.1593590087954908e-08,0.4684164524078369,0.7888333797454834,-0.032049719244241714,0.49457356333732605,0.7375448346138,-0.047997117042541504,0.4866073727607727,0.6868229508399963,-0.06145330145955086,0.4622170329093933,0.6505633592605591,-0.07329671084880829,0.49351316690444946,0.6410518884658813,-0.03261027857661247,0.4978075623512268,0.5520402193069458,-0.05549395829439163,0.4982570707798004,0.4987407624721527,-0.0685691237449646,0.4945308566093445,0.4542594254016876,-0.07775528728961945,0.45884963870048523,0.6424229741096497,-0.02930362895131111,0.4630551040172577,0.615453839302063,-0.06486427038908005,0.4638461470603943,0.6755441427230835,-0.07200885564088821,0.46169617772102356,0.7051389813423157,-0.06904669851064682,0.4271048903465271,0.6523793935775757,-0.02938227169215679,0.42945200204849243,0.6370242238044739,-0.06434956192970276,0.4358440935611725,0.6924748420715332,-0.05834513157606125,0.4359203577041626,0.7155594229698181,-0.0458681657910347,0.3965456485748291,0.667497992515564,-0.032236743718385696,0.402660071849823,0.6527748703956604,-0.0567084401845932,0.41307348012924194,0.6910351514816284,-0.05152222514152527,0.41584914922714233,0.7106361985206604,-0.041778452694416046
lead,0.42839163541793823,0.8045200109481812,-2.0815667411966388e-08,0.4683931767940521,0.7896832227706909,-0.028708945959806442,0.4944112300872803,0.7389305830001831,-0.04217814654111862,0.4865264296531677,0.6890330910682678,-0.053487975150346756,0.46240758895874023,0.6540719270706177,-0.06330248713493347,0.4939981698989868,0.6428009271621704,-0.02960524894297123,0.4982094168663025,0.5524680018424988,-0.05074404925107956,0.49860915541648865,0.4993167817592621,-0.06251199543476105,0.4949057102203369,0.4545971155166626,-0.0707126036286354,0.4601666331291199,0.6439846754074097,-0.02762637846171856,0.4667362570762634,0.613006591796875,-0.06116550788283348,0.466184139251709,0.6711330413818359,-0.06817518174648285,0.4622977674007416,0.7019732594490051,-0.06527568399906158,0.42851153016090393,0.6536836624145508,-0.028663305565714836,0.4337865114212036,0.6365153193473816,-0.062183018773794174,0.43849310278892517,0.6909208297729492,-0.0571746863424778,0.4368428885936737,0.7135004997253418,-0.04545503109693527,0.3978765606880188,0.6688852310180664,-0.032089509069919586,0.4046018421649933,0.6511915922164917,-0.054920706897974014,0.41435933113098145,0.6878918409347534,-0.04954170808196068,0.41625019907951355,0.7076898813247681,-0.03990313410758972
lead,0.4267590641975403,0.8033908605575562,1.4797905123486998e-08,0.4666704833507538,0.7904903888702393,-0.032789360731840134,0.49361640214920044,0.7413519024848938,-0.04968985542654991,0.48642945289611816,0.6895911693572998,-0.06412582099437714,0.46197083592414856,0.6534538269042969,-0.07697419077157974,0.4934453070163727,0.6409918069839478,-0.033509835600852966,0.4980633854866028,0.5529038906097412,-0.05723213776946068,0.498392254114151,0.49907195568084717,-0.07060667127370834,0.4943259358406067,0.4549364447593689,-0.07978735864162445,0.4582534730434418,0.6416149735450745,-0.029847536236047745,0.46092334389686584,0.6179571747779846,-0.06587356328964233,0.46109265089035034,0.6788411736488342,-0.07237950712442398,0.4595543444156647,0.7078146934509277,-0.06870032846927643,0.4264683425426483,0.6514425277709961,-0.029741384088993073,0.42649295926094055,0.6409955620765686,-0.0647568628191948,0.43253302574157715,0.6962211728096008,-0.058452900499105453,0.4336448311805725,0.7181559205055237,-0.04567968100309372,0.3959575593471527,0.6662800312042236,-0.032581981271505356,0.4001915156841278,0.6578056216239929,-0.05654917284846306,0.40974360704421997,0.6955864429473877,-0.05151108652353287,0.41318970918655396,0.7133001685142517,-0.04188567027449608
lead,0.42877209186553955,0.8065099120140076,-1.4550743721031267e-08,0.4675692617893219,0.7906656861305237,-0.028212785720825195,0.49335795640945435,0.7397972941398621,-0.04264137148857117,0.48589280247688293,0.6894214749336243,-0.05550209432840347,0.4619795083999634,0.6534213423728943,-0.06701713800430298,0.4935806691646576,0.6438831686973572,-0.028523031622171402,0.49762198328971863,0.5538924932479858,-0.050028566271066666,0.4979636073112488,0.5007784366607666,-0.06250864267349243,0.4942542016506195,0.45618903636932373,-0.07129262387752533,0.4593107998371124,0.6446961760520935,-0.026782620698213577,0.464759886264801,0.6167657971382141,-0.06159953773021698,0.46443748474121094,0.6756009459495544,-0.06947924941778183,0.4609268307685852,0.7064709663391113,-0.06697948276996613,0.427636057138443,0.6542022824287415,-0.02792147733271122,0.43197202682495117,0.6377628445625305,-0.061831034719944,0.43694543838500977,0.6923031210899353,-0.056377287954092026,0.4357566833496094,0.7163351774215698,-0.0442495234310627,0.3969894051551819,0.668906033039093,-0.03146067634224892,0.40342482924461365,0.6516333818435669,-0.054765913635492325,0.41291362047195435,0.6893327832221985,-0.049166273325681686,0.4153767228126526,0.7105684280395508,-0.039117541164159775
lead,0.42883825302124023,0.8050358295440674,3.779990098706776e-09,0.4672715365886688,0.7905205488204956,-0.03125578537583351,0.49283528327941895,0.7421796917915344,-0.04810674116015434,0.4854874610900879,0.6922346353530884,-0.06303521990776062,0.461099237203598,0.6564253568649292,-0.07657648622989655,0.49318236112594604,0.6425724029541016,-0.03276161476969719,0.49741804599761963,0.5539088845252991,-0.056074123829603195,0.4977847635746002,0.5007636547088623,-0.06967183947563171,0.4943605363368988,0.4560238718986511,-0.07922568172216415,0.4584927260875702,0.6433345675468445,-0.03011639043688774,0.4629286527633667,0.6179706454277039,-0.06670580059289932,0.463300883769989,0.6772934794425964,-0.074998639523983,0.4606926441192627,0.7077165842056274,-0.07272715866565704,0.42697054147720337,0.653619647026062,-0.030601272359490395,0.42960497736930847,0.6389008164405823,-0.06567878276109695,0.4351113438606262,0.6928430795669556,-0.060231324285268784,0.4346788227558136,0.7168585062026978,-0.04809677228331566,0.39685219526290894,0.6693995594978333,-0.03383549675345421,0.4012477397918701,0.6542236804962158,-0.05834648758172989,0.4113166332244873,0.6908729672431946,-0.05360154062509537,0.4151930510997772,0.7113125920295715,-0.04407081380486488
lead,0.4274700880050659,0.8054085969924927,-5.327029040103071e-09,0.4677320122718811,0.7927023768424988,-0.03120960295200348,0.4943515360355377,0.7422894835472107,-0.04643411561846733,0.48626214265823364,0.6920828819274902,-0.05917765572667122,0.4611441493034363,0.657913327217102,-0.07038459181785583,0.49322640895843506,0.6433779001235962,-0.03272630646824837,0.4973732829093933,0.5533294677734375,-0.05579300597310066,0.4973621964454651,0.5004010200500488,-0.06913573294878006,0.49327385425567627,0.45578643679618835,-0.07843101769685745,0.4584285318851471,0.6442285180091858,-0.029657941311597824,0.46290844678878784,0.6182557940483093,-0.06589263677597046,0.46282830834388733,0.6782845854759216,-0.07374395430088043,0.45995157957077026,0.7090794444084167,-0.07105394452810287,0.42645812034606934,0.653868556022644,-0.029796821996569633,0.4289076030254364,0.6396957039833069,-0.06515024602413177,0.43453460931777954,0.6958882212638855,-0.059936732053756714,0.43463870882987976,0.7197609543800354,-0.04776833951473236,0.39578452706336975,0.6689742803573608,-0.032579220831394196,0.4016062319278717,0.656783401966095,-0.0572265088558197,0.4114154577255249,0.6957365274429321,-0.05247582495212555,0.41459327936172485,0.7156972289085388,-0.04288110136985779
lead,0.42633071541786194,0.8057514429092407,8.96161278518548e-09,0.46621593832969666,0.7913184762001038,-0.03109770268201828,0.49389854073524475,0.7418603897094727,-0.047113146632909775,0.4854944944381714,0.6913394331932068,-0.06102968007326126,0.4611586332321167,0.6553421020507812,-0.0733414962887764,0.49250108003616333,0.6434297561645508,-0.03164328262209892,0.4967306852340698,0.5534486770629883,-0.0545719750225544,0.49715232849121094,0.5002191662788391,-0.06767835468053818,0.49351736903190613,0.4554390013217926,-0.07677426934242249,0.4573594331741333,0.6431186199188232,-0.028784792870283127,0.4631143808364868,0.6183410286903381,-0.06519567221403122,0.4629475176334381,0.6773673295974731,-0.07331496477127075,0.45959287881851196,0.7075141668319702,-0.07072638720273972,0.4255487322807312,0.652208149433136,-0.02910737693309784,0.4298552870750427,0.6393437385559082,-0.0640302523970604,0.4347447156906128,0.693253755569458,-0.05877170339226723,0.43384331464767456,0.7161253690719604,-0.04664909839630127,0.3953639268875122,0.6668243408203125,-0.03214062377810478,0.40224817395210266,0.6543552279472351,-0.056047577410936356,0.41160523891448975,0.6910877227783203,-0.05115979537367821,0.41439390182495117,0.7097208499908447,-0.041508086025714874
lead,0.42681801319122314,0.8057845830917358,-8.29872348617755e-09,0.46759796142578125,0.7905029058456421,-0.029285326600074768,0.4932502806186676,0.73964524269104,-0.043649736791849136,0.48466745018959045,0.6899967193603516,-0.05610528588294983,0.4616136848926544,0.6554207801818848,-0.06700541824102402,0.4927772879600525,0.6440762281417847,-0.02976168319582939,0.49720391631126404,0.553488552570343,-0.051819588989019394,0.4978031516075134,0.5005925893783569,-0.06431341916322708,0.4942303001880646,0.45608460903167725,-0.07295072078704834,0.45812827348709106,0.6450534462928772,-0.027446022257208824,0.4629059433937073,0.6175607442855835,-0.06226117163896561,0.46368178725242615,0.6764748096466064,-0.06959152966737747,0.4611581563949585,0.7061631679534912,-0.06673599779605865,0.4264005124568939,0.6543154120445251,-0.028254322707653046,0.4299435019493103,0.6388148665428162,-0.06226835399866104,0.4358254075050354,0.6941323280334473,-0.05663208290934563,0.43545764684677124,0.7173317670822144,-0.044358979910612106,0.39589983224868774,0.6691136956214905,-0.03161889314651489,0.4025779366493225,0.6539257764816284,-0.05479801073670387,0.4122507572174072,0.6918032169342041,-0.04930635169148445,0.41443121433258057,0.7119390964508057,-0.03939521685242653
lead,0.4276579022407532,0.8040910959243774,-1.3089909600694227e-08,0.4671148657798767,0.7899938821792603,-0.02978387102484703,0.49380823969841003,0.7404493093490601,-0.044992849230766296,0.48615187406539917,0.6900912523269653,-0.05812622234225273,0.4625312387943268,0.6545493006706238,-0.06969016790390015,0.49305278062820435,0.6413377523422241,-0.031192665919661522,0.49783626198768616,0.552608847618103,-0.05363446846604347,0.4981525242328644,0.5005077719688416,-0.06606818735599518,0.49446094036102295,0.4562034010887146,-0.07470261305570602,0.4588880240917206,0.6415079832077026,-0.028962522745132446,0.4643016755580902,0.6166350841522217,-0.06399808079004288,0.4639005959033966,0.6763340830802917,-0.07112320512533188,0.46094462275505066,0.70517498254776,-0.0682653859257698,0.42742377519607544,0.650873064994812,-0.029824014753103256,0.4317462742328644,0.6379939317703247,-0.06460873782634735,0.43676671385765076,0.6941702961921692,-0.058930668979883194,0.4363327920436859,0.716931939125061,-0.04669912904500961,0.39728227257728577,0.6664868593215942,-0.033215299248695374,0.4043097496032715,0.6545740365982056,-0.05731593072414398,0.41380026936531067,0.6942257881164551,-0.052007030695676804,0.4162138104438782,0.7145239114761353,-0.04216015338897705
lead,0.42839279770851135,0.8047547936439514,7.385611233701184e-09,0.4673905372619629,0.7902014255523682,-0.03133255988359451,0.4939001202583313,0.7414003014564514,-0.04758167639374733,0.48601678013801575,0.6914210915565491,-0.06167244538664818,0.4602702260017395,0.6575914621353149,-0.0742378681898117,0.49273571372032166,0.6422169208526611,-0.0326688326895237,0.49735385179519653,0.5533789992332458,-0.055997084826231,0.4978150725364685,0.5004868507385254,-0.06947214156389236,0.49397367238998413,0.4564591348171234,-0.07891156524419785,0.457665354013443,0.6426796317100525,-0.029730530455708504,0.4599919617176056,0.6189984679222107,-0.06566742807626724,0.4607531726360321,0.6784554123878479,-0.07294846326112747,0.45903709530830383,0.7071986794471741,-0.07020003348588943,0.4260252118110657,0.6525083780288696,-0.030128229409456253,0.42698943614959717,0.6398139595985413,-0.06440793722867966,0.43317946791648865,0.6933875679969788,-0.05852654203772545,0.4337436258792877,0.7155073285102844,-0.0465044230222702,0.3957972824573517,0.6679272651672363,-0.03340954706072807,0.39989572763442993,0.6575754880905151,-0.05701574683189392,0.40987667441368103,0.6939016580581665,-0.05226359888911247,0.41357070207595825,0.711997389793396,-0.04308432340621948
lead,0.4281669557094574,0.8039736747741699,8.070356827261094e-09,0.4670599102973938,0.7913897633552551,-0.03102227672934532,0.4937329590320587,0.742678165435791,-0.04723777994513512,0.4858948588371277,0.6931119561195374,-0.06121586263179779,0.45999255776405334,0.6589069366455078,-0.07360657304525375,0.49297112226486206,0.6420770883560181,-0.032646190375089645,0.49755772948265076,0.5533403158187866,-0.055693890899419785,0.4986836314201355,0.5011224746704102,-0.06848838925361633,0.49574926495552063,0.45708388090133667,-0.07733181864023209,0.45862969756126404,0.641284167766571,-0.02985633909702301,0.46350935101509094,0.6172836422920227,-0.06584776937961578,0.4633577764034271,0.6766369938850403,-0.07306738197803497,0.4603751003742218,0.7057231664657593,-0.07002119719982147,0.4271925389766693,0.6503936648368835,-0.030257951468229294,0.43057331442832947,0.6404447555541992,-0.06529296189546585,0.43579643964767456,0.6949636340141296,-0.059552472084760666,0.43557295203208923,0.7167094945907593,-0.047176383435726166,0.3971453607082367,0.6650040745735168,-0.03330781310796738,0.4041461944580078,0.6559134721755981,-0.056962739676237106,0.412788063287735,0.6937071681022644,-0.05165718495845795,0.41477593779563904,0.7112203240394592,-0.04187241569161415
lead,0.4264213740825653,0.8072543740272522,5.755200205292965e-10,0.4663020670413971,0.7945002317428589,-0.031772445887327194,0.4935445189476013,0.7444047927856445,-0.04787253960967064,0.48619768023490906,0.6930277943611145,-0.06135670840740204,0.4602107107639313,0.6595118045806885,-0.0731402263045311,0.49319034814834595,0.6465076804161072,-0.03442100062966347,0.4985607862472534,0.5562993288040161,-0.05832745134830475,0.4994908273220062,0.5027779340744019,-0.07142506539821625,0.4956701993942261,0.4578925669193268,-0.08036483824253082,0.45819616317749023,0.6464895606040955,-0.03141491487622261,0.4635201394557953,0.6193248629570007,-0.06700259447097778,0.4630068242549896,0.6806687116622925,-0.07289188355207443,0.45968422293663025,0.7084075212478638,-0.06899049878120422,0.4264235496520996,0.6549192667007446,-0.031806714832782745,0.42980891466140747,0.6413727402687073,-0.06672781705856323,0.43520066142082214,0.6981300115585327,-0.059649113565683365,0.4346068501472473,0.7194199562072754,-0.046492114663124084,0.39599525928497314,0.6691007614135742,-0.03500528261065483,0.40349793434143066,0.6587270498275757,-0.0584198497235775,0.4126274585723877,0.6977987289428711,-0.05209902301430702,0.41392964124679565,0.7156937718391418,-0.041749000549316406
lead,0.42515331506729126,0.8063086867332458,-1.2458996501152342e-08,0.4657074511051178,0.7946803569793701,-0.03025141917169094,0.493152379989624,0.7451042532920837,-0.04563667252659798,0.48589298129081726,0.6939470171928406,-0.05885661393404007,0.46155649423599243,0.6590298414230347,-0.07050304859876633,0.4933527112007141,0.6458868384361267,-0.03208174183964729,0.49853748083114624,0.5552736520767212,-0.05510043725371361,0.4994257986545563,0.5018089413642883,-0.06759478151798248,0.496053010225296,0.4574454128742218,-0.07607689499855042,0.45854005217552185,0.6455405354499817,-0.029478050768375397,0.46310821175575256,0.6201650500297546,-0.06488116085529327,0.4616378843784332,0.6811622381210327,-0.07100321352481842,0.4587459862232208,0.709386944770813,-0.06714465469121933,0.42673489451408386,0.6536973714828491,-0.03011264279484749,0.42968660593032837,0.6400125026702881,-0.06512084603309631,0.43399110436439514,0.6969639658927917,-0.05833335220813751,0.43379145860671997,0.7189099192619324,-0.04516471549868584,0.3959949016571045,0.6675308346748352,-0.033343154937028885,0.40251147747039795,0.654981255531311,-0.05719294771552086,0.4107022285461426,0.6944093108177185,-0.05111012980341911,0.41261550784111023,0.7131026983261108,-0.0406668521463871
lead,0.42697012424468994,0.8071741461753845,9.014054391798254e-09,0.46555382013320923,0.7938228249549866,-0.03214555233716965,0.4916296899318695,0.7460052967071533,-0.04959254711866379,0.48622435331344604,0.6971315741539001,-0.06456631422042847,0.46242785453796387,0.662854015827179,-0.07786273956298828,0.4924141764640808,0.643234372138977,-0.035580892115831375,0.49808526039123535,0.5560889840126038,-0.0599588118493557,0.49981433153152466,0.5034880638122559,-0.07350655645132065,0.4970260262489319,0.459496408700943,-0.08287545293569565,0.4572303295135498,0.6434692740440369,-0.03297177702188492,0.46342307329177856,0.6214120388031006,-0.0685129165649414,0.4624263346195221,0.6829267144203186,-0.07446137815713882,0.45879149436950684,0.7089648842811584,-0.07098168879747391,0.4253171384334564,0.6534920930862427,-0.033836062997579575,0.4299822449684143,0.6447802186012268,-0.06873421370983124,0.43531206250190735,0.7002425789833069,-0.06205097585916519,0.43459510803222656,0.7191066741943359,-0.04950911924242973,0.39499422907829285,0.6697442531585693,-0.037568267434835434,0.4032221734523773,0.661287248134613,-0.06125912070274353,0.4128603935241699,0.6997191905975342,-0.05546240881085396,0.4146204888820648,0.7160191535949707,-0.04568793252110481
lead,0.4266686737537384,0.8112033605575562,-8.697304210159018e-09,0.4661804437637329,0.7978472709655762,-0.029313506558537483,0.4946940839290619,0.7493969798088074,-0.044747494161129,0.48591291904449463,0.6991297006607056,-0.058102332055568695,0.4600966274738312,0.6645530462265015,-0.07009238004684448,0.4938449263572693,0.6511256694793701,-0.031542666256427765,0.498660683631897,0.561017632484436,-0.05490703880786896,0.4998142421245575,0.50815749168396,-0.06824012100696564,0.49692294001579285,0.4628528356552124,-0.0774780884385109,0.4593829810619354,0.6495354175567627,-0.029681172221899033,0.4670312702655792,0.620455801486969,-0.06676094979047775,0.4650954306125641,0.681023120880127,-0.07500806450843811,0.45977577567100525,0.7132121920585632,-0.07224691659212112,0.42718517780303955,0.6578361988067627,-0.03072638437151909,0.43165141344070435,0.644555389881134,-0.06650734692811966,0.43507370352745056,0.700236439704895,-0.06103835999965668,0.4335033595561981,0.7233993411064148,-0.04844079166650772,0.3958761990070343,0.6713904738426208,-0.03408142924308777,0.40445399284362793,0.6596812605857849,-0.05775706470012665,0.4123019576072693,0.6988377571105957,-0.05180668830871582,0.4131893515586853,0.7171115875244141,-0.041409965604543686
lead,0.42849910259246826,0.8128753900527954,1.0638536274143462e-08,0.4656524062156677,0.7998049259185791,-0.03188774734735489,0.4924134612083435,0.7527039051055908,-0.04910872504115105,0.4868308901786804,0.7046924829483032,-0.06404619663953781,0.4627526104450226,0.6697995662689209,-0.0773068219423294,0.4937135577201843,0.6499836444854736,-0.034271448850631714,0.49893543124198914,0.5610597133636475,-0.05862434580922127,0.5003023743629456,0.5079444050788879,-0.0724177286028862,0.49741697311401367,0.4632198214530945,-0.08184109628200531,0.45923763513565063,0.6492087244987488,-0.03140093758702278,0.4637189507484436,0.6260491609573364,-0.06871058791875839,0.46163246035575867,0.6868885159492493,-0.07614514976739883,0.45834383368492126,0.7163892984390259,-0.0730065181851387,0.4273774325847626,0.6579906940460205,-0.031836092472076416,0.4302196502685547,0.6477475166320801,-0.06754043698310852,0.4340304732322693,0.703390896320343,-0.06124427542090416,0.43405842781066895,0.725821316242218,-0.048354171216487885,0.39666303992271423,0.6725202798843384,-0.03507087007164955,0.40347450971603394,0.6637565493583679,-0.05929039791226387,0.4116929769515991,0.7027186155319214,-0.053764499723911285,0.41435372829437256,0.7206546068191528,-0.043633852154016495
lead,0.42408379912376404,0.8193471431732178,-3.667146586394665e-09,0.4633626937866211,0.8077601194381714,-0.030890343710780144,0.49273577332496643,0.7599828243255615,-0.047769300639629364,0.48485681414604187,0.7093129754066467,-0.062451910227537155,0.46107184886932373,0.6720197796821594,-0.07566270232200623,0.4940175414085388,0.6568452715873718,-0.03317471221089363,0.499687135219574,0.5677282214164734,-0.05745255574584007,0.5012100338935852,0.513658881187439,-0.07075321674346924,0.49869102239608765,0.46848398447036743,-0.07990393042564392,0.45882707834243774,0.6551586389541626,-0.03094455972313881,0.46560224890708923,0.629660427570343,-0.06811977177858353,0.46251180768013,0.6931102275848389,-0.0747547522187233,0.4583618640899658,0.722154438495636,-0.07097936421632767,0.4265749752521515,0.6635803580284119,-0.031953245401382446,0.4298812747001648,0.6528838276863098,-0.06839065253734589,0.432717502117157,0.7106443643569946,-0.060965646058321,0.43221136927604675,0.7313921451568604,-0.047264840453863144,0.39483705163002014,0.6774518489837646,-0.03551241755485535,0.40250808000564575,0.6682522892951965,-0.05996600538492203,0.409850537776947,0.7097856998443604,-0.053054261952638626,0.41188937425613403,0.7265741229057312,-0.04193150997161865
lead,0.42515814304351807,0.8237156867980957,9.213806606567232e-09,0.46569424867630005,0.8101333379745483,-0.029299095273017883,0.4938664734363556,0.7608175277709961,-0.045861754566431046,0.4865126609802246,0.7110636830329895,-0.060712482780218124,0.46290791034698486,0.6751927733421326,-0.07406935840845108,0.49344196915626526,0.6588043570518494,-0.03177180141210556,0.50033038854599,0.5699666142463684,-0.055618274956941605,0.5030302405357361,0.516808807849884,-0.06874880939722061,0.5005782842636108,0.4720945954322815,-0.07786034792661667,0.45782533288002014,0.6573634743690491,-0.030409254133701324,0.466394305229187,0.6345687508583069,-0.06743547320365906,0.46415701508522034,0.6968047618865967,-0.0744623988866806,0.4585326313972473,0.7237870693206787,-0.07116551697254181,0.42558470368385315,0.6662120819091797,-0.03213435411453247,0.43134936690330505,0.6583732962608337,-0.06830691546201706,0.435258686542511,0.7142254710197449,-0.06183818727731705,0.4333922266960144,0.7330315113067627,-0.0490289106965065,0.3946216404438019,0.680918276309967,-0.036280497908592224,0.40426936745643616,0.6752777099609375,-0.060427479445934296,0.41212865710258484,0.7154039144515991,-0.0541277639567852,0.4126400053501129,0.730862557888031,-0.04367254301905632
lead,0.42421963810920715,0.8306833505630493,8.118722916172771e-10,0.46379604935646057,0.816993772983551,-0.027165131643414497,0.4924360513687134,0.7684425115585327,-0.04328487068414688,0.4868064522743225,0.7182457447052002,-0.05841530114412308,0.4622572362422943,0.6829496026039124,-0.07240195572376251,0.49391287565231323,0.6649987101554871,-0.029031645506620407,0.5009887218475342,0.5760750770568848,-0.05202336981892586,0.5035914182662964,0.5227592587471008,-0.0647711455821991,0.5013232231140137,0.4781387448310852,-0.07369344681501389,0.4593019187450409,0.66329425573349,-0.028788167983293533,0.46832990646362305,0.6367989778518677,-0.06596926599740982,0.465587317943573,0.698445200920105,-0.07393568754196167,0.4597252607345581,0.7282389402389526,-0.07098688185214996,0.4271930456161499,0.6727681159973145,-0.031233476474881172,0.4329134523868561,0.6621368527412415,-0.0669051930308342,0.43596991896629333,0.7175782918930054,-0.06040148809552193,0.43388187885284424,0.7397828102111816,-0.047374434769153595,0.3956568241119385,0.6883196830749512,-0.03589632362127304,0.40533947944641113,0.680615246295929,-0.05949796363711357,0.41270577907562256,0.7204464673995972,-0.05279022827744484,0.4134925901889801,0.7381381988525391,-0.04187358543276787
lead,0.4238393008708954,0.8341071605682373,1.0106809611443168e-08,0.46355295181274414,0.8195938467979431,-0.028842292726039886,0.4926050007343292,0.7722995281219482,-0.04582533985376358,0.48620936274528503,0.7230628728866577,-0.06136611849069595,0.4623228907585144,0.686613142490387,-0.07548358291387558,0.49322956800460815,0.6690244078636169,-0.031079253181815147,0.5006640553474426,0.5801621675491333,-0.05449168384075165,0.50407874584198,0.5265924334526062,-0.06687319278717041,0.5028018951416016,0.4819418787956238,-0.07528209686279297,0.4581630527973175,0.6665175557136536,-0.029896704480051994,0.4672122597694397,0.6418709754943848,-0.06609290093183517,0.46428319811820984,0.7035439014434814,-0.07257446646690369,0.4588095247745514,0.7304933667182922,-0.068795345723629,0.4263310432434082,0.6745390295982361,-0.03169931471347809,0.4324306845664978,0.6657288670539856,-0.06704474985599518,0.4352964758872986,0.7217819094657898,-0.059896811842918396,0.4333629310131073,0.7411963939666748,-0.04653985798358917,0.3954574763774872,0.6885820031166077,-0.035895172506570816,0.4049973785877228,0.6812093257904053,-0.05896582826972008,0.4121738076210022,0.7210509181022644,-0.05188288912177086,0.4125146269798279,0.7369959354400635,-0.040840696543455124
lead,0.420124888420105,0.835426390171051,-1.326512455435136e-09,0.4612857699394226,0.8229866623878479,-0.030232487246394157,0.49036866426467896,0.7764515280723572,-0.046440187841653824,0.48430556058883667,0.7263914346694946,-0.060783062130212784,0.46200108528137207,0.6893435120582581,-0.07355513423681259,0.4934518039226532,0.6751028299331665,-0.031063709408044815,0.5008361339569092,0.5851448774337769,-0.054273415356874466,0.5036560297012329,0.5316007137298584,-0.06680627912282944,0.5023928284645081,0.48665452003479004,-0.07525516301393509,0.4591574966907501,0.6709467172622681,-0.02886349894106388,0.4666966199874878,0.6449049115180969,-0.0662645772099495,0.463051438331604,0.7057846188545227,-0.07404039055109024,0.4579464793205261,0.7373197078704834,-0.07052614539861679,0.4272300899028778,0.6770274639129639,-0.029771000146865845,0.43214789032936096,0.6676209568977356,-0.06579408049583435,0.43428048491477966,0.7235444188117981,-0.059995923191308975,0.43304842710494995,0.7467663884162903,-0.04687974974513054,0.39632096886634827,0.6887705326080322,-0.03319806978106499,0.40470877289772034,0.6805144548416138,-0.05691992864012718,0.4114799499511719,0.7202033996582031,-0.051062099635601044,0.4127253293991089,0.7389391660690308,-0.04041753709316254
lead,0.42211905121803284,0.8377326130867004,6.712545519427238e-10,0.4632880687713623,0.822780966758728,-0.0289523396641016,0.492441326379776,0.7741473317146301,-0.04419531673192978,0.4856758415699005,0.7253870964050293,-0.05749965459108353,0.4619385004043579,0.6924254894256592,-0.06928922981023788,0.49162447452545166,0.6739335060119629,-0.031499214470386505,0.5003800988197327,0.5852242708206177,-0.05455511808395386,0.5043725967407227,0.5318427085876465,-0.06683609634637833,0.5033663511276245,0.48704981803894043,-0.0750296413898468,0.4567001163959503,0.672866702079773,-0.030075278133153915,0.4664641320705414,0.6471644043922424,-0.06485573202371597,0.46349528431892395,0.7086036801338196,-0.0704459398984909,0.4578709900379181,0.7366433143615723,-0.06624492257833481,0.42486414313316345,0.6807340383529663,-0.03186658397316933,0.4323303699493408,0.6697677969932556,-0.06633187085390091,0.4353446960449219,0.7263307571411133,-0.059698861092329025,0.4331207275390625,0.7464724779129028,-0.04667750373482704,0.3939403295516968,0.6948983073234558,-0.03614497557282448,0.40406227111816406,0.6841335296630859,-0.05813487619161606,0.4120778441429138,0.7228002548217773,-0.0512009933590889,0.4120227098464966,0.7396485209465027,-0.040587861090898514
lead,0.42347124218940735,0.8405106067657471,3.429451567171782e-08,0.4624573588371277,0.8258390426635742,-0.031275972723960876,0.48868703842163086,0.778632402420044,-0.049112915992736816,0.48142901062965393,0.7300413250923157,-0.06506051123142242,0.45666930079460144,0.6965359449386597,-0.07952158898115158,0.49075382947921753,0.6763830184936523,-0.03373211249709129,0.4989795386791229,0.5878458023071289,-0.05744517967104912,0.5032081604003906,0.534440815448761,-0.07030237466096878,0.5029109120368958,0.4908924996852875,-0.07896775007247925,0.4556617736816406,0.6745097041130066,-0.031447552144527435,0.46415337920188904,0.6493393778800964,-0.067842498421669,0.46104973554611206,0.708980143070221,-0.07435807585716248,0.455977201461792,0.738446056842804,-0.07065185159444809,0.4238789677619934,0.6823210120201111,-0.032440587878227234,0.43010759353637695,0.6726068258285522,-0.06721094995737076,0.43295052647590637,0.7264688611030579,-0.060566045343875885,0.43108996748924255,0.7490115165710449,-0.04765862226486206,0.3930063247680664,0.6959121227264404,-0.03624342009425163,0.40167689323425293,0.686067521572113,-0.05915340408682823,0.4097626507282257,0.7234629988670349,-0.05306681618094444,0.41149401664733887,0.7420198321342468,-0.042813491076231
lead,0.4190900921821594,0.8426311612129211,1.4744122367460477e-08,0.4587177634239197,0.8293405175209045,-0.029157811775803566,0.48566266894340515,0.780876636505127,-0.04498138278722763,0.47995033860206604,0.7321881055831909,-0.059273701161146164,0.4551307260990143,0.699634850025177,-0.07225805521011353,0.48790204524993896,0.6806133389472961,-0.030850624665617943,0.49658477306365967,0.5898359417915344,-0.05313621088862419,0.501990795135498,0.5372200012207031,-0.06512374430894852,0.5030028223991394,0.4934460520744324,-0.07326788455247879,0.4536847472190857,0.678320050239563,-0.029260775074362755,0.4615541100502014,0.6521542072296143,-0.06560279428958893,0.4583490490913391,0.7120994329452515,-0.0729125365614891,0.4534013271331787,0.7432372570037842,-0.06948312371969223,0.42207226157188416,0.6856498122215271,-0.030607623979449272,0.4265987277030945,0.6737779378890991,-0.06545693427324295,0.4295370280742645,0.728848397731781,-0.05944184586405754,0.42850279808044434,0.753257155418396,-0.0465930737555027,0.39131709933280945,0.6986590027809143,-0.034462735056877136,0.39781057834625244,0.6867350935935974,-0.05736691877245903,0.4060211181640625,0.7250576615333557,-0.05115615949034691,0.40865764021873474,0.7456032633781433,-0.04051297903060913
lead,0.4143233597278595,0.845260739326477,2.0275340517628138e-08,0.45484820008277893,0.8328593969345093,-0.028613952919840813,0.4835801124572754,0.7835378646850586,-0.043873030692338943,0.4763401746749878,0.7345598936080933,-0.05745149776339531,0.4515019357204437,0.7022562026977539,-0.0696675181388855,0.485571026802063,0.68049156665802,-0.029724759981036186,0.4950159192085266,0.5921716690063477,-0.05140725150704384,0.5006087422370911,0.5397630333900452,-0.06263384222984314,0.5014461874961853,0.49641501903533936,-0.07039826363325119,0.4508937895298004,0.6780774593353271,-0.028235558420419693,0.46017253398895264,0.6527465581893921,-0.06307356804609299,0.4567084312438965,0.7131909132003784,-0.06930968910455704,0.4515323340892792,0.7418041825294495,-0.06540847569704056,0.4194832742214203,0.6862710118293762,-0.029744625091552734,0.4248623251914978,0.6786749362945557,-0.06413417309522629,0.4272851049900055,0.7336872220039368,-0.05810247361660004,0.4259289801120758,0.7542141079902649,-0.04557096213102341,0.38884976506233215,0.7004631161689758,-0.033650901168584824,0.39725327491760254,0.6950323581695557,-0.056270916014909744,0.40434616804122925,0.7342681288719177,-0.05021650344133377,0.40575966238975525,0.7511093616485596,-0.04003105312585831
lead,0.4102694094181061,0.8484779596328735,8.506571447242095e-09,0.4517155587673187,0.8357358574867249,-0.026706792414188385,0.48099520802497864,0.7879787683486938,-0.041799042373895645,0.4728514850139618,0.7395793795585632,-0.055882591754198074,0.4488823711872101,0.7062063217163086,-0.06886721402406693,0.4823703467845917,0.682015597820282,-0.027468258515000343,0.4921589493751526,0.594311535358429,-0.04883402958512306,0.4977444112300873,0.5422512292861938,-0.06082046404480934,0.4990376830101013,0.4991317391395569,-0.06937275826931,0.4473873972892761,0.6805638074874878,-0.027156144380569458,0.45633894205093384,0.6575621962547302,-0.0628075897693634,0.4524436295032501,0.7162191271781921,-0.07091454416513443,0.44662803411483765,0.7459625601768494,-0.06848480552434921,0.415415495634079,0.6903336644172668,-0.029558172449469566,0.4218902885913849,0.6818949580192566,-0.06404615938663483,0.4236646592617035,0.7354116439819336,-0.058749690651893616,0.4214634597301483,0.7570928335189819,-0.046819254755973816,0.38397765159606934,0.7059674263000488,-0.0341721810400486,0.3933715224266052,0.6968887448310852,-0.05712065473198891,0.4003312885761261,0.7351683378219604,-0.05126026272773743,0.40193483233451843,0.7526583671569824,-0.0411519892513752
lead,0.40671995282173157,0.8517917394638062,6.376834615906546e-09,0.44880184531211853,0.8395675420761108,-0.027657400816679,0.4792049825191498,0.7895665168762207,-0.04166029393672943,0.469636470079422,0.741405725479126,-0.053875286132097244,0.4420452117919922,0.7127401828765869,-0.06475779414176941,0.4783886969089508,0.6841163635253906,-0.028595739975571632,0.488162100315094,0.5955661535263062,-0.05024050921201706,0.49377554655075073,0.5443995594978333,-0.0626065582036972,0.4954710900783539,0.5012261867523193,-0.07152407616376877,0.4435691833496094,0.6828894019126892,-0.02808176726102829,0.45362159609794617,0.6602820158004761,-0.06400693953037262,0.449443519115448,0.7178650498390198,-0.07300665229558945,0.44285276532173157,0.7474795579910278,-0.07126948982477188,0.41160401701927185,0.6927552819252014,-0.030407903715968132,0.41847479343414307,0.6873916983604431,-0.0656251534819603,0.42051321268081665,0.7402408123016357,-0.06235527619719505,0.41853708028793335,0.7594208717346191,-0.051714539527893066,0.3808213472366333,0.7086925506591797,-0.03492679074406624,0.39058735966682434,0.7037689089775085,-0.057889580726623535,0.397918701171875,0.7412107586860657,-0.0529509074985981,0.39916175603866577,0.7561059594154358,-0.043716125190258026
lead,0.4052687883377075,0.8559266328811646,5.2999022948085894e-09,0.44570884108543396,0.842857837677002,-0.028490770608186722,0.4738229811191559,0.7935172319412231,-0.04331138730049133,0.46268221735954285,0.7470413446426392,-0.05642832815647125,0.43423348665237427,0.7191467881202698,-0.06837088614702225,0.473764568567276,0.6866058707237244,-0.030761655420064926,0.4836615025997162,0.5984418988227844,-0.05296909809112549,0.48926234245300293,0.5482603311538696,-0.06650612503290176,0.4914308190345764,0.5053781270980835,-0.07641598582267761,0.4390648603439331,0.6865699887275696,-0.029959212988615036,0.44533777236938477,0.66864013671875,-0.06712432205677032,0.4428889751434326,0.7262513637542725,-0.07749056071043015,0.43854591250419617,0.7576844096183777,-0.07691706717014313,0.4072515070438385,0.6980270147323608,-0.03185921907424927,0.40962517261505127,0.6928386092185974,-0.06694595515727997,0.413871705532074,0.7454858422279358,-0.06398504972457886,0.4143768548965454,0.7684401273727417,-0.05375194922089577,0.3769303858280182,0.7157134413719177,-0.03618266433477402,0.3824576735496521,0.7098143100738525,-0.05965108424425125,0.39139100909233093,0.7473515868186951,-0.05531330034136772,0.39544200897216797,0.7660380005836487,-0.04633602127432823
lead,0.40166664123535156,0.8606433868408203,1.1152502921163432e-08,0.44090622663497925,0.8482354283332825,-0.02775985188782215,0.47065502405166626,0.7997791767120361,-0.04327068105340004,0.4594053328037262,0.7514643669128418,-0.05727684125304222,0.43039432168006897,0.7206228375434875,-0.06997818499803543,0.4711906313896179,0.6924952268600464,-0.02943016216158867,0.480434775352478,0.6043285131454468,-0.0516275092959404,0.48584699630737305,0.5537259578704834,-0.06410211324691772,0.4879067540168762,0.5096872448921204,-0.0733262374997139,0.4369467794895172,0.690093457698822,-0.029377328231930733,0.4445935785770416,0.6715520024299622,-0.06538216024637222,0.4418850839138031,0.7298339009284973,-0.07426337897777557,0.438023179769516,0.7566961050033569,-0.07284319400787354,0.40520036220550537,0.7011482119560242,-0.03203718364238739,0.4083799123764038,0.6993272304534912,-0.06771775335073471,0.41188618540763855,0.7528514266014099,-0.06370294094085693,0.4125833213329315,0.7703573107719421,-0.05282805114984512,0.37451907992362976,0.7185491919517517,-0.03688662126660347,0.38108932971954346,0.7172355651855469,-0.060738351196050644,0.38916850090026855,0.7559095025062561,-0.05551706254482269,0.3928053081035614,0.7699366807937622,-0.04595138132572174
lead,0.3990216553211212,0.865498423576355,9.292410396710693e-09,0.4385584890842438,0.8509167432785034,-0.028185265138745308,0.46677687764167786,0.8022620677947998,-0.04383334890007973,0.45337843894958496,0.7560386061668396,-0.05784007906913757,0.42583924531936646,0.7260785102844238,-0.07044557482004166,0.4667445123195648,0.6962969899177551,-0.030383354052901268,0.4764142334461212,0.608852207660675,-0.053097568452358246,0.4820840656757355,0.5582603216171265,-0.06672179698944092,0.4846537709236145,0.5146604776382446,-0.07675615698099136,0.43165722489356995,0.6933918595314026,-0.029971469193696976,0.4385215938091278,0.6790437698364258,-0.06686216592788696,0.43563732504844666,0.7368809580802917,-0.07683900743722916,0.4314197897911072,0.7646514773368835,-0.0762343630194664,0.3996535539627075,0.7040507197380066,-0.03227138891816139,0.40292152762413025,0.7029724717140198,-0.06743908673524857,0.407053142786026,0.7555012702941895,-0.06390521675348282,0.4079442024230957,0.7744741439819336,-0.05360959842801094,0.36925429105758667,0.7217978835105896,-0.03696335107088089,0.37564945220947266,0.7210974097251892,-0.060661617666482925,0.3842317461967468,0.7588147521018982,-0.05613239109516144,0.38824039697647095,0.7739073634147644,-0.04706962779164314
lead,0.3952474892139435,0.8717535734176636,2.5717146190373796e-09,0.43411827087402344,0.8582784533500671,-0.029087118804454803,0.4633249044418335,0.8102445006370544,-0.04434741288423538,0.45129960775375366,0.762607753276825,-0.05783486366271973,0.42256495356559753,0.7315272688865662,-0.07010100036859512,0.4665742814540863,0.7038993239402771,-0.029418358579277992,0.47549018263816833,0.6144407987594604,-0.0515732616186142,0.48036760091781616,0.5617976188659668,-0.06489822268486023,0.48222339153289795,0.5164652466773987,-0.07448814809322357,0.4322540760040283,0.7009937763214111,-0.02838655561208725,0.440646231174469,0.6776311993598938,-0.06502305716276169,0.4364359378814697,0.734551191329956,-0.07529792934656143,0.4315529465675354,0.7666577696800232,-0.07435476779937744,0.399562805891037,0.710046648979187,-0.03015092760324478,0.40446650981903076,0.6999563574790955,-0.0660477727651596,0.40693092346191406,0.7540105581283569,-0.06305257976055145,0.40715205669403076,0.7782497406005859,-0.0521879605948925,0.3674713373184204,0.7258055806159973,-0.034217625856399536,0.3737710416316986,0.7132638692855835,-0.05881846696138382,0.3833065629005432,0.7514584064483643,-0.054169416427612305,0.3886560797691345,0.7722120881080627,-0.04438491538167
lead,0.3940107226371765,0.870097279548645,6.293604748464077e-09,0.43255555629730225,0.8569148182868958,-0.03060900792479515,0.4602769613265991,0.8095716238021851,-0.04699193686246872,0.4482448101043701,0.7641558647155762,-0.06111401692032814,0.41862863302230835,0.7366164922714233,-0.07371065765619278,0.4633037745952606,0.7034319639205933,-0.034654080867767334,0.47319018840789795,0.6140979528427124,-0.05830167979001999,0.47794610261917114,0.5632977485656738,-0.07212134450674057,0.4797089099884033,0.518724262714386,-0.08205266296863556,0.42850279808044434,0.6987611055374146,-0.033107683062553406,0.4329572916030884,0.6850544810295105,-0.07055605947971344,0.42861539125442505,0.7435489296913147,-0.07973690330982208,0.4247254729270935,0.7713434100151062,-0.07839303463697433,0.39601361751556396,0.7059797048568726,-0.034491222351789474,0.3965109884738922,0.705974817276001,-0.06992840766906738,0.39974120259284973,0.7609483003616333,-0.06562856584787369,0.40156832337379456,0.7819153666496277,-0.054470278322696686,0.36519402265548706,0.7202440500259399,-0.03860647231340408,0.36928436160087585,0.7182691693305969,-0.06216235086321831,0.377523809671402,0.7575532793998718,-0.05715270712971687,0.3821609914302826,0.7754810452461243,-0.04756012558937073
lead,0.3931221067905426,0.8728011846542358,1.4470312059700063e-08,0.4313078224658966,0.8597720861434937,-0.031386598944664,0.45956575870513916,0.8125523328781128,-0.047930918633937836,0.44895240664482117,0.7654448747634888,-0.061961330473423004,0.4197503626346588,0.734983503818512,-0.07453636080026627,0.4626844823360443,0.7067458033561707,-0.03456229716539383,0.4715685248374939,0.6174795627593994,-0.05808514356613159,0.4764721989631653,0.5649406313896179,-0.07184144109487534,0.47804388403892517,0.5191446542739868,-0.08164306730031967,0.4278174936771393,0.702515184879303,-0.032442137598991394,0.43483081459999084,0.6812180876731873,-0.0693739503622055,0.43108201026916504,0.7395285964012146,-0.07844645529985428,0.42635729908943176,0.7707021236419678,-0.07687822729349136,0.3948507010936737,0.7101161479949951,-0.03332012519240379,0.3984775245189667,0.7050103545188904,-0.0691622942686081,0.401412695646286,0.7598178386688232,-0.06537321954965591,0.40177831053733826,0.7826324701309204,-0.05426771566271782,0.36307260394096375,0.7244209051132202,-0.036813195794820786,0.36986565589904785,0.7174500226974487,-0.061015497893095016,0.3785836696624756,0.7562447786331177,-0.056442778557538986,0.3825722634792328,0.775606632232666,-0.04708753153681755
lead,0.3934103548526764,0.871120274066925,6.315358902497792e-09,0.43071097135543823,0.8580877780914307,-0.03208376094698906,0.45701032876968384,0.8096151947975159,-0.048881396651268005,0.4453286826610565,0.7637780904769897,-0.06320671737194061,0.4157145917415619,0.7353498935699463,-0.076158307492733,0.46140390634536743,0.7049071788787842,-0.03530127927660942,0.4699499011039734,0.6163515448570251,-0.058801330626010895,0.47435033321380615,0.5648690462112427,-0.07311803847551346,0.4758782684803009,0.5200133919715881,-0.08356785774230957,0.4263409674167633,0.7002202868461609,-0.033050525933504105,0.42829060554504395,0.6857103705406189,-0.07166845351457596,0.42453432083129883,0.7441668510437012,-0.08214233815670013,0.4205224812030792,0.7758721113204956,-0.08133167028427124,0.3935924172401428,0.708488941192627,-0.03374026343226433,0.3921187222003937,0.7049427032470703,-0.06993027031421661,0.3958866000175476,0.7596182227134705,-0.06658563762903214,0.3972736895084381,0.7840768098831177,-0.05579918250441551,0.36272549629211426,0.7239503264427185,-0.03723090514540672,0.3650672435760498,0.719879686832428,-0.06217529624700546,0.3735872507095337,0.7583816647529602,-0.05844127759337425,0.37835556268692017,0.7779858708381653,-0.04949352890253067
lead,0.4007395803928375,0.8381515741348267,2.3136814775170933e-07,0.42957818508148193,0.8415629267692566,-0.04473533481359482,0.4568686783313751,0.8104019165039062,-0.07456744462251663,0.45002633333206177,0.7681035399436951,-0.09919146448373795,0.4233779311180115,0.7325569987297058,-0.12184226512908936,0.4620271921157837,0.7025734186172485,-0.05596870556473732,0.4682358503341675,0.6185426115989685,-0.09213763475418091,0.47350889444351196,0.5651853680610657,-0.10888487100601196,0.4763924777507782,0.5207852125167847,-0.11799457669258118,0.42815786600112915,0.6932353973388672,-0.04788261279463768,0.42968761920928955,0.6845126748085022,-0.09189067780971527,0.42656123638153076,0.7544949650764465,-0.09278907626867294,0.4274959862232208,0.7678871154785156,-0.08330647647380829,0.3954688012599945,0.6968744397163391,-0.04482520744204521,0.39290380477905273,0.7093586921691895,-0.0851844996213913,0.39743900299072266,0.765942394733429,-0.07040662318468094,0.4025651812553406,0.7717958092689514,-0.05155093967914581,0.3628958463668823,0.7080814838409424,-0.045782677829265594,0.364800363779068,0.7262444496154785,-0.07258281856775284,0.37385115027427673,0.7683547735214233,-0.06366661190986633,0.37979817390441895,0.7724224328994751,-0.05040622130036354
lead,0.3909899592399597,0.8707004189491272,2.6316708812146317e-08,0.4284456670284271,0.858342170715332,-0.03376167267560959,0.45559728145599365,0.8107203245162964,-0.051702823489904404,0.44556325674057007,0.7627787590026855,-0.06671826541423798,0.41615524888038635,0.7343031764030457,-0.08021499216556549,0.46142032742500305,0.7059587836265564,-0.03704919293522835,0.46987637877464294,0.6166799664497375,-0.06184661015868187,0.47464627027511597,0.5638032555580139,-0.07660522311925888,0.47604602575302124,0.5182846784591675,-0.08694013208150864,0.4266801178455353,0.7007094621658325,-0.03373781219124794,0.4299139678478241,0.6823742389678955,-0.07236525416374207,0.42558830976486206,0.7413114905357361,-0.08144684135913849,0.42176365852355957,0.7727266550064087,-0.07932839542627335,0.3938377797603607,0.7075027227401733,-0.03366280347108841,0.3936787247657776,0.7044108510017395,-0.070110984146595,0.39674630761146545,0.7594013214111328,-0.06569723039865494,0.39852285385131836,0.7832255363464355,-0.0538598895072937,0.36273184418678284,0.7211011648178101,-0.03653554245829582,0.36650481820106506,0.7175478935241699,-0.060940761119127274,0.37381017208099365,0.7569176554679871,-0.05627213418483734,0.3780098557472229,0.7762831449508667,-0.0465824119746685
lead,0.389901340007782,0.8711847066879272,2.3516890657049316e-09,0.428909033536911,0.858627200126648,-0.032829467207193375,0.45609694719314575,0.8097013235092163,-0.049280796200037,0.4453907907009125,0.7614341378211975,-0.0627550333738327,0.416511595249176,0.7317086458206177,-0.0745849758386612,0.4611216187477112,0.7061982750892639,-0.03575567156076431,0.46999526023864746,0.6166937351226807,-0.060164518654346466,0.4744165241718292,0.564045786857605,-0.07472485303878784,0.4755062162876129,0.5187180638313293,-0.08499377220869064,0.42634302377700806,0.7017255425453186,-0.0326303169131279,0.4299064576625824,0.6836230754852295,-0.07029872387647629,0.4256005883216858,0.7418531179428101,-0.07908657938241959,0.4210222065448761,0.7716256380081177,-0.07718823105096817,0.39360910654067993,0.708254337310791,-0.03284796327352524,0.3942275047302246,0.7040886282920837,-0.0686827152967453,0.39748018980026245,0.7590176463127136,-0.06460223346948624,0.3982357680797577,0.7815053462982178,-0.053361453115940094,0.36243751645088196,0.7220324873924255,-0.03598197549581528,0.3671407997608185,0.7188475131988525,-0.06011686474084854,0.37495362758636475,0.7576296329498291,-0.05588061735033989,0.37813931703567505,0.7758695483207703,-0.04681623354554176
lead,0.39799758791923523,0.8390784859657288,1.9763238867653854e-07,0.42685580253601074,0.8449430465698242,-0.04208679497241974,0.45485469698905945,0.8118207454681396,-0.06889612972736359,0.4479430317878723,0.7672149538993835,-0.09030017256736755,0.4229171574115753,0.7296815514564514,-0.10935239493846893,0.46160635352134705,0.7083386182785034,-0.0523577444255352,0.4680216312408447,0.6229075789451599,-0.08843584358692169,0.4728156328201294,0.5705450177192688,-0.10507090389728546,0.4749375581741333,0.5247570872306824,-0.11411938071250916,0.4291144013404846,0.6975177526473999,-0.04484274983406067,0.43195846676826477,0.6822543740272522,-0.0875495970249176,0.42925527691841125,0.7535685300827026,-0.08736085146665573,0.4298287630081177,0.7676928639411926,-0.07742699235677719,0.3967897295951843,0.6996269226074219,-0.04250309616327286,0.3950532078742981,0.7085866928100586,-0.08310694992542267,0.3991794288158417,0.7676697969436646,-0.0681147575378418,0.40338200330734253,0.7735038995742798,-0.04904995858669281,0.3646119236946106,0.7095211148262024,-0.04379061609506607,0.367443710565567,0.7250860929489136,-0.07092069834470749,0.37569138407707214,0.7692885994911194,-0.061960406601428986,0.37996476888656616,0.7732939124107361,-0.04885103181004524
lead,0.39240187406539917,0.8724340200424194,4.165373823639129e-09,0.4290473759174347,0.8589467406272888,-0.03179328143596649,0.45547518134117126,0.8110827803611755,-0.048171721398830414,0.44471994042396545,0.7640633583068848,-0.061808615922927856,0.4160347282886505,0.7352578639984131,-0.07381103932857513,0.46088653802871704,0.7065126299858093,-0.0351237878203392,0.4694773554801941,0.6173508167266846,-0.05916983634233475,0.47361743450164795,0.5650538802146912,-0.07321703433990479,0.474732905626297,0.5192279815673828,-0.08313678950071335,0.4258177876472473,0.702053427696228,-0.03272499889135361,0.42997050285339355,0.6828626394271851,-0.06981818377971649,0.4250464141368866,0.7420168519020081,-0.07817217707633972,0.4206399619579315,0.77254319190979,-0.07601530849933624,0.39284777641296387,0.7092459797859192,-0.033493686467409134,0.3936733603477478,0.7053858637809753,-0.0689665749669075,0.3959469199180603,0.7612502574920654,-0.06418547034263611,0.39684832096099854,0.7835234999656677,-0.05243704840540886,0.36165496706962585,0.7236468195915222,-0.03703845292329788,0.366628497838974,0.7187333703041077,-0.060214053839445114,0.37365463376045227,0.7581547498703003,-0.05475522205233574,0.3768734931945801,0.7762834429740906,-0.04488474130630493
lead,0.39044538140296936,0.8741355538368225,1.945828609350997e-09,0.42907747626304626,0.8601436614990234,-0.03102261573076248,0.45536476373672485,0.8109029531478882,-0.04644998162984848,0.44455036520957947,0.7640101909637451,-0.059163372963666916,0.41562536358833313,0.734893798828125,-0.07026196271181107,0.4608563184738159,0.7074589729309082,-0.03325513005256653,0.46969568729400635,0.6177369952201843,-0.05684967711567879,0.4743531048297882,0.5646721720695496,-0.07101548463106155,0.4755443334579468,0.5191943049430847,-0.08096287399530411,0.426502525806427,0.7038017511367798,-0.031067227944731712,0.43012359738349915,0.6811425685882568,-0.06767973303794861,0.4259221851825714,0.7394425868988037,-0.0764031633734703,0.42188209295272827,0.7715579867362976,-0.07444074749946594,0.3936363160610199,0.7112822532653809,-0.032060787081718445,0.39450353384017944,0.7034969329833984,-0.0672026202082634,0.3976307511329651,0.7588627338409424,-0.06297163665294647,0.39871859550476074,0.7827732563018799,-0.05156439542770386,0.3623582720756531,0.7261872291564941,-0.03573286905884743,0.36699098348617554,0.7176218628883362,-0.059052590280771255,0.3746972680091858,0.7567962408065796,-0.053848959505558014,0.37792283296585083,0.7765818238258362,-0.04408473148941994
lead,0.39209410548210144,0.8737068176269531,6.2672067535629594e-09,0.42845165729522705,0.8588613867759705,-0.03204120695590973,0.4545554518699646,0.8109282851219177,-0.04894325137138367,0.4415944218635559,0.7650708556175232,-0.0630849301815033,0.41288915276527405,0.7358682751655579,-0.07549156248569489,0.45976755023002625,0.7059274315834045,-0.035739704966545105,0.46872037649154663,0.6181424260139465,-0.060250863432884216,0.4727257192134857,0.5662159323692322,-0.07472673803567886,0.47388941049575806,0.5207522511482239,-0.08508308976888657,0.4248941242694855,0.6999058127403259,-0.033254753798246384,0.4265485107898712,0.6883985996246338,-0.07047636806964874,0.42269060015678406,0.7472078800201416,-0.07891981303691864,0.41975468397140503,0.7752845883369446,-0.07715947926044464,0.39212918281555176,0.706807017326355,-0.034024424850940704,0.39084067940711975,0.7101857662200928,-0.06879276782274246,0.3946647346019745,0.7652376294136047,-0.06391090154647827,0.3971516489982605,0.7852866649627686,-0.05271557345986366,0.361303448677063,0.7215690612792969,-0.037811871618032455,0.3645264506340027,0.7265141010284424,-0.06060578674077988,0.3722294867038727,0.7661172151565552,-0.05584290623664856,0.376397043466568,0.7819388508796692,-0.04673314467072487
lead,0.39031070470809937,0.8735982775688171,4.4604067106490675e-09,0.42724353075027466,0.860325038433075,-0.03122180700302124,0.4548517167568207,0.8118388056755066,-0.04755546525120735,0.4420686662197113,0.7657076716423035,-0.0611855573952198,0.41138720512390137,0.7381315231323242,-0.07325828820466995,0.45976218581199646,0.7070101499557495,-0.03551705181598663,0.4686259925365448,0.6185649037361145,-0.06061583384871483,0.4730182886123657,0.5663903951644897,-0.07553413510322571,0.4737226366996765,0.520317554473877,-0.08610792458057404,0.4244162142276764,0.700598418712616,-0.03369754180312157,0.4282798171043396,0.6856313943862915,-0.07185418158769608,0.42426273226737976,0.7458047270774841,-0.08062850683927536,0.4200681746006012,0.7746598720550537,-0.07876773178577423,0.3912844955921173,0.707573652267456,-0.03503147140145302,0.3918537497520447,0.7093761563301086,-0.07071925699710846,0.3954741358757019,0.7651224136352539,-0.065785251557827,0.3967992961406708,0.7850658297538757,-0.054226867854595184,0.3601779639720917,0.7225192785263062,-0.039192523807287216,0.36550381779670715,0.7254849672317505,-0.062099236994981766,0.3726872503757477,0.7652674913406372,-0.05657212436199188,0.3755062520503998,0.7807819247245789,-0.04684692248702049
lead,0.38859298825263977,0.8734616637229919,1.248826553279514e-08,0.42437008023262024,0.8617137670516968,-0.03132119029760361,0.45226019620895386,0.8158518075942993,-0.04897535592317581,0.44214674830436707,0.7688256502151489,-0.06433168798685074,0.413158655166626,0.7367753982543945,-0.07826707512140274,0.45927488803863525,0.7091678380966187,-0.03564363345503807,0.468217670917511,0.6205873489379883,-0.06038658320903778,0.4725853204727173,0.5682255029678345,-0.07494734972715378,0.4734817445278168,0.5222083330154419,-0.08538483083248138,0.4246584475040436,0.7019184231758118,-0.033805541694164276,0.427601158618927,0.687207043170929,-0.071684330701828,0.423429399728775,0.7462003231048584,-0.08041626214981079,0.42024466395378113,0.7739019393920898,-0.07872454822063446,0.39179304242134094,0.7085098028182983,-0.03499055653810501,0.39128729701042175,0.7089062333106995,-0.07061520963907242,0.3944733738899231,0.7638624906539917,-0.06525687128305435,0.39662688970565796,0.7844014167785645,-0.05360347032546997,0.3603813350200653,0.7224635481834412,-0.039011429995298386,0.36415934562683105,0.7240683436393738,-0.06317378580570221,0.3715410828590393,0.7643972635269165,-0.05806250497698784,0.3761991560459137,0.7814428210258484,-0.04837382584810257
lead,0.38917383551597595,0.8756116628646851,-3.785438629222426e-09,0.4261062443256378,0.8617227077484131,-0.03007507510483265,0.4536170959472656,0.8148277997970581,-0.046774111688137054,0.4431619346141815,0.7685173749923706,-0.06136036664247513,0.41326263546943665,0.7375309467315674,-0.07448428869247437,0.4581417143344879,0.7093878388404846,-0.03394243121147156,0.46698182821273804,0.6206886768341064,-0.05815143138170242,0.4712004065513611,0.5685179233551025,-0.07232142984867096,0.4724534749984741,0.5228304862976074,-0.08233249932527542,0.42367517948150635,0.7035783529281616,-0.03267785161733627,0.42838791012763977,0.6887571811676025,-0.06994771957397461,0.4230268895626068,0.7472926378250122,-0.07868871837854385,0.4181935489177704,0.7743780016899109,-0.07699386775493622,0.39092350006103516,0.7099707722663879,-0.03440321609377861,0.3924001455307007,0.708541750907898,-0.06975401937961578,0.3944251537322998,0.7634073495864868,-0.06484650075435638,0.39515480399131775,0.7832797765731812,-0.05334717780351639,0.3594396412372589,0.7236687541007996,-0.03881187364459038,0.36427271366119385,0.720902681350708,-0.06214745342731476,0.3718410134315491,0.7603245377540588,-0.056567784398794174,0.3757006824016571,0.7778836488723755,-0.046642597764730453
lead,0.38729366660118103,0.8723927736282349,4.303483791545659e-09,0.4239342212677002,0.8619564771652222,-0.03154090791940689,0.4523735046386719,0.8160403966903687,-0.04863480105996132,0.44038665294647217,0.7692400217056274,-0.0631944015622139,0.40984711050987244,0.7382307052612305,-0.0762905478477478,0.4577758014202118,0.7090608477592468,-0.0361061729490757,0.466594398021698,0.6197437644004822,-0.060390405356884,0.4702295660972595,0.5680233240127563,-0.07455498725175858,0.4710286259651184,0.5221643447875977,-0.08471111953258514,0.4228299558162689,0.702721118927002,-0.03424449637532234,0.42537930607795715,0.6885955929756165,-0.07261700928211212,0.42076337337493896,0.7467353940010071,-0.0820394903421402,0.41751569509506226,0.7749879956245422,-0.08072070777416229,0.38988643884658813,0.7092201113700867,-0.03532428294420242,0.3884700536727905,0.7085601091384888,-0.07153984159231186,0.3918967545032501,0.764018714427948,-0.0668022558093071,0.3944329023361206,0.7854353785514832,-0.05526161566376686,0.3587120771408081,0.7229226231575012,-0.03915245458483696,0.3620241582393646,0.7218458652496338,-0.06332335621118546,0.36967116594314575,0.7618920803070068,-0.05814284831285477,0.3744378983974457,0.7792953252792358,-0.04831157624721527
lead,0.3877597749233246,0.8703835010528564,1.2403513771630514e-08,0.4242508113384247,0.8595107793807983,-0.032827120274305344,0.4518495202064514,0.8124454617500305,-0.0504206046462059,0.44075798988342285,0.7662607431411743,-0.0651865229010582,0.41054925322532654,0.736630916595459,-0.07854168862104416,0.45659634470939636,0.7068181037902832,-0.03865538537502289,0.46574437618255615,0.6179167032241821,-0.06379151344299316,0.46965837478637695,0.5667226314544678,-0.07876358926296234,0.47054535150527954,0.5217579007148743,-0.08945581316947937,0.42159149050712585,0.7015845775604248,-0.036026790738105774,0.42397865653038025,0.6894352436065674,-0.0748370960354805,0.4197109341621399,0.7479466795921326,-0.08421524614095688,0.41653183102607727,0.7758595943450928,-0.08293447643518448,0.3887525796890259,0.7086377739906311,-0.03646726906299591,0.38734808564186096,0.7087717056274414,-0.07281790673732758,0.39117875695228577,0.7642857432365417,-0.06827566027641296,0.3938576281070709,0.7860038876533508,-0.05695908144116402,0.35795122385025024,0.7227755188941956,-0.039817024022340775,0.36126789450645447,0.7225809097290039,-0.06453339010477066,0.3695085048675537,0.7625828385353088,-0.05999733880162239,0.37472644448280334,0.7806329727172852,-0.050639331340789795
lead,0.3890949487686157,0.8710905313491821,9.965157587998874e-09,0.42508313059806824,0.8581172227859497,-0.033382195979356766,0.4523490071296692,0.8106179237365723,-0.050489120185375214,0.4401087164878845,0.7650094032287598,-0.0642256885766983,0.4091653823852539,0.7375363111495972,-0.07605928182601929,0.456246942281723,0.7057644128799438,-0.03847537934780121,0.4658397138118744,0.6181727647781372,-0.06400276720523834,0.4695698618888855,0.5668808221817017,-0.07865621894598007,0.47040197253227234,0.5211478471755981,-0.08897075057029724,0.4214383363723755,0.6995512843132019,-0.03576376661658287,0.42513975501060486,0.6877295970916748,-0.0728125274181366,0.4208233952522278,0.7471676468849182,-0.08047052472829819,0.4178309738636017,0.7721741199493408,-0.07839812338352203,0.3883403539657593,0.7058159112930298,-0.03652976453304291,0.38894596695899963,0.7091367840766907,-0.07221003621816635,0.39235177636146545,0.7649434804916382,-0.06730172783136368,0.39461472630500793,0.7817380428314209,-0.056073278188705444,0.35747671127319336,0.7203426957130432,-0.0403292290866375,0.36242982745170593,0.7236955761909485,-0.06355612725019455,0.37037572264671326,0.763459324836731,-0.058275118470191956,0.3737403154373169,0.7781007885932922,-0.04890236631035805
lead,0.38810837268829346,0.8710679411888123,5.5774496132698914e-09,0.425098717212677,0.8580231666564941,-0.03154735267162323,0.4520145654678345,0.8096325993537903,-0.04766284301877022,0.44028550386428833,0.7640662789344788,-0.06075889617204666,0.4096028804779053,0.7364574074745178,-0.072209931910038,0.4566081762313843,0.7068232297897339,-0.03672043979167938,0.4650424122810364,0.6175339818000793,-0.06240231543779373,0.4690367579460144,0.5653783082962036,-0.07770618796348572,0.46959081292152405,0.5192145109176636,-0.08838915824890137,0.4221278429031372,0.7003456950187683,-0.03446150943636894,0.42563432455062866,0.6844897270202637,-0.07234326750040054,0.42178383469581604,0.7444653511047363,-0.08072006702423096,0.4182411730289459,0.7734259963035583,-0.0786234438419342,0.3891253173351288,0.7064347267150879,-0.035431426018476486,0.3892956078052521,0.7080242037773132,-0.07115525007247925,0.3930127024650574,0.763975203037262,-0.06628630310297012,0.3951112926006317,0.7840743064880371,-0.0546673908829689,0.3581171929836273,0.7205296158790588,-0.03921640291810036,0.3627667725086212,0.722913384437561,-0.06224830076098442,0.3702240288257599,0.7627372145652771,-0.05675668269395828,0.3735324740409851,0.7789937853813171,-0.04698621854186058
lead,0.3884841203689575,0.8707560896873474,1.4177029328266144e-08,0.4247224032878876,0.8574801087379456,-0.0316319577395916,0.45151352882385254,0.8111801147460938,-0.049135539680719376,0.4392566382884979,0.765302836894989,-0.06412921100854874,0.4094585180282593,0.734902024269104,-0.07755052298307419,0.45583152770996094,0.7056531310081482,-0.03621971607208252,0.4643794298171997,0.6169703602790833,-0.06078994274139404,0.468103289604187,0.5652481317520142,-0.07522643357515335,0.46889176964759827,0.5199436545372009,-0.08552089333534241,0.4210396409034729,0.6999970078468323,-0.0341048464179039,0.4246377944946289,0.6864427328109741,-0.07190635055303574,0.42066049575805664,0.7443960905075073,-0.08096297085285187,0.41730234026908875,0.7718085646629333,-0.07962261140346527,0.3882722854614258,0.7069065570831299,-0.03502578288316727,0.38800695538520813,0.7070034146308899,-0.0707521140575409,0.3914783298969269,0.7611485719680786,-0.06621550023555756,0.3937020003795624,0.7811996936798096,-0.0550413616001606,0.3570728600025177,0.7208238840103149,-0.038723260164260864,0.36120840907096863,0.7191863656044006,-0.06273511797189713,0.3692183196544647,0.7582603693008423,-0.05786869674921036,0.37367182970046997,0.7753685712814331,-0.0483991801738739
lead,0.38548776507377625,0.8690717816352844,-5.613226772283042e-09,0.42366552352905273,0.8581953048706055,-0.030992692336440086,0.45129072666168213,0.8100879788398743,-0.046872109174728394,0.4385834038257599,0.7637024521827698,-0.0600559301674366,0.409865140914917,0.7332895994186401,-0.07171057909727097,0.455641508102417,0.7044680118560791,-0.03470967710018158,0.4637854993343353,0.6161864399909973,-0.058909788727760315,0.4674571454524994,0.5640580654144287,-0.07359537482261658,0.4679560959339142,0.5183957815170288,-0.08420198410749435,0.42124703526496887,0.6980043053627014,-0.03222966566681862,0.4231114983558655,0.6860668659210205,-0.0695938766002655,0.4191545844078064,0.7445743083953857,-0.07865806668996811,0.41608667373657227,0.7727594375610352,-0.07729710638523102,0.3886754810810089,0.704809308052063,-0.03279142081737518,0.3877740800380707,0.7073136568069458,-0.06795427948236465,0.3914658725261688,0.7616053819656372,-0.06347832828760147,0.39373978972435,0.7817528247833252,-0.052451059222221375,0.3577248454093933,0.7189822793006897,-0.036119334399700165,0.36169442534446716,0.7223246097564697,-0.0599055252969265,0.368928998708725,0.7616460919380188,-0.05543398857116699,0.3729868233203888,0.7773584127426147,-0.046289071440696716
lead,0.38709935545921326,0.8721947073936462,-4.513379892046032e-09,0.42444300651550293,0.8591424822807312,-0.03219274431467056,0.4513572156429291,0.8098861575126648,-0.04834941402077675,0.4379708766937256,0.762831449508667,-0.061521608382463455,0.4076509475708008,0.734622597694397,-0.07298816740512848,0.45506569743156433,0.7063180208206177,-0.03536011278629303,0.46271106600761414,0.6163331270217896,-0.05972141772508621,0.46595796942710876,0.5643928050994873,-0.07423902302980423,0.4665932059288025,0.5190027952194214,-0.08456247299909592,0.419925719499588,0.7021660208702087,-0.03273540735244751,0.4221802353858948,0.6851422190666199,-0.07055496424436569,0.41813477873802185,0.7451217770576477,-0.07945384085178375,0.4151216447353363,0.7745388746261597,-0.07765809446573257,0.38704800605773926,0.7090481519699097,-0.03336307778954506,0.38573360443115234,0.7045804858207703,-0.06937162578105927,0.3895370364189148,0.7608882188796997,-0.06498221307992935,0.39229142665863037,0.7824977040290833,-0.05351639539003372,0.3559752404689789,0.7231477499008179,-0.03680458664894104,0.3590564429759979,0.7182157635688782,-0.0608849860727787,0.36722737550735474,0.7580901980400085,-0.05595828592777252,0.371776282787323,0.7760037779808044,-0.04635690897703171
lead,0.38459140062332153,0.8710009455680847,-3.16846349157629e-09,0.4217066764831543,0.8590503334999084,-0.032439474016427994,0.44825664162635803,0.8115296959877014,-0.04933939501643181,0.4383380115032196,0.7642612457275391,-0.06343525648117065,0.40962475538253784,0.7333170175552368,-0.07595949620008469,0.4549453854560852,0.7072011232376099,-0.035882532596588135,0.4626237750053406,0.6176591515541077,-0.06020025908946991,0.46596595644950867,0.5647664666175842,-0.07445938140153885,0.4663441777229309,0.5187958478927612,-0.08450466394424438,0.42050936818122864,0.7010590434074402,-0.03303730487823486,0.4231162667274475,0.6848590970039368,-0.07048805058002472,0.418159157037735,0.7442547082901001,-0.07884291559457779,0.41438260674476624,0.773628294467926,-0.07664019614458084,0.38757795095443726,0.7071231007575989,-0.03341325372457504,0.38671383261680603,0.7049717307090759,-0.06882885843515396,0.38928696513175964,0.7608821392059326,-0.06365274637937546,0.39092177152633667,0.7830106019973755,-0.05176796764135361,0.35622262954711914,0.7203284502029419,-0.03669677674770355,0.35946181416511536,0.7179421186447144,-0.060221098363399506,0.3664427399635315,0.7578500509262085,-0.05493101105093956,0.37015900015830994,0.7762412428855896,-0.04507316276431084
lead,0.38595226407051086,0.8711285591125488,1.602525223631801e-09,0.42349913716316223,0.8574146628379822,-0.03277838975191116,0.4495050609111786,0.8084198236465454,-0.04931257665157318,0.4381256699562073,0.7616412043571472,-0.06264368444681168,0.40812957286834717,0.7341187596321106,-0.07418494671583176,0.4542451798915863,0.7060696482658386,-0.03708694875240326,0.4621218144893646,0.6168187856674194,-0.062417175620794296,0.4654543995857239,0.5646852254867554,-0.07756748795509338,0.46569401025772095,0.518975019454956,-0.08820140361785889,0.41935378313064575,0.7009648084640503,-0.03411993756890297,0.4216214418411255,0.6850073933601379,-0.07193077355623245,0.4177657663822174,0.7443627715110779,-0.08040445297956467,0.41410520672798157,0.7736414670944214,-0.07838906347751617,0.3863290846347809,0.7071117758750916,-0.034527067095041275,0.3858432173728943,0.7061671018600464,-0.07013039290904999,0.3893791437149048,0.7621327042579651,-0.06563810259103775,0.39101356267929077,0.7835665941238403,-0.05428740754723549,0.35542652010917664,0.7210091948509216,-0.03792382404208183,0.35947778820991516,0.7218354940414429,-0.06138546019792557,0.36714816093444824,0.7615805864334106,-0.056787822395563126,0.37053772807121277,0.7786678671836853,-0.04765326902270317
lead,0.38734686374664307,0.8689529895782471,7.144515201673585e-09,0.42377254366874695,0.856431245803833,-0.03377685323357582,0.4500177502632141,0.8098129630088806,-0.05147494748234749,0.43659746646881104,0.7641411423683167,-0.06583257019519806,0.40681320428848267,0.7359454035758972,-0.07844991236925125,0.4542659819126129,0.7049345374107361,-0.03959627449512482,0.4618312418460846,0.6152352094650269,-0.06585517525672913,0.4648461937904358,0.5630714297294617,-0.08154328912496567,0.46519041061401367,0.517192542552948,-0.09253939241170883,0.41910481452941895,0.7000262141227722,-0.036480240523815155,0.42070528864860535,0.6860350370407104,-0.07524699717760086,0.4166159927845001,0.7451733350753784,-0.08397552371025085,0.4135221540927887,0.7735794186592102,-0.08231990784406662,0.38608360290527344,0.7069407105445862,-0.03674151003360748,0.3849746584892273,0.7062124013900757,-0.07290761172771454,0.3887370526790619,0.7616060972213745,-0.0679398775100708,0.3913666009902954,0.7820008993148804,-0.056495774537324905,0.3553462326526642,0.7217296361923218,-0.04007682576775551,0.35900065302848816,0.7222915291786194,-0.0639382004737854,0.3666687309741974,0.7617005109786987,-0.058947499841451645,0.37074407935142517,0.7779775261878967,-0.049565792083740234
lead,0.3868231475353241,0.8701463341712952,2.413714739191164e-08,0.42325204610824585,0.8581710457801819,-0.03401472792029381,0.44982409477233887,0.8117102384567261,-0.052462756633758545,0.437677264213562,0.7643527388572693,-0.06780622899532318,0.40836530923843384,0.7334406971931458,-0.0814673975110054,0.45465579628944397,0.7048554420471191,-0.038222577422857285,0.46189016103744507,0.6160183548927307,-0.06420756131410599,0.4651295244693756,0.5634875297546387,-0.07955912500619888,0.46520495414733887,0.5176305174827576,-0.09037824720144272,0.4196048378944397,0.7001720070838928,-0.035069771111011505,0.42295098304748535,0.6832965016365051,-0.07382800430059433,0.4191083312034607,0.7426479458808899,-0.08250033855438232,0.41573187708854675,0.7704213261604309,-0.08055543154478073,0.386675089597702,0.7079108953475952,-0.03533894941210747,0.38666272163391113,0.7065303921699524,-0.07227329909801483,0.39002472162246704,0.7616161108016968,-0.06738078594207764,0.3918614983558655,0.7809053063392639,-0.05565258488059044,0.35565081238746643,0.722797691822052,-0.038569286465644836,0.3603791296482086,0.7227292656898499,-0.06337862461805344,0.3677459955215454,0.7620261311531067,-0.05861753970384598,0.3715296685695648,0.7772626280784607,-0.049143530428409576
lead,0.3840962052345276,0.8709381818771362,-5.517977186286771e-09,0.4215801954269409,0.8591935634613037,-0.03283533826470375,0.448880136013031,0.8117263317108154,-0.049908533692359924,0.438157320022583,0.764853298664093,-0.0640457272529602,0.40757203102111816,0.7346261143684387,-0.07665778696537018,0.4539138376712799,0.7072842717170715,-0.03716250881552696,0.4614380896091461,0.617110013961792,-0.06227521598339081,0.4642655849456787,0.5643047094345093,-0.07751438766717911,0.4643819332122803,0.5178695321083069,-0.08828925341367722,0.4196390211582184,0.7015790343284607,-0.03436603024601936,0.42204684019088745,0.6866359710693359,-0.0731939747929573,0.4170604348182678,0.7448448538780212,-0.08303611725568771,0.41336771845817566,0.7743589878082275,-0.0818936675786972,0.3866281807422638,0.7078046202659607,-0.034704551100730896,0.3856790065765381,0.7043049931526184,-0.07119625806808472,0.3886168599128723,0.759192943572998,-0.06719999015331268,0.39066389203071594,0.7821511626243591,-0.0559997484087944,0.35535746812820435,0.7212246656417847,-0.03792187198996544,0.35836493968963623,0.7180519104003906,-0.06276688724756241,0.36641013622283936,0.7570847272872925,-0.058405790477991104,0.37116608023643494,0.7760944366455078,-0.04899291321635246
lead,0.38543450832366943,0.8695881366729736,-4.436056855183779e-09,0.4217287302017212,0.8576195240020752,-0.03232730180025101,0.4484756290912628,0.8106299042701721,-0.04978262633085251,0.43630358576774597,0.7632358074188232,-0.06461922079324722,0.4056955575942993,0.7335125207901001,-0.07813932746648788,0.4531836211681366,0.7074618935585022,-0.03756772726774216,0.4608190655708313,0.617272138595581,-0.06270089000463486,0.4635009169578552,0.5648050308227539,-0.07813933491706848,0.46365857124328613,0.5189228057861328,-0.08924578875303268,0.4185115694999695,0.7024906277656555,-0.0348367914557457,0.41790369153022766,0.6879848837852478,-0.07460697740316391,0.41368913650512695,0.745868980884552,-0.08491232246160507,0.4109480082988739,0.7761168479919434,-0.08410724252462387,0.38606640696525574,0.7092952132225037,-0.035045523196458817,0.38168829679489136,0.7049996852874756,-0.07105240225791931,0.3856189250946045,0.758735716342926,-0.06658543646335602,0.3889754116535187,0.7828055620193481,-0.05538936331868172,0.3554309606552124,0.7231844067573547,-0.03820066526532173,0.3556523323059082,0.7204714417457581,-0.06279753148555756,0.3635334074497223,0.7585561275482178,-0.05873703584074974,0.3694901466369629,0.777252733707428,-0.049719762057065964
lead,0.3842272162437439,0.8688449859619141,5.942484282428495e-09,0.4218404293060303,0.8585795760154724,-0.03209802880883217,0.4504009187221527,0.8121278285980225,-0.0493556410074234,0.43656066060066223,0.7652372717857361,-0.06391116976737976,0.40574389696121216,0.7351582050323486,-0.07696674019098282,0.45340079069137573,0.7051524519920349,-0.03652290254831314,0.46069180965423584,0.6158586740493774,-0.06088223308324814,0.4635683298110962,0.5641450881958008,-0.07531028985977173,0.4638715386390686,0.5185099244117737,-0.08571865409612656,0.41821402311325073,0.6981517672538757,-0.03401018679141998,0.42075487971305847,0.6872257590293884,-0.07264979928731918,0.4168238639831543,0.7455331683158875,-0.08244816958904266,0.41348230838775635,0.7737250328063965,-0.08133507519960403,0.38538652658462524,0.7045220732688904,-0.0344487801194191,0.3845506012439728,0.7064073085784912,-0.07081302255392075,0.3884083330631256,0.7610738277435303,-0.06684288382530212,0.3909754157066345,0.782121479511261,-0.05582062527537346,0.354347288608551,0.7181915044784546,-0.03767829388380051,0.3585789203643799,0.7201440930366516,-0.06264661997556686,0.36671963334083557,0.7599533796310425,-0.058613743633031845,0.3717770576477051,0.7769829630851746,-0.04945855215191841
lead,0.38235679268836975,0.8685452938079834,-1.0097686242716009e-08,0.41974374651908875,0.8578059673309326,-0.03335181996226311,0.4480864703655243,0.8110597729682922,-0.05040598288178444,0.4358021318912506,0.763742208480835,-0.06432397663593292,0.4055342376232147,0.733024001121521,-0.0765283927321434,0.45237091183662415,0.7047439813613892,-0.03721071034669876,0.4604034721851349,0.6155017018318176,-0.06166641414165497,0.4628400504589081,0.5638511180877686,-0.07605652511119843,0.4631950259208679,0.5179052948951721,-0.0863715261220932,0.41771483421325684,0.6982973217964172,-0.03406509757041931,0.4188395142555237,0.6880886554718018,-0.07220056653022766,0.413937509059906,0.7473127841949463,-0.08151847869157791,0.4113733172416687,0.7755404114723206,-0.08019262552261353,0.3848780393600464,0.7048249244689941,-0.034103285521268845,0.38280585408210754,0.7054456472396851,-0.07044873386621475,0.3858878016471863,0.7608228325843811,-0.0663854330778122,0.3891209661960602,0.781986653804779,-0.05525269731879234,0.353966623544693,0.7188507318496704,-0.037062644958496094,0.35624298453330994,0.7186805605888367,-0.061943937093019485,0.3642679452896118,0.7582000494003296,-0.05770247429609299,0.3696746528148651,0.776025116443634,-0.04836578294634819
lead,0.38482385873794556,0.8681161403656006,-2.448885982886395e-09,0.4206450879573822,0.8561667799949646,-0.03260094299912453,0.44925740361213684,0.8101502060890198,-0.05039030686020851,0.43635058403015137,0.7640914916992188,-0.06522616744041443,0.4054691195487976,0.7344220876693726,-0.07831206172704697,0.4519910514354706,0.7024617791175842,-0.03826955333352089,0.45995092391967773,0.6156326532363892,-0.06394505500793457,0.4620853066444397,0.5645689368247986,-0.0790480375289917,0.46195530891418457,0.5185340046882629,-0.09002301841974258,0.41692543029785156,0.6946988701820374,-0.03585103899240494,0.4185328483581543,0.6900339722633362,-0.07344004511833191,0.4142175316810608,0.7493625283241272,-0.0818820670247078,0.4117280840873718,0.7723605036735535,-0.08062891662120819,0.3840431272983551,0.7012958526611328,-0.03665860742330551,0.3823922872543335,0.7100360989570618,-0.0719451829791069,0.38609012961387634,0.7642735242843628,-0.06687746942043304,0.3894417881965637,0.7792993187904358,-0.05603765323758125,0.3533746898174286,0.7158505320549011,-0.04051876440644264,0.35675984621047974,0.7256046533584595,-0.06406567990779877,0.3644714951515198,0.7650388479232788,-0.05940032750368118,0.36908668279647827,0.7773953080177307,-0.05050540715456009
lead,0.38518741726875305,0.8692893385887146,3.755557642648455e-09,0.421299010515213,0.8566579818725586,-0.03385864198207855,0.4473037123680115,0.8099154829978943,-0.0514521524310112,0.43541771173477173,0.7637279629707336,-0.06577685475349426,0.4061957597732544,0.7340437769889832,-0.07833603024482727,0.45223259925842285,0.7051977515220642,-0.038235440850257874,0.45926427841186523,0.6153231859207153,-0.06417838484048843,0.4620031416416168,0.562590479850769,-0.07983095943927765,0.4621131122112274,0.5170019865036011,-0.09061239659786224,0.4178601801395416,0.7003231644630432,-0.03468438237905502,0.4193630516529083,0.6862255930900574,-0.0735495537519455,0.41474848985671997,0.7445793747901917,-0.08272979408502579,0.4118746221065521,0.7741006016731262,-0.08099502325057983,0.3849872648715973,0.7068927884101868,-0.034507784992456436,0.38338175415992737,0.7054107189178467,-0.0713164210319519,0.38672301173210144,0.7599974870681763,-0.06715351343154907,0.38958945870399475,0.7816530466079712,-0.0556790828704834,0.3542109429836273,0.7206684350967407,-0.03726900741457939,0.3571566939353943,0.7186976671218872,-0.06196977198123932,0.3649737238883972,0.7575914263725281,-0.057377345860004425,0.3697115480899811,0.7755225896835327,-0.04776550829410553
lead,0.3837307095527649,0.86790931224823,8.554583152964312e-10,0.420208215713501,0.8569383025169373,-0.033546559512615204,0.44783687591552734,0.8098061084747314,-0.05097183957695961,0.43380802869796753,0.7626070380210876,-0.06518024206161499,0.4036586582660675,0.7328954935073853,-0.077659010887146,0.452256441116333,0.7052391767501831,-0.03807634115219116,0.4596059024333954,0.6153313517570496,-0.06388341635465622,0.46196120977401733,0.5631764531135559,-0.07914741337299347,0.46182379126548767,0.5172824859619141,-0.08994228392839432,0.41733673214912415,0.698686420917511,-0.034823186695575714,0.4183778762817383,0.6871439218521118,-0.07335737347602844,0.41428861021995544,0.7463296055793762,-0.08222601562738419,0.4117031395435333,0.7725500464439392,-0.080637626349926,0.38447901606559753,0.7045413255691528,-0.03491251915693283,0.38144904375076294,0.7062806487083435,-0.07148910313844681,0.38566190004348755,0.7621538639068604,-0.0665818378329277,0.38903456926345825,0.7814099192619324,-0.05501953139901161,0.3535088300704956,0.7179493308067322,-0.03798080235719681,0.3554370105266571,0.7203590869903564,-0.06267837435007095,0.3633918762207031,0.7606931924819946,-0.05785294249653816,0.3681037724018097,0.7767500877380371,-0.04828339442610741
lead,0.3836311995983124,0.8697096705436707,-1.02094919185447e-08,0.42084550857543945,0.8575198650360107,-0.03200502693653107,0.4488178491592407,0.8110721707344055,-0.04881640896201134,0.4356118142604828,0.7635867595672607,-0.06276276707649231,0.40736904740333557,0.7313298583030701,-0.07508805394172668,0.4518207013607025,0.7050982117652893,-0.03579413518309593,0.4592560827732086,0.6166869401931763,-0.060310762375593185,0.46174776554107666,0.5645046830177307,-0.07497788965702057,0.46187567710876465,0.5185715556144714,-0.08541633188724518,0.41699931025505066,0.6998291015625,-0.03312965855002403,0.41967907547950745,0.6851940155029297,-0.07066810876131058,0.4152969419956207,0.7434614300727844,-0.07988017797470093,0.41182762384414673,0.7719269394874573,-0.07869640737771988,0.38427385687828064,0.7070571780204773,-0.033561524003744125,0.38376572728157043,0.7041501402854919,-0.06954328715801239,0.3870871067047119,0.7590051889419556,-0.0652381107211113,0.38916778564453125,0.7802961468696594,-0.054159827530384064,0.3530077636241913,0.7218406796455383,-0.0367315299808979,0.3568323254585266,0.7183264493942261,-0.06130203604698181,0.3649594187736511,0.757863461971283,-0.056667227298021317,0.36952754855155945,0.7756825685501099,-0.04729104042053223
lead,0.38475915789604187,0.8685927987098694,9.189789373920121e-09,0.42106541991233826,0.8564425706863403,-0.03344761207699776,0.446849524974823,0.8092770576477051,-0.05067359283566475,0.4338434934616089,0.7637646198272705,-0.06472577899694443,0.4039021134376526,0.7339372634887695,-0.07713102549314499,0.4518061876296997,0.7040900588035583,-0.03830762207508087,0.45919618010520935,0.6150310039520264,-0.0632384866476059,0.461540162563324,0.5632982850074768,-0.07815883308649063,0.46132391691207886,0.5175391435623169,-0.08882642537355423,0.4169812798500061,0.6985592842102051,-0.03501253202557564,0.4179792106151581,0.6864564418792725,-0.07334476709365845,0.4143594205379486,0.744744062423706,-0.08259060978889465,0.41183367371559143,0.7733344435691833,-0.08125501126050949,0.3841148614883423,0.7051270008087158,-0.03495979309082031,0.38169437646865845,0.7066041231155396,-0.07094770669937134,0.38595151901245117,0.7617014646530151,-0.06677480787038803,0.3890230655670166,0.7828857898712158,-0.055766161531209946,0.353304386138916,0.7188729643821716,-0.037904053926467896,0.3557475209236145,0.7204577326774597,-0.06239888444542885,0.36398911476135254,0.7601334452629089,-0.058347418904304504,0.36902913451194763,0.7773570418357849,-0.04939672723412514
lead,0.3827519416809082,0.8681749701499939,-1.883408096148287e-09,0.41939017176628113,0.8569323420524597,-0.03305373713374138,0.44808974862098694,0.8099252581596375,-0.049842994660139084,0.4333249032497406,0.7634849548339844,-0.06337737292051315,0.4031665325164795,0.7328469157218933,-0.07512921094894409,0.4513404071331024,0.7034905552864075,-0.037144605070352554,0.4590146839618683,0.6149688959121704,-0.06275847554206848,0.4614022374153137,0.5629643201828003,-0.0779428705573082,0.4613453149795532,0.5165804624557495,-0.08876139670610428,0.4166599214076996,0.6965926885604858,-0.03429364785552025,0.4179132878780365,0.6858444809913635,-0.07261407375335693,0.41358253359794617,0.7449244260787964,-0.08182734251022339,0.41115662455558777,0.771377682685852,-0.08052390068769455,0.38395771384239197,0.70333331823349,-0.034762945026159286,0.3812619745731354,0.7068835496902466,-0.07112200558185577,0.3850751221179962,0.762166440486908,-0.06670249998569489,0.3886280059814453,0.779998779296875,-0.0555742010474205,0.35326671600341797,0.7181574106216431,-0.038159169256687164,0.35553398728370667,0.7229794263839722,-0.06244789436459541,0.36340469121932983,0.7627938389778137,-0.05777852237224579,0.3683706521987915,0.7770079970359802,-0.04842191934585571
lead,0.38319188356399536,0.8696920871734619,7.674467283891317e-09,0.41987359523773193,0.8573272824287415,-0.03362414985895157,0.4472106099128723,0.8098482489585876,-0.050705961883068085,0.4335066080093384,0.7624833583831787,-0.06440632045269012,0.40330252051353455,0.7328394651412964,-0.07619911432266235,0.4512690603733063,0.7043995261192322,-0.03731623291969299,0.458522230386734,0.6152539253234863,-0.06251990795135498,0.4610362648963928,0.5632261633872986,-0.07736524939537048,0.4612986743450165,0.5172310471534729,-0.08791427314281464,0.41659003496170044,0.6987026333808899,-0.034216176718473434,0.419443279504776,0.6842494606971741,-0.07204757630825043,0.41506698727607727,0.7426764369010925,-0.08094578236341476,0.41209155321121216,0.7699975967407227,-0.07941335439682007,0.3836815655231476,0.7056615948677063,-0.03450427204370499,0.38379624485969543,0.7060094475746155,-0.07063635438680649,0.38703033328056335,0.7606045603752136,-0.0665360689163208,0.38958582282066345,0.7792503833770752,-0.055547285825014114,0.35258468985557556,0.7204562425613403,-0.037758879363536835,0.3571312129497528,0.7219956517219543,-0.06187279522418976,0.365016371011734,0.7608022093772888,-0.057471804320812225,0.3693065345287323,0.7758551836013794,-0.04839550703763962
lead,0.3825129270553589,0.8707917332649231,4.250697571706041e-09,0.4196354150772095,0.8587579727172852,-0.03243015706539154,0.4470287263393402,0.8112130761146545,-0.04925011470913887,0.4335240423679352,0.7639561295509338,-0.06321515887975693,0.40320324897766113,0.7347040176391602,-0.07562844455242157,0.4513436257839203,0.7061542868614197,-0.03596760332584381,0.4582878351211548,0.6156291365623474,-0.060352712869644165,0.46075981855392456,0.5629105567932129,-0.07495106011629105,0.4604988396167755,0.5166799426078796,-0.08538901060819626,0.4164496660232544,0.7011696100234985,-0.03323524445295334,0.4177658259868622,0.6844974756240845,-0.07169564068317413,0.41397419571876526,0.7429861426353455,-0.0812607929110527,0.4113091826438904,0.7730311751365662,-0.07987036556005478,0.3834810256958008,0.7077101469039917,-0.03361473232507706,0.381388783454895,0.7037834525108337,-0.06992115080356598,0.3853987455368042,0.7596190571784973,-0.0656459629535675,0.3884119391441345,0.7830349206924438,-0.054222214967012405,0.35227152705192566,0.7215771675109863,-0.03683742508292198,0.3553468585014343,0.7190003991127014,-0.061664026230573654,0.36350879073143005,0.759109377861023,-0.05728202313184738,0.3686603903770447,0.7780119776725769,-0.047829173505306244
lead,0.38388562202453613,0.8688715696334839,7.354815867444131e-09,0.41964802145957947,0.8570888042449951,-0.03327908739447594,0.44741883873939514,0.8103838562965393,-0.0509486049413681,0.4333602488040924,0.7656722664833069,-0.06549595296382904,0.402161180973053,0.7353713512420654,-0.0782720297574997,0.449815034866333,0.702731192111969,-0.03945360332727432,0.45777037739753723,0.6141762137413025,-0.0651082992553711,0.4599872827529907,0.5633307695388794,-0.08011353760957718,0.45979687571525574,0.5174881815910339,-0.09094659984111786,0.41436827182769775,0.6959790587425232,-0.036894410848617554,0.414652019739151,0.6906965970993042,-0.07567781955003738,0.4112001955509186,0.7502711415290833,-0.08488622307777405,0.40941646695137024,0.7757766842842102,-0.08377555012702942,0.38125959038734436,0.7034286856651306,-0.03753247484564781,0.3781510591506958,0.7117291688919067,-0.07382216304540634,0.3830385208129883,0.7669598460197449,-0.06924278289079666,0.3872377872467041,0.7839834094047546,-0.058277517557144165,0.35110533237457275,0.7187100052833557,-0.041202519088983536,0.3533512353897095,0.7277017831802368,-0.06527262181043625,0.361651211977005,0.7676615715026855,-0.06065529212355614,0.36695921421051025,0.781240701675415,-0.05150846019387245
lead,0.38318511843681335,0.869313657283783,-6.1270140072622326e-09,0.41856521368026733,0.8582593202590942,-0.03393769636750221,0.4461660087108612,0.8110295534133911,-0.05125937610864639,0.432623952627182,0.7629799842834473,-0.06510209292173386,0.40415164828300476,0.7298848032951355,-0.07690534740686417,0.4507075846195221,0.7045891880989075,-0.038168128579854965,0.45811033248901367,0.6149289608001709,-0.06392783671617508,0.4604915380477905,0.5627484917640686,-0.07845869660377502,0.46049410104751587,0.5165761113166809,-0.08864280581474304,0.4156601130962372,0.6977680325508118,-0.03458273038268089,0.4160107970237732,0.6888600587844849,-0.07179778814315796,0.41232067346572876,0.7498790621757507,-0.07893974334001541,0.4110240638256073,0.7744203209877014,-0.07639399915933609,0.38268035650253296,0.7041717171669006,-0.034560754895210266,0.37997695803642273,0.7082695364952087,-0.07071955502033234,0.38438841700553894,0.7647116780281067,-0.06493612378835678,0.388542115688324,0.7805381417274475,-0.05303318798542023,0.3517827093601227,0.7181383967399597,-0.03757098689675331,0.3541547358036041,0.7234724164009094,-0.06197286397218704,0.36231863498687744,0.7641597390174866,-0.05674923211336136,0.36726146936416626,0.7774173021316528,-0.04698425531387329
lead,0.384431391954422,0.8686733841896057,-4.899009642400642e-09,0.4198050796985626,0.8567746877670288,-0.03252815827727318,0.4460812211036682,0.8100502490997314,-0.04991016164422035,0.4328518509864807,0.7642457485198975,-0.06424414366483688,0.4027010202407837,0.7343177795410156,-0.07686153054237366,0.4500580132007599,0.7037017345428467,-0.038733094930648804,0.4577719271183014,0.6149197816848755,-0.06476372480392456,0.4599691927433014,0.5633527636528015,-0.08036729693412781,0.4597148597240448,0.5172542333602905,-0.09160667657852173,0.41490164399147034,0.6974260210990906,-0.03626325726509094,0.4167785346508026,0.6892265677452087,-0.07435772567987442,0.412480890750885,0.748607873916626,-0.08307807147502899,0.40956947207450867,0.7734051942825317,-0.08199101686477661,0.3817592263221741,0.7051618099212646,-0.03699718415737152,0.38074856996536255,0.7098142504692078,-0.07237367331981659,0.3845127820968628,0.7640981674194336,-0.06705812364816666,0.38709738850593567,0.780704140663147,-0.0560653880238533,0.3508179187774658,0.7210140228271484,-0.04073648527264595,0.35392338037490845,0.7272243499755859,-0.06411919742822647,0.36166858673095703,0.7655516862869263,-0.0590018555521965,0.3657290041446686,0.778434693813324,-0.04984132573008537
lead,0.3837072551250458,0.8697634935379028,4.991614899196861e-10,0.41950109601020813,0.8573839664459229,-0.03241807594895363,0.44714096188545227,0.8098617792129517,-0.04925040900707245,0.4318775236606598,0.7637647390365601,-0.06291840225458145,0.40075546503067017,0.7351216673851013,-0.07478717714548111,0.4498567283153534,0.7035942077636719,-0.03693129122257233,0.45686906576156616,0.6146610379219055,-0.06234581395983696,0.45916447043418884,0.5628002285957336,-0.07728307694196701,0.4590412676334381,0.5168861746788025,-0.08802232146263123,0.4147334098815918,0.6991591453552246,-0.03436850383877754,0.41587862372398376,0.6871961951255798,-0.07148174941539764,0.41291236877441406,0.748375654220581,-0.07921946793794632,0.41178640723228455,0.7736719250679016,-0.07730309665203094,0.3819226622581482,0.7074840664863586,-0.03516900911927223,0.37905994057655334,0.7090161442756653,-0.07060134410858154,0.3842420279979706,0.7650354504585266,-0.06482445448637009,0.3887118995189667,0.7813262939453125,-0.05326390266418457,0.3510110080242157,0.7232460379600525,-0.038882751017808914,0.35261058807373047,0.7254988551139832,-0.062129996716976166,0.36127859354019165,0.7654997110366821,-0.05623159557580948,0.3665456175804138,0.7789316177368164,-0.046458639204502106
lead,0.3804619014263153,0.8718051314353943,-1.2947697136667102e-08,0.4177992045879364,0.8586256504058838,-0.0328625813126564,0.4445905089378357,0.8096778392791748,-0.04909257963299751,0.4315602481365204,0.7633082866668701,-0.06211740896105766,0.4013271629810333,0.7355767488479614,-0.07316449284553528,0.448899507522583,0.7052654027938843,-0.03525711968541145,0.4561033844947815,0.6160436272621155,-0.059997595846652985,0.45820683240890503,0.5636380910873413,-0.0747106745839119,0.45817530155181885,0.5176610946655273,-0.0852157324552536,0.4148232340812683,0.699158787727356,-0.0320783369243145,0.41571956872940063,0.690338671207428,-0.06877581030130386,0.4113783538341522,0.7501271963119507,-0.07690728455781937,0.4095648229122162,0.775678813457489,-0.07509589195251465,0.38196268677711487,0.7058433294296265,-0.03238006308674812,0.37955692410469055,0.7086967825889587,-0.06746590882539749,0.3833974599838257,0.7637040019035339,-0.0625842958688736,0.3874150216579437,0.7813159227371216,-0.0513533353805542,0.3511340320110321,0.7201986908912659,-0.03570466861128807,0.35335665941238403,0.723320722579956,-0.05905982106924057,0.3613283634185791,0.7624777555465698,-0.05400582775473595,0.36623913049697876,0.777533769607544,-0.04450501874089241
lead,0.3817356824874878,0.871091365814209,-1.5763138350166628e-08,0.41852495074272156,0.8587104678153992,-0.03191365674138069,0.44632038474082947,0.8105255961418152,-0.04844843968749046,0.43188658356666565,0.7641535997390747,-0.061992477625608444,0.4018350839614868,0.7343724966049194,-0.07367361336946487,0.4487801492214203,0.7032639384269714,-0.036123283207416534,0.4560120105743408,0.6148254871368408,-0.061188843101263046,0.45805516839027405,0.5633129477500916,-0.07613505423069,0.4574723541736603,0.5172627568244934,-0.0870460718870163,0.41375818848609924,0.6978231072425842,-0.03366130217909813,0.4143489897251129,0.6909045577049255,-0.07075401395559311,0.41096508502960205,0.751639187335968,-0.07896563410758972,0.40860921144485474,0.7759681940078735,-0.07750951498746872,0.38091471791267395,0.7055526971817017,-0.03452334180474281,0.3787524104118347,0.7110558748245239,-0.06959395110607147,0.38354259729385376,0.7670667171478271,-0.06416768580675125,0.3869853913784027,0.7827951312065125,-0.05304882302880287,0.35024064779281616,0.7211400866508484,-0.038363274186849594,0.3530113995075226,0.7285417318344116,-0.061631228774785995,0.3614824712276459,0.7692222595214844,-0.05645378679037094,0.3662865161895752,0.7820624113082886,-0.047237370163202286
lead,0.387224406003952,0.8430635929107666,1.7782971895030641e-07,0.4166577458381653,0.8468335270881653,-0.04153675585985184,0.44452720880508423,0.8130422830581665,-0.06817791610956192,0.4367603063583374,0.769456148147583,-0.08980463445186615,0.4107586145401001,0.7353395223617554,-0.10908018052577972,0.45060595870018005,0.7061402201652527,-0.05249166861176491,0.4548600912094116,0.6192151308059692,-0.08881618082523346,0.45730358362197876,0.5659967660903931,-0.1061289981007576,0.4573768377304077,0.5200598239898682,-0.11567611992359161,0.4153427481651306,0.6957483887672424,-0.04564438387751579,0.4139839708805084,0.691398024559021,-0.08911658078432083,0.4117352366447449,0.7617002129554749,-0.0898638367652893,0.4132445454597473,0.7731248736381531,-0.08081117272377014,0.38173791766166687,0.6983863711357117,-0.043883245438337326,0.3777925670146942,0.7139190435409546,-0.0842575654387474,0.38441935181617737,0.7707505226135254,-0.06965723633766174,0.3907555341720581,0.7747162580490112,-0.05116764083504677,0.3496782183647156,0.7092862725257874,-0.045932587236166,0.3517708480358124,0.7298451066017151,-0.07230108976364136,0.36231452226638794,0.7718790769577026,-0.06300225853919983,0.3692986071109772,0.7744767665863037,-0.049547258764505386
lead,0.38363465666770935,0.8709698915481567,2.084339922880929e-10,0.41895848512649536,0.8587902188301086,-0.03327435627579689,0.44533824920654297,0.8111786842346191,-0.050753045827150345,0.43252986669540405,0.764483630657196,-0.0652802363038063,0.4025270342826843,0.734806478023529,-0.07810056209564209,0.4498448669910431,0.7041937112808228,-0.03737359121441841,0.4562661647796631,0.6138414740562439,-0.06257373094558716,0.4583525061607361,0.561910092830658,-0.07765305042266846,0.45784682035446167,0.5163654088973999,-0.08840557932853699,0.41485595703125,0.699837863445282,-0.034445639699697495,0.4160429537296295,0.6865645051002502,-0.0732690840959549,0.41276267170906067,0.7453376054763794,-0.08286906778812408,0.41056734323501587,0.7737189531326294,-0.08166506886482239,0.38216012716293335,0.707552969455719,-0.03475487604737282,0.3796719014644623,0.7064527869224548,-0.07172907143831253,0.3843204379081726,0.7619081735610962,-0.06766816228628159,0.3878593146800995,0.783187210559845,-0.056447211652994156,0.35150930285453796,0.7224194407463074,-0.03796205297112465,0.35365504026412964,0.7210438847541809,-0.06346865743398666,0.3622093200683594,0.7609712481498718,-0.0593126155436039,0.3678582012653351,0.7786749601364136,-0.05000319704413414
lead,0.3818280100822449,0.86988365650177,-8.734225787065952e-09,0.41770341992378235,0.8581267595291138,-0.03380536660552025,0.4448222815990448,0.8115739822387695,-0.051245369017124176,0.42904022336006165,0.7647104263305664,-0.06534433364868164,0.4007030427455902,0.7328374981880188,-0.07754341512918472,0.4496880769729614,0.7051056623458862,-0.03787927329540253,0.45665955543518066,0.6151527166366577,-0.06341654807329178,0.4584444761276245,0.5626049637794495,-0.07848068326711655,0.45792829990386963,0.5161476135253906,-0.0891692116856575,0.4148288369178772,0.6984428763389587,-0.034596603363752365,0.4146573543548584,0.6877566576004028,-0.07340777665376663,0.41000238060951233,0.7468513250350952,-0.08252190053462982,0.40799787640571594,0.7745887637138367,-0.08099184185266495,0.38203829526901245,0.7050496935844421,-0.03466328978538513,0.3782564401626587,0.7074455618858337,-0.07125912606716156,0.3823651075363159,0.762795090675354,-0.06658636033535004,0.3869093954563141,0.7823405265808105,-0.05515240132808685,0.3513457477092743,0.7194604873657227,-0.03773809224367142,0.3526136577129364,0.723107099533081,-0.06236613169312477,0.3606908619403839,0.7632614970207214,-0.057788629084825516,0.3666607141494751,0.778808057308197,-0.048312462866306305
lead,0.38161996006965637,0.8707686066627502,-2.0292521440978817e-08,0.41849732398986816,0.8580789566040039,-0.03331826627254486,0.44702476263046265,0.8095405101776123,-0.04966764897108078,0.43076467514038086,0.7631285190582275,-0.06252682209014893,0.40070247650146484,0.7339021563529968,-0.07347133010625839,0.4485008120536804,0.7026960253715515,-0.0370953232049942,0.45617032051086426,0.614202082157135,-0.062261633574962616,0.45789387822151184,0.5626428723335266,-0.0776347741484642,0.4576139748096466,0.5166351795196533,-0.08883140236139297,0.41323912143707275,0.6973339319229126,-0.0339549295604229,0.41307249665260315,0.6898384690284729,-0.0710417777299881,0.4093575179576874,0.7502419352531433,-0.07992437481880188,0.40762272477149963,0.7749532461166382,-0.07905266433954239,0.380454421043396,0.7051933407783508,-0.03421291708946228,0.3764486014842987,0.708038866519928,-0.06966787576675415,0.38147521018981934,0.7643636465072632,-0.06504711508750916,0.38585978746414185,0.7817111015319824,-0.05440007522702217,0.3497307300567627,0.7213384509086609,-0.03750687465071678,0.35018911957740784,0.7256143093109131,-0.061724502593278885,0.3590829074382782,0.7662646174430847,-0.057019684463739395,0.3644086718559265,0.7812889814376831,-0.04790467023849487
lead,0.38141873478889465,0.8692581057548523,-8.946128282616428e-09,0.417133092880249,0.858332097530365,-0.0336725190281868,0.4452136754989624,0.8125032186508179,-0.05113924667239189,0.4311521351337433,0.7666525840759277,-0.06532705575227737,0.40252232551574707,0.7344019412994385,-0.07746713608503342,0.44963255524635315,0.7028510570526123,-0.03789280727505684,0.45710697770118713,0.6136712431907654,-0.06316089630126953,0.4590478837490082,0.5619286894798279,-0.07788574695587158,0.45850878953933716,0.5158450603485107,-0.08846522867679596,0.4147854149341583,0.6957932710647583,-0.0348375029861927,0.4150863289833069,0.6887556910514832,-0.07174301892518997,0.41121265292167664,0.7485634088516235,-0.07981058210134506,0.4092440605163574,0.7718531489372253,-0.07829665392637253,0.38188618421554565,0.702572762966156,-0.03522437438368797,0.37902840971946716,0.7072187662124634,-0.07081147283315659,0.38378286361694336,0.7635911107063293,-0.06543372571468353,0.3877232074737549,0.7797293066978455,-0.054137807339429855,0.3509195148944855,0.7172677516937256,-0.038692425936460495,0.35312125086784363,0.7223799824714661,-0.06286831945180893,0.36179643869400024,0.7631368637084961,-0.05772387236356735,0.36678820848464966,0.7772520780563354,-0.048150572925806046
lead,0.3835148811340332,0.8684748411178589,-4.31387858768062e-09,0.4185381531715393,0.8567166328430176,-0.03458660468459129,0.4471798241138458,0.8106124401092529,-0.052697405219078064,0.43300461769104004,0.7638885974884033,-0.06716560572385788,0.4029967784881592,0.7320864796638489,-0.0795934647321701,0.4494647979736328,0.7012143731117249,-0.03988588973879814,0.45725175738334656,0.6138074398040771,-0.06631677597761154,0.45939311385154724,0.5621244311332703,-0.08179359138011932,0.45887207984924316,0.5155290961265564,-0.0929608941078186,0.4146110713481903,0.6941804885864258,-0.03675046190619469,0.41577887535095215,0.6873660683631897,-0.074614018201828,0.41209137439727783,0.7490527033805847,-0.08263394981622696,0.4098641574382782,0.7734176516532898,-0.0809650868177414,0.3818973898887634,0.7012398838996887,-0.037179622799158096,0.37935566902160645,0.7089527249336243,-0.07330110669136047,0.3841376006603241,0.7658310532569885,-0.06780712306499481,0.3880101442337036,0.7812696099281311,-0.05648349970579147,0.35132285952568054,0.7167595028877258,-0.040814585983753204,0.3535153567790985,0.725925087928772,-0.0650356337428093,0.36254268884658813,0.7672767639160156,-0.060083258897066116,0.36764469742774963,0.7801382541656494,-0.050872232764959335
lead,0.38295620679855347,0.8684651851654053,4.84295004099522e-09,0.4178444743156433,0.8574376106262207,-0.0346226803958416,0.4459454417228699,0.8115425705909729,-0.05275174230337143,0.4317234754562378,0.7647321820259094,-0.06737814098596573,0.40260252356529236,0.7319150567054749,-0.080030657351017,0.44982603192329407,0.7027937769889832,-0.03934995457530022,0.4571012258529663,0.6136763691902161,-0.0657157376408577,0.45908308029174805,0.561474084854126,-0.08091353625059128,0.45859724283218384,0.5150468349456787,-0.09171847254037857,0.41497594118118286,0.6960664987564087,-0.035999469459056854,0.4147217571735382,0.6893439292907715,-0.07381831854581833,0.411013126373291,0.7494974732398987,-0.08168233931064606,0.4096401035785675,0.7716513872146606,-0.07975411415100098,0.38225334882736206,0.7030572891235352,-0.036242108792066574,0.3780261278152466,0.7108444571495056,-0.07246465981006622,0.38307467103004456,0.7669752240180969,-0.06679614633321762,0.38777095079421997,0.7808592319488525,-0.055236827582120895,0.3515850007534027,0.7178727984428406,-0.03968124836683273,0.35232436656951904,0.7281444072723389,-0.06405460834503174,0.3609582781791687,0.7693759799003601,-0.05888525769114494,0.3664017617702484,0.7814005613327026,-0.049293242394924164
lead,0.38280758261680603,0.8700522184371948,3.6039597972603588e-09,0.41950762271881104,0.8580708503723145,-0.03289779648184776,0.4462639093399048,0.8102512359619141,-0.05030255764722824,0.4309847354888916,0.7629213929176331,-0.06482475250959396,0.40105122327804565,0.7312248945236206,-0.07785142958164215,0.45020145177841187,0.7042157053947449,-0.036843445152044296,0.45701169967651367,0.6146470308303833,-0.06209033727645874,0.45901748538017273,0.562096118927002,-0.07755514234304428,0.4581674635410309,0.5161150097846985,-0.08868610113859177,0.4150172173976898,0.6989313364028931,-0.033981263637542725,0.4158846437931061,0.6841970086097717,-0.07381055504083633,0.41288501024246216,0.7435145378112793,-0.08428505063056946,0.4105614125728607,0.7743194699287415,-0.0833904892206192,0.38210001587867737,0.7063102722167969,-0.03422592207789421,0.37882542610168457,0.7041280269622803,-0.07147780805826187,0.3839891254901886,0.7599987387657166,-0.06748075038194656,0.3877938985824585,0.7835633754730225,-0.05619649961590767,0.35109996795654297,0.721167802810669,-0.037308160215616226,0.3526923656463623,0.7202210426330566,-0.06320871412754059,0.36162906885147095,0.7605295181274414,-0.059356484562158585,0.3679433763027191,0.7791022658348083,-0.05013307183980942
lead,0.3823620080947876,0.8703934550285339,-5.788933776784688e-09,0.4183041751384735,0.8576576113700867,-0.031997162848711014,0.4447518587112427,0.810492217540741,-0.04920782893896103,0.4318585991859436,0.7652835249900818,-0.06365849822759628,0.40203067660331726,0.7351194024085999,-0.0764879658818245,0.4502819776535034,0.7049670219421387,-0.036369916051626205,0.4570787847042084,0.6153807640075684,-0.0614822655916214,0.4590362310409546,0.5628657341003418,-0.07664134353399277,0.458391934633255,0.5164980888366699,-0.08751694113016129,0.41540178656578064,0.6989908218383789,-0.03409311920404434,0.4167182147502899,0.6856293082237244,-0.07231428474187851,0.4125249981880188,0.7450412511825562,-0.0814809799194336,0.40976136922836304,0.7725281119346619,-0.08018003404140472,0.3824513554573059,0.7058280110359192,-0.03494861721992493,0.37987470626831055,0.7047198414802551,-0.07054666429758072,0.38363349437713623,0.7602936625480652,-0.06519515812397003,0.3867981731891632,0.7803430557250977,-0.05357794463634491,0.3513830006122589,0.7201337814331055,-0.03869836777448654,0.3533342778682709,0.7193208932876587,-0.0622350312769413,0.3606736958026886,0.7592137455940247,-0.05655565485358238,0.3651956021785736,0.7757201790809631,-0.04659412428736687
lead,0.38153475522994995,0.8711086511611938,-1.487156087165431e-08,0.41827642917633057,0.8581504225730896,-0.03242069110274315,0.44570374488830566,0.8096672892570496,-0.04859359562397003,0.43200576305389404,0.7629272937774658,-0.06166649982333183,0.4026118218898773,0.7311239242553711,-0.07292607426643372,0.44948601722717285,0.7042771577835083,-0.03516954928636551,0.4568955898284912,0.615130603313446,-0.06010592728853226,0.45893394947052,0.5626955032348633,-0.07520688325166702,0.45829445123672485,0.5163344144821167,-0.08601390570402145,0.4145483672618866,0.6996456980705261,-0.032426122575998306,0.4150347411632538,0.6847498416900635,-0.0699106901884079,0.4112562835216522,0.7455080151557922,-0.07875270396471024,0.4089338779449463,0.7731907367706299,-0.07722922414541245,0.381525456905365,0.7068642377853394,-0.033061008900403976,0.3781857192516327,0.7044760584831238,-0.06890570372343063,0.3827739357948303,0.7619549036026001,-0.06386252492666245,0.3863266408443451,0.781896710395813,-0.05232822149991989,0.35020726919174194,0.7216327786445618,-0.03658457472920418,0.35127806663513184,0.7202529311180115,-0.06065739691257477,0.3599183261394501,0.7613617777824402,-0.05533003807067871,0.3649222254753113,0.7781174182891846,-0.04555791988968849
lead,0.38456135988235474,0.8452342748641968,1.779801976908857e-07,0.41579002141952515,0.8480435013771057,-0.04369350150227547,0.44485393166542053,0.8136047124862671,-0.06976921856403351,0.4344630837440491,0.7682124376296997,-0.08969342708587646,0.4075166583061218,0.7314649224281311,-0.10696454346179962,0.4520435929298401,0.7080066204071045,-0.05241749435663223,0.45634251832962036,0.6222595572471619,-0.08829787373542786,0.4578130841255188,0.5661615133285522,-0.10622721165418625,0.4566233158111572,0.5179895162582397,-0.11631609499454498,0.4188229441642761,0.6955150365829468,-0.04402384161949158,0.4169664680957794,0.6826304793357849,-0.08611644804477692,0.41402432322502136,0.751391589641571,-0.08700201660394669,0.4157922863960266,0.7674431204795837,-0.0778258815407753,0.38624730706214905,0.6960065960884094,-0.04089546203613281,0.3800813853740692,0.7066752910614014,-0.08096007257699966,0.3853430151939392,0.7643712759017944,-0.06744466722011566,0.3917728066444397,0.7727009057998657,-0.04919876530766487,0.35401734709739685,0.7058510780334473,-0.04169792681932449,0.3540187478065491,0.7232902646064758,-0.0687158852815628,0.3635339140892029,0.7662372589111328,-0.06033892557024956,0.3702518343925476,0.7726194858551025,-0.047236118465662
lead,0.38050612807273865,0.8696739077568054,-4.9029544868517405e-09,0.4176284074783325,0.8570423722267151,-0.03162527456879616,0.44458118081092834,0.8097355365753174,-0.048644084483385086,0.4335518777370453,0.7632756233215332,-0.0630217045545578,0.40453794598579407,0.7317600250244141,-0.07579869776964188,0.4500654637813568,0.7047820091247559,-0.035914164036512375,0.4570828974246979,0.6150926351547241,-0.06077907606959343,0.45928525924682617,0.5621926784515381,-0.07562234997749329,0.45851054787635803,0.515539288520813,-0.0862935408949852,0.41531527042388916,0.6987814903259277,-0.03371623158454895,0.41683119535446167,0.6841710805892944,-0.07161779701709747,0.41327691078186035,0.744229257106781,-0.08042659610509872,0.41028741002082825,0.7721862196922302,-0.07879695296287537,0.3823963701725006,0.7057181596755981,-0.034603554755449295,0.3802812099456787,0.7051895260810852,-0.07024218887090683,0.3845710754394531,0.761465311050415,-0.06480041891336441,0.3870738744735718,0.7818210124969482,-0.05303364619612694,0.351172536611557,0.7201240062713623,-0.038332000374794006,0.3541626036167145,0.7202749848365784,-0.06208302080631256,0.36183255910873413,0.7609131336212158,-0.056543223559856415,0.3658825159072876,0.7777748703956604,-0.046643856912851334
lead,0.38268089294433594,0.8688061237335205,-1.568719021349807e-08,0.41971707344055176,0.8555642366409302,-0.03153034672141075,0.44573041796684265,0.8075747489929199,-0.04789917171001434,0.43178144097328186,0.7620185017585754,-0.0615411214530468,0.4015350341796875,0.733361542224884,-0.07346439361572266,0.45013314485549927,0.7036698460578918,-0.035695236176252365,0.4572509229183197,0.6129222512245178,-0.05980456992983818,0.4593329429626465,0.5609298348426819,-0.07421326637268066,0.45916587114334106,0.5150795578956604,-0.08459409326314926,0.41539496183395386,0.6987274885177612,-0.03354252874851227,0.4160133898258209,0.6862738728523254,-0.07158507406711578,0.41186487674713135,0.7449518442153931,-0.08125600963830948,0.4092877209186554,0.7735770344734192,-0.08027733117341995,0.382709801197052,0.705635666847229,-0.03440107777714729,0.37968388199806213,0.7031222581863403,-0.07039134204387665,0.38387641310691833,0.758811354637146,-0.06632590293884277,0.3874584436416626,0.7807867527008057,-0.05527826398611069,0.352175235748291,0.7199528217315674,-0.0380244143307209,0.3534504175186157,0.7159291505813599,-0.06257641315460205,0.36205577850341797,0.7558861374855042,-0.057941991835832596,0.36764606833457947,0.7749035954475403,-0.04842401295900345
lead,0.38410308957099915,0.8707441687583923,6.035734578802021e-09,0.41884148120880127,0.8569902181625366,-0.03383134305477142,0.444075345993042,0.8102816939353943,-0.05234057828783989,0.43160486221313477,0.7633039355278015,-0.06789209693670273,0.40442752838134766,0.7294437885284424,-0.08167330175638199,0.4497099816799164,0.7043079733848572,-0.0380748026072979,0.45715606212615967,0.6148762106895447,-0.0636889711022377,0.45922863483428955,0.5622351169586182,-0.07885243743658066,0.4586670994758606,0.5160375237464905,-0.08957953006029129,0.41465556621551514,0.6992570161819458,-0.03487655892968178,0.41484060883522034,0.6861851811408997,-0.07378271967172623,0.410702645778656,0.7460221648216248,-0.08269950747489929,0.4086274206638336,0.7738815546035767,-0.08092314004898071,0.3817497789859772,0.7060974836349487,-0.03498367965221405,0.37803882360458374,0.7051056623458862,-0.07164553552865982,0.38242048025131226,0.7616223096847534,-0.06613747030496597,0.38646483421325684,0.7830036282539368,-0.05400297790765762,0.3510045111179352,0.7201070785522461,-0.03812412545084953,0.3520202040672302,0.719717264175415,-0.06316541135311127,0.3604056239128113,0.7607910633087158,-0.05809054151177406,0.36625799536705017,0.7786111235618591,-0.04808050021529198
lead,0.38495829701423645,0.8419025540351868,1.577851236334027e-07,0.4151504933834076,0.8474693298339844,-0.044373977929353714,0.44466742873191833,0.8132819533348083,-0.07041594386100769,0.4335598945617676,0.7678998112678528,-0.09022542834281921,0.4064611792564392,0.7308542728424072,-0.10676248371601105,0.45116621255874634,0.7069758176803589,-0.054213691502809525,0.4563150107860565,0.6209231019020081,-0.09213533997535706,0.45863574743270874,0.5678786039352417,-0.10931598395109177,0.4586014151573181,0.5194833278656006,-0.11796563863754272,0.41720253229141235,0.6950163245201111,-0.045663293451070786,0.413453072309494,0.6874823570251465,-0.0884765088558197,0.4111945629119873,0.7586520910263062,-0.08703318238258362,0.4145948588848114,0.769331157207489,-0.07604966312646866,0.38456788659095764,0.6957658529281616,-0.04286379739642143,0.3771151304244995,0.7087764739990234,-0.0843142494559288,0.3830470144748688,0.768197774887085,-0.06897566467523575,0.3904761075973511,0.7723034024238586,-0.04922812804579735,0.3531583249568939,0.7054823040962219,-0.044019635766744614,0.35244035720825195,0.7229790687561035,-0.07046866416931152,0.36170655488967896,0.7667772769927979,-0.06026804819703102,0.3677346408367157,0.7719914317131042,-0.04584940895438194
lead,0.3835487365722656,0.8680963516235352,-2.516028496657441e-09,0.41974034905433655,0.8565201759338379,-0.033588673919439316,0.44460588693618774,0.8085253834724426,-0.05026465654373169,0.4303193688392639,0.7628962397575378,-0.06360562890768051,0.40130874514579773,0.734480082988739,-0.07523863762617111,0.4499943256378174,0.703776478767395,-0.03796309977769852,0.45654332637786865,0.612846851348877,-0.06402718275785446,0.45923110842704773,0.5598625540733337,-0.08025795221328735,0.4590575695037842,0.5139662027359009,-0.09156572073698044,0.4151029586791992,0.699444055557251,-0.034324005246162415,0.41425830125808716,0.6825380921363831,-0.07380978018045425,0.41050204634666443,0.742058515548706,-0.08347460627555847,0.40891459584236145,0.7741647958755493,-0.08189458400011063,0.38237038254737854,0.7061513662338257,-0.034017324447631836,0.37802380323410034,0.7030884027481079,-0.07075320184230804,0.3823046386241913,0.7590546011924744,-0.06645606458187103,0.3866097927093506,0.7833042144775391,-0.054790984839200974,0.35194551944732666,0.7202351093292236,-0.036688923835754395,0.3517942726612091,0.7183173894882202,-0.06149999052286148,0.35962969064712524,0.7579916715621948,-0.05708889290690422,0.3657052218914032,0.7768105268478394,-0.047485411167144775
lead,0.3844773769378662,0.8671247959136963,3.520283842206595e-09,0.4192744195461273,0.8548992872238159,-0.03443557024002075,0.44481492042541504,0.807874858379364,-0.05280406400561333,0.43140166997909546,0.7605324983596802,-0.0678650513291359,0.4026796519756317,0.7290300726890564,-0.0811137706041336,0.44965842366218567,0.7004349231719971,-0.039253607392311096,0.4567129611968994,0.6122725009918213,-0.06530527770519257,0.45905327796936035,0.5601080060005188,-0.08107662200927734,0.4588176906108856,0.5142859816551208,-0.09235372394323349,0.41473492980003357,0.6943536400794983,-0.03580467775464058,0.41569724678993225,0.6854800581932068,-0.07416894286870956,0.4117397367954254,0.7444567680358887,-0.08320130407810211,0.4091305732727051,0.770784854888916,-0.08197720348834991,0.3819083869457245,0.701708197593689,-0.03575503081083298,0.3799302279949188,0.7053302526473999,-0.07212827354669571,0.3840390741825104,0.760105550289154,-0.06751500070095062,0.3871450126171112,0.7786239385604858,-0.05640902742743492,0.35135769844055176,0.7165091037750244,-0.03878829628229141,0.353801429271698,0.7201781868934631,-0.06372092664241791,0.3618798851966858,0.7596302032470703,-0.05943155661225319,0.3668272793292999,0.7750704288482666,-0.05031675100326538
lead,0.3825886845588684,0.8684898614883423,8.355202085752467e-10,0.41911426186561584,0.856045126914978,-0.03390348330140114,0.4443616569042206,0.8080493211746216,-0.05134369805455208,0.430743932723999,0.7609079480171204,-0.06555159389972687,0.40104666352272034,0.7312025427818298,-0.07811646908521652,0.45039433240890503,0.7037103176116943,-0.03796198591589928,0.4567350149154663,0.6125929951667786,-0.06339146941900253,0.45915359258651733,0.5592058897018433,-0.07878105342388153,0.45895883440971375,0.5136879682540894,-0.08947988599538803,0.41558241844177246,0.7000247836112976,-0.034422580152750015,0.41616156697273254,0.6830036044120789,-0.0735645666718483,0.4124051034450531,0.7414309978485107,-0.08318955451250076,0.4105144143104553,0.7733115553855896,-0.08160607516765594,0.382898211479187,0.7071571350097656,-0.034175511449575424,0.3796333968639374,0.702086329460144,-0.07116793841123581,0.3836407959461212,0.7571476697921753,-0.06719911098480225,0.38735270500183105,0.7815641760826111,-0.05571191757917404,0.3524344563484192,0.7211711406707764,-0.036849990487098694,0.35299360752105713,0.7151119709014893,-0.062350716441869736,0.36096397042274475,0.7544891834259033,-0.05806291475892067,0.3667285144329071,0.7747365236282349,-0.048421189188957214
lead,0.38218411803245544,0.8688595294952393,2.7425970383632148e-09,0.41876497864723206,0.8557663559913635,-0.03387964144349098,0.4451550841331482,0.8083051443099976,-0.05178278312087059,0.4310646653175354,0.762066125869751,-0.0664236918091774,0.40153631567955017,0.7324233055114746,-0.07939600944519043,0.4502854645252228,0.7031505107879639,-0.038843877613544464,0.45727989077568054,0.6140947341918945,-0.0647859200835228,0.4594497084617615,0.5613943934440613,-0.08044695109128952,0.45910361409187317,0.5152760744094849,-0.09160476922988892,0.41511642932891846,0.698275625705719,-0.03565075621008873,0.4170081615447998,0.6842426061630249,-0.07432954013347626,0.41263312101364136,0.7433009743690491,-0.08342477679252625,0.4094325602054596,0.7709470987319946,-0.08207117766141891,0.38206905126571655,0.7058499455451965,-0.03579847514629364,0.3799351453781128,0.7047289609909058,-0.07203927636146545,0.38378798961639404,0.7598587870597839,-0.0672270879149437,0.3865879476070404,0.7796677350997925,-0.055932726711034775,0.35096248984336853,0.7210400700569153,-0.038967315107584,0.3532194495201111,0.7214192152023315,-0.06322576850652695,0.36106735467910767,0.7605880498886108,-0.058470383286476135,0.3657039701938629,0.77618008852005,-0.04923482611775398
lead,0.38485756516456604,0.8679695129394531,3.6626346400225884e-09,0.42002812027931213,0.8554055690765381,-0.0324820838868618,0.4455360770225525,0.8088756203651428,-0.04993964731693268,0.43131887912750244,0.7625870704650879,-0.06454013288021088,0.4019497036933899,0.7322760224342346,-0.07759421318769455,0.4505369961261749,0.7036654353141785,-0.03742837533354759,0.45733264088630676,0.6138039827346802,-0.06288561969995499,0.4596732258796692,0.5614901781082153,-0.07824453711509705,0.45934996008872986,0.5154227614402771,-0.08924040198326111,0.4154145419597626,0.6997196078300476,-0.034967225044965744,0.4170234203338623,0.6812572479248047,-0.07385227084159851,0.4132140278816223,0.7402785420417786,-0.08347084373235703,0.41065457463264465,0.7699909806251526,-0.08230651170015335,0.38275232911109924,0.7077241539955139,-0.03561003878712654,0.380618155002594,0.7025120854377747,-0.07248560339212418,0.3847517669200897,0.7585597038269043,-0.0678776279091835,0.38803336024284363,0.7808860540390015,-0.056329961866140366,0.35198792815208435,0.7230753302574158,-0.03902137652039528,0.3540390729904175,0.7185961008071899,-0.06428242474794388,0.36227303743362427,0.7583569884300232,-0.05957631394267082,0.36777636408805847,0.7763692140579224,-0.04999501258134842
lead,0.3811084032058716,0.8679785132408142,1.2544376648548905e-09,0.4184871315956116,0.8567886352539062,-0.033404409885406494,0.44474369287490845,0.8093582987785339,-0.05078751593828201,0.43306198716163635,0.7628618478775024,-0.06511543691158295,0.4039161205291748,0.7324483394622803,-0.07789376378059387,0.4501122832298279,0.7034082412719727,-0.0375489667057991,0.45742759108543396,0.6141884326934814,-0.06291818618774414,0.46005716919898987,0.5613141059875488,-0.0786156877875328,0.4598354399204254,0.5154523849487305,-0.08972414582967758,0.41553279757499695,0.6970798373222351,-0.034247659146785736,0.4168351888656616,0.6838213205337524,-0.0736849308013916,0.4122854471206665,0.7421689033508301,-0.08404591679573059,0.40930283069610596,0.7733895778656006,-0.08303304016590118,0.38258814811706543,0.7035089731216431,-0.03406699746847153,0.3809548616409302,0.7034412026405334,-0.07065052539110184,0.3842158913612366,0.7579201459884644,-0.06679796427488327,0.386944442987442,0.7818989157676697,-0.05558103695511818,0.3518853783607483,0.7174874544143677,-0.03683522343635559,0.3543396294116974,0.7175633311271667,-0.06203959882259369,0.3620296120643616,0.7569814920425415,-0.05809793621301651,0.3673532009124756,0.7764840722084045,-0.04873751848936081
lead,0.3843059241771698,0.8678812384605408,-2.4419208877191068e-09,0.4207516610622406,0.8554149866104126,-0.0332062765955925,0.446209192276001,0.8070268034934998,-0.04989780858159065,0.4316827952861786,0.7618539929389954,-0.06333404034376144,0.4015114903450012,0.7341716885566711,-0.07499775290489197,0.449710488319397,0.700904905796051,-0.03752819821238518,0.45741134881973267,0.6130136847496033,-0.06365898996591568,0.45975998044013977,0.5611011385917664,-0.07971866428852081,0.4595622420310974,0.5152832865715027,-0.09123153239488602,0.41451865434646606,0.6964649558067322,-0.03491988778114319,0.4152687191963196,0.684382438659668,-0.07348646223545074,0.41159671545028687,0.7445838451385498,-0.08298011869192123,0.40918126702308655,0.7720059752464294,-0.08202820271253586,0.38146838545799255,0.7046819925308228,-0.03575848415493965,0.3791501522064209,0.7063767910003662,-0.07201419025659561,0.3836335837841034,0.7621385455131531,-0.06761891394853592,0.38694649934768677,0.780719518661499,-0.05668945237994194,0.3505926728248596,0.7210997343063354,-0.03963793069124222,0.35231074690818787,0.7244272828102112,-0.06370643526315689,0.36082565784454346,0.7638381719589233,-0.05896293371915817,0.36574020981788635,0.7788465023040771,-0.04982298985123634
lead,0.3837932348251343,0.8673868179321289,5.931907409717496e-09,0.41991299390792847,0.8553376793861389,-0.03388725966215134,0.44551214575767517,0.8086497783660889,-0.05226712301373482,0.4331013858318329,0.7608693838119507,-0.06753458827733994,0.4042498767375946,0.727928638458252,-0.08117272704839706,0.45132797956466675,0.7030848264694214,-0.038932930678129196,0.4577595591545105,0.6133819222450256,-0.06540506333112717,0.46045705676078796,0.560326337814331,-0.08118979632854462,0.4603964686393738,0.5147404670715332,-0.09200996160507202,0.4165428876876831,0.6985281705856323,-0.0355745330452919,0.4178517758846283,0.6809413433074951,-0.07473962754011154,0.41423550248146057,0.7406388521194458,-0.0834597796201706,0.41202786564826965,0.7713627815246582,-0.08131050318479538,0.38364583253860474,0.7057371735572815,-0.035562001168727875,0.38176393508911133,0.7013776898384094,-0.07260075956583023,0.3859497010707855,0.7571502923965454,-0.06731320917606354,0.3891688287258148,0.7802363038063049,-0.055050384253263474,0.3526071012020111,0.7201386094093323,-0.03848192095756531,0.35481134057044983,0.7148823738098145,-0.06357370316982269,0.3629618287086487,0.7548847794532776,-0.05834929645061493,0.36811745166778564,0.7739850878715515,-0.048207830637693405
lead,0.3829004764556885,0.8668378591537476,4.752628957049865e-09,0.41942131519317627,0.8545917272567749,-0.03420272096991539,0.44578033685684204,0.8070725202560425,-0.05201529711484909,0.4313521087169647,0.7607309818267822,-0.06660963594913483,0.4007294178009033,0.7327012419700623,-0.07959801703691483,0.44976702332496643,0.7023026943206787,-0.03851410746574402,0.4568440318107605,0.612851083278656,-0.06393056362867355,0.4593295454978943,0.5608527660369873,-0.07925497740507126,0.45962008833885193,0.5151681900024414,-0.09010715037584305,0.414692223072052,0.6972600221633911,-0.03519005328416824,0.4158037006855011,0.683757483959198,-0.07508327066898346,0.4112365245819092,0.74257493019104,-0.08536571264266968,0.4086534380912781,0.7732769250869751,-0.0842723399400711,0.3819686472415924,0.7042661309242249,-0.03508588299155235,0.37944772839546204,0.7018503546714783,-0.07238753139972687,0.3830854296684265,0.7567421793937683,-0.06873585283756256,0.3866257667541504,0.7799981236457825,-0.05753515288233757,0.3515549302101135,0.7186604142189026,-0.037939414381980896,0.353060245513916,0.7155312895774841,-0.06328411400318146,0.36118045449256897,0.7545307278633118,-0.0592249259352684,0.36703839898109436,0.7733025550842285,-0.04988718777894974
lead,0.3825317621231079,0.8671207427978516,4.04908995221831e-09,0.4189702570438385,0.8546527028083801,-0.032789986580610275,0.4452444911003113,0.8070825338363647,-0.04975123703479767,0.43145379424095154,0.7618144750595093,-0.06362302601337433,0.4020065367221832,0.7325130701065063,-0.07576067745685577,0.44945523142814636,0.7019124627113342,-0.03689190000295639,0.45705536007881165,0.6124995946884155,-0.06215093657374382,0.4598349630832672,0.5604327321052551,-0.07721741497516632,0.4597126245498657,0.5147217512130737,-0.08796841651201248,0.4142319858074188,0.6967145800590515,-0.03412534296512604,0.4162099063396454,0.6822845339775085,-0.07266820222139359,0.4121890366077423,0.742545485496521,-0.08180219680070877,0.4091969430446625,0.7709763646125793,-0.08029405027627945,0.3813163638114929,0.7041686773300171,-0.03462817519903183,0.37974080443382263,0.7033820748329163,-0.07087508589029312,0.38377392292022705,0.7590039968490601,-0.06614057719707489,0.38669753074645996,0.7785015106201172,-0.054758090525865555,0.3504919111728668,0.7192313075065613,-0.03802609071135521,0.35314053297042847,0.7200047373771667,-0.06221175193786621,0.36104699969291687,0.759433388710022,-0.057272180914878845,0.36564943194389343,0.7749183177947998,-0.0477711521089077
lead,0.38212308287620544,0.8679783940315247,-9.820555035844336e-09,0.41872891783714294,0.8555600047111511,-0.032891981303691864,0.4441165626049042,0.8074530959129333,-0.04962660372257233,0.4312843382358551,0.7607742547988892,-0.06314544379711151,0.4024299085140228,0.7308334708213806,-0.07489705830812454,0.4500197768211365,0.7024748921394348,-0.03754393756389618,0.4569483697414398,0.6129249334335327,-0.06366442888975143,0.45943403244018555,0.559846043586731,-0.07953464984893799,0.45915350317955017,0.5137917995452881,-0.09065909683704376,0.4150823950767517,0.6988068222999573,-0.034645043313503265,0.41674861311912537,0.6809220910072327,-0.07278701663017273,0.4126317501068115,0.7404983043670654,-0.0813981145620346,0.40963014960289,0.7694782018661499,-0.07961259037256241,0.38213980197906494,0.7064996361732483,-0.03517085686326027,0.3811207413673401,0.7024584412574768,-0.0712195411324501,0.38494786620140076,0.7584212422370911,-0.06615367531776428,0.3873615264892578,0.7790826559066772,-0.05453110858798027,0.35127726197242737,0.7218943238258362,-0.03865750879049301,0.35462653636932373,0.7196005582809448,-0.06266994774341583,0.36261650919914246,0.7588359117507935,-0.05753376707434654,0.3667466938495636,0.7753567099571228,-0.04796421900391579
lead,0.38260146975517273,0.8681684732437134,-7.399702184329726e-09,0.4187111556529999,0.8552038073539734,-0.03415946662425995,0.444770872592926,0.8064915537834167,-0.0514061264693737,0.4322526454925537,0.7596179246902466,-0.06511849910020828,0.4017869532108307,0.7297737002372742,-0.07696828246116638,0.44955599308013916,0.7017662525177002,-0.03907061368227005,0.4568842649459839,0.613012969493866,-0.06538313627243042,0.45858830213546753,0.5611742734909058,-0.0814637839794159,0.45790907740592957,0.5150328278541565,-0.09293155372142792,0.4143494665622711,0.6972880363464355,-0.03582420572638512,0.41499829292297363,0.6841881275177002,-0.07418548315763474,0.41107431054115295,0.7443557381629944,-0.08323831856250763,0.4087247848510742,0.7712703943252563,-0.08207371830940247,0.3810577392578125,0.7046937942504883,-0.036056939512491226,0.37819576263427734,0.7045953273773193,-0.0726042166352272,0.38263073563575745,0.7612417936325073,-0.0679488405585289,0.3861676752567291,0.7807206511497498,-0.056805551052093506,0.3501014709472656,0.7197340726852417,-0.039357952773571014,0.35162296891212463,0.7215075492858887,-0.06392688304185867,0.36021944880485535,0.7619696259498596,-0.05909448117017746,0.36519554257392883,0.7784544229507446,-0.04979630187153816
lead,0.3848424553871155,0.8654754161834717,6.400025842623336e-09,0.4194353222846985,0.8537012934684753,-0.03302117809653282,0.44569551944732666,0.808045506477356,-0.05125206708908081,0.4329529404640198,0.7620404362678528,-0.06654888391494751,0.4037013053894043,0.731029748916626,-0.08027510344982147,0.4498653709888458,0.7019733190536499,-0.039268314838409424,0.4566720724105835,0.6123377680778503,-0.06566645950078964,0.45915043354034424,0.559991180896759,-0.08121072500944138,0.45883312821388245,0.5143019556999207,-0.09210598468780518,0.41521382331848145,0.6964734792709351,-0.03636641055345535,0.41670018434524536,0.6838188171386719,-0.07520019263029099,0.4128815531730652,0.7431303262710571,-0.08372040092945099,0.4104916751384735,0.7700654864311218,-0.08189966529607773,0.38264134526252747,0.7036504745483398,-0.036682628095149994,0.37993115186691284,0.7051152586936951,-0.07326840609312057,0.3840482532978058,0.760123074054718,-0.06794703006744385,0.38752129673957825,0.779310405254364,-0.05624132975935936,0.3520129919052124,0.7179405093193054,-0.03989803418517113,0.3537483811378479,0.7200342416763306,-0.06454486399888992,0.36171483993530273,0.76005619764328,-0.05948852002620697,0.36701077222824097,0.7759385704994202,-0.04984384775161743
lead,0.38222429156303406,0.8668133020401001,5.408795633599084e-09,0.4191693961620331,0.855627715587616,-0.034284286201000214,0.4462724030017853,0.8087888360023499,-0.05196691304445267,0.43258213996887207,0.7625348567962646,-0.06626442819833755,0.4028374254703522,0.7312666773796082,-0.07867220044136047,0.44993847608566284,0.7009296417236328,-0.03796868771314621,0.45687252283096313,0.6123003363609314,-0.0636567622423172,0.4592120945453644,0.5600755214691162,-0.07892457395792007,0.45916470885276794,0.5144577622413635,-0.08978407084941864,0.41536152362823486,0.6969121694564819,-0.034562576562166214,0.4159228503704071,0.6837246417999268,-0.07289084047079086,0.4117816388607025,0.7436032295227051,-0.08177600800991058,0.4100046753883362,0.7716705203056335,-0.08019857853651047,0.3825904130935669,0.7054446339607239,-0.034652113914489746,0.3807084262371063,0.7045093774795532,-0.07137556374073029,0.3848075270652771,0.7595747709274292,-0.06677643209695816,0.3884260058403015,0.7787953615188599,-0.05541995167732239,0.35194456577301025,0.7213456034660339,-0.03773287683725357,0.3547501862049103,0.7209506034851074,-0.06270419806241989,0.36272063851356506,0.759879469871521,-0.05812741816043854,0.367680162191391,0.7751048803329468,-0.04875997081398964
lead,0.38201066851615906,0.8688602447509766,-5.6540483406308795e-09,0.41901734471321106,0.8559001088142395,-0.032613951712846756,0.4446081519126892,0.8077576756477356,-0.049306564033031464,0.4315996766090393,0.7605089545249939,-0.06301099061965942,0.40219953656196594,0.7312116622924805,-0.07497701793909073,0.4497719705104828,0.7032188773155212,-0.03574959188699722,0.4569776952266693,0.6136202216148376,-0.059662509709596634,0.4594137370586395,0.5614874362945557,-0.07380353659391403,0.4592713713645935,0.5159894227981567,-0.08388565480709076,0.41530510783195496,0.6988655924797058,-0.032767802476882935,0.41632628440856934,0.6835247278213501,-0.07031610608100891,0.4123653173446655,0.7413693070411682,-0.07947921752929688,0.4100888669490814,0.7705040574073792,-0.07798197120428085,0.38265928626060486,0.7059556245803833,-0.03295185789465904,0.3805042803287506,0.7018787264823914,-0.06885713338851929,0.38433414697647095,0.7565335631370544,-0.06494738161563873,0.3876771926879883,0.7784230709075928,-0.053806789219379425,0.35205578804016113,0.7200133204460144,-0.03595083951950073,0.3539044260978699,0.7147562503814697,-0.060557086020708084,0.36234161257743835,0.753430962562561,-0.056281644850969315,0.3681243658065796,0.7717424631118774,-0.04690511152148247
lead,0.38149160146713257,0.8686789274215698,-7.945889279881158e-09,0.4185231328010559,0.8553768992424011,-0.03266282007098198,0.4452706575393677,0.8078224658966064,-0.04920748993754387,0.4309304356575012,0.762816309928894,-0.06260433048009872,0.4006806015968323,0.7341500520706177,-0.07419686764478683,0.4502123296260834,0.7025097608566284,-0.036555394530296326,0.4575214982032776,0.6137807965278625,-0.061816878616809845,0.45975786447525024,0.5615224242210388,-0.07709591090679169,0.45935970544815063,0.5151420831680298,-0.08803976327180862,0.41548001766204834,0.6966618299484253,-0.033943645656108856,0.4171715974807739,0.6833096742630005,-0.0718594416975975,0.41287603974342346,0.7419293522834778,-0.08121205121278763,0.40974101424217224,0.7689216136932373,-0.08006876707077026,0.3826741874217987,0.7035372257232666,-0.03465808555483818,0.3806955814361572,0.7044903039932251,-0.07037807255983353,0.384793758392334,0.7593756914138794,-0.06635858863592148,0.387948602437973,0.7778158187866211,-0.0555688738822937,0.3518621325492859,0.7184781432151794,-0.038324665278196335,0.3544030785560608,0.7202939391136169,-0.06217648461461067,0.36265653371810913,0.7593337297439575,-0.05773238092660904,0.36722883582115173,0.7745370864868164,-0.0486827977001667
lead,0.38227543234825134,0.8687389492988586,-9.39451183512574e-09,0.4200763702392578,0.8547280430793762,-0.03267345204949379,0.44521498680114746,0.8056432604789734,-0.048421502113342285,0.4314403831958771,0.7605279088020325,-0.06104109063744545,0.4015291929244995,0.7334741353988647,-0.07181372493505478,0.450059175491333,0.7020358443260193,-0.034800127148628235,0.45690661668777466,0.6122550368309021,-0.05918329581618309,0.45928263664245605,0.5600258111953735,-0.07417416572570801,0.4591867923736572,0.5146622657775879,-0.0847763940691948,0.41525864601135254,0.6980863809585571,-0.03169694170355797,0.41510218381881714,0.6822399497032166,-0.07000958919525146,0.4111247956752777,0.7415031790733337,-0.08005809038877487,0.40847358107566833,0.7732420563697815,-0.07885244488716125,0.3823559284210205,0.7053248882293701,-0.03189736604690552,0.37883347272872925,0.7015659809112549,-0.06824830174446106,0.38234084844589233,0.7575055956840515,-0.06510066986083984,0.3853389620780945,0.7809352874755859,-0.054189685732126236,0.352003276348114,0.719996988773346,-0.034925784915685654,0.3528696894645691,0.7167515158653259,-0.05940664932131767,0.36041921377182007,0.7560743689537048,-0.05536936968564987,0.36532720923423767,0.774996280670166,-0.046130429953336716
lead,0.3807326555252075,0.8703579902648926,-1.5938814712512794e-08,0.4193078279495239,0.8557096123695374,-0.03215007856488228,0.4446122348308563,0.8055683970451355,-0.04739082604646683,0.4315545856952667,0.759813129901886,-0.059639278799295425,0.40169665217399597,0.7317065596580505,-0.07016560435295105,0.4499218761920929,0.702646017074585,-0.033578816801309586,0.45672938227653503,0.6134611368179321,-0.0574849471449852,0.45883238315582275,0.5606311559677124,-0.07229215651750565,0.4583495259284973,0.5146828293800354,-0.08274392038583755,0.41525518894195557,0.6989865303039551,-0.03063357062637806,0.4160041809082031,0.6798710823059082,-0.06859417259693146,0.4118552803993225,0.7379336953163147,-0.07881902158260345,0.4089469909667969,0.7706242799758911,-0.07758716493844986,0.382424533367157,0.7064623832702637,-0.03091692365705967,0.37987056374549866,0.7006345987319946,-0.06702131032943726,0.3836425542831421,0.7558896541595459,-0.0640888437628746,0.38639503717422485,0.7806400656700134,-0.053121309727430344,0.35188525915145874,0.7212742567062378,-0.033972546458244324,0.3535563349723816,0.7151857018470764,-0.058261215686798096,0.3615720868110657,0.7538920640945435,-0.054180681705474854,0.36639511585235596,0.7739145755767822,-0.04482516273856163
lead,0.380399227142334,0.8701448440551758,-1.2127214787938101e-08,0.4188997745513916,0.8556451797485352,-0.03245462477207184,0.44494274258613586,0.8070837259292603,-0.048607878386974335,0.43287450075149536,0.7603949308395386,-0.06163373216986656,0.4029870927333832,0.731033980846405,-0.07288217544555664,0.44962820410728455,0.7035762667655945,-0.035933271050453186,0.45685067772865295,0.6133942008018494,-0.060487646609544754,0.4591703712940216,0.5606468915939331,-0.07540761679410934,0.4587197005748749,0.5141253471374512,-0.0859883651137352,0.414974570274353,0.6994066834449768,-0.03321612998843193,0.41723522543907166,0.6808428168296814,-0.0709216520190239,0.4129565358161926,0.7395564317703247,-0.08042321354150772,0.4090084433555603,0.7695553302764893,-0.07905612140893936,0.38213711977005005,0.706612765789032,-0.03369881585240364,0.3813212513923645,0.7019991278648376,-0.06940337270498276,0.3846140205860138,0.7576175928115845,-0.06560546904802322,0.3861742913722992,0.7793467044830322,-0.05450527369976044,0.3513934314250946,0.7212377786636353,-0.03701767697930336,0.35500800609588623,0.7160054445266724,-0.06067788228392601,0.362725168466568,0.7549192905426025,-0.05595014989376068,0.3662290871143341,0.7730924487113953,-0.046507444232702255
lead,0.3810547888278961,0.869454026222229,-2.655660580330732e-08,0.4193524420261383,0.8540129661560059,-0.03201872855424881,0.4444069564342499,0.8050075173377991,-0.047859761863946915,0.4321628212928772,0.7584640383720398,-0.0607854463160038,0.40259480476379395,0.72996586561203,-0.07192347943782806,0.4497843384742737,0.7026009559631348,-0.034693848341703415,0.456880122423172,0.6132634282112122,-0.058948539197444916,0.4589417576789856,0.5610511898994446,-0.07395797222852707,0.4586143493652344,0.5148168206214905,-0.08469931036233902,0.4154133200645447,0.6986111402511597,-0.032263826578855515,0.4154801070690155,0.6817511320114136,-0.07003938406705856,0.4112158417701721,0.7403318881988525,-0.07998132705688477,0.40796583890914917,0.7708917856216431,-0.079002745449543,0.38271579146385193,0.7060960531234741,-0.033026836812496185,0.3798733353614807,0.7001832127571106,-0.06872439384460449,0.38369131088256836,0.7555442452430725,-0.06514908373355865,0.3861439824104309,0.7784786224365234,-0.054264508187770844,0.35222187638282776,0.7213307023048401,-0.03663869947195053,0.3529978394508362,0.7151192426681519,-0.06043294817209244,0.3611448407173157,0.753726601600647,-0.05585436522960663,0.3657035827636719,0.7730644345283508,-0.046503495424985886
lead,0.38000473380088806,0.8674540519714355,-1.4131059877797725e-08,0.4177592694759369,0.8548187017440796,-0.03313062712550163,0.4455096125602722,0.8073601126670837,-0.04956468939781189,0.43266427516937256,0.759986400604248,-0.06285732239484787,0.40388309955596924,0.7274645566940308,-0.07432716339826584,0.45043888688087463,0.7020832300186157,-0.035078417509794235,0.45757466554641724,0.6117584705352783,-0.05865861475467682,0.459577739238739,0.5593957901000977,-0.0724099725484848,0.45906639099121094,0.5135158896446228,-0.08216963708400726,0.4159492552280426,0.6969251036643982,-0.031814295798540115,0.4163089990615845,0.6804742813110352,-0.0695091187953949,0.41249990463256836,0.7405751943588257,-0.07876000553369522,0.41005322337150574,0.7718963027000427,-0.07692786306142807,0.3831426203250885,0.703754186630249,-0.031775131821632385,0.37970203161239624,0.7002738118171692,-0.06860489398241043,0.38362056016921997,0.7581683397293091,-0.0648144856095314,0.3867103159427643,0.7815605401992798,-0.053219497203826904,0.3520326018333435,0.7175374031066895,-0.03448357433080673,0.353497177362442,0.7126567959785461,-0.05993453413248062,0.3617328703403473,0.7544054388999939,-0.0556582435965538,0.3669416606426239,0.7745801210403442,-0.04593711718916893
lead,0.38017234206199646,0.8672914505004883,-1.3945652632685324e-08,0.41705426573753357,0.8543533086776733,-0.03302688151597977,0.44390320777893066,0.8061412572860718,-0.049389634281396866,0.4314839541912079,0.7588874101638794,-0.062327492982149124,0.40136224031448364,0.7298890352249146,-0.07315567880868912,0.44996997714042664,0.7025189399719238,-0.03735535591840744,0.4576002359390259,0.6114284992218018,-0.06253726780414581,0.45945972204208374,0.5595438480377197,-0.07726968079805374,0.4590364992618561,0.5134479403495789,-0.08772668987512589,0.41517579555511475,0.6978620290756226,-0.03446962684392929,0.41545507311820984,0.6838617920875549,-0.07174052298069,0.4110521674156189,0.7429542541503906,-0.079969622194767,0.4088267683982849,0.7690820693969727,-0.07822369039058685,0.3821554183959961,0.7045471668243408,-0.03502630069851875,0.37940290570259094,0.7039324641227722,-0.07045996189117432,0.3829028010368347,0.7596327662467957,-0.06572810560464859,0.3862118422985077,0.7774077653884888,-0.05456458777189255,0.3516862392425537,0.7188599705696106,-0.038593728095293045,0.35410502552986145,0.7202509641647339,-0.06160477548837662,0.36150723695755005,0.7595212459564209,-0.056446194648742676,0.36546841263771057,0.7742681503295898,-0.04709697887301445
lead,0.3807809352874756,0.8681467175483704,-2.552142142064895e-08,0.4190070629119873,0.8535448312759399,-0.032361943274736404,0.4441618025302887,0.8040927052497864,-0.047926902770996094,0.43124017119407654,0.7581090927124023,-0.06025253236293793,0.4016987681388855,0.730130136013031,-0.07067611813545227,0.44978052377700806,0.7006202340126038,-0.03572056442499161,0.45771628618240356,0.6116040945053101,-0.060504987835884094,0.4600389301776886,0.5594103336334229,-0.0759006068110466,0.4597589075565338,0.5134913921356201,-0.0868108794093132,0.41520795226097107,0.6974301934242249,-0.03271813690662384,0.4159531593322754,0.6820569634437561,-0.07002238184213638,0.411379873752594,0.7403679490089417,-0.079376719892025,0.40799614787101746,0.7689014077186584,-0.07825283706188202,0.3824657201766968,0.7051160931587219,-0.03303760290145874,0.37987419962882996,0.7019071578979492,-0.06804588437080383,0.38366466760635376,0.7572917342185974,-0.06414981931447983,0.3862912952899933,0.7780847549438477,-0.05339023843407631,0.3519781231880188,0.720282793045044,-0.036307305097579956,0.35356709361076355,0.7187890410423279,-0.059087783098220825,0.3614800274372101,0.7573933601379395,-0.054332371801137924,0.36560118198394775,0.7743724584579468,-0.045204292982816696
lead,0.38332265615463257,0.8674814105033875,-1.2575203101050647e-08,0.42016157507896423,0.852475106716156,-0.03228594735264778,0.4442557096481323,0.8032481074333191,-0.04832111671566963,0.4303472936153412,0.7574010491371155,-0.06130444258451462,0.4011215269565582,0.7308849096298218,-0.072350412607193,0.44966888427734375,0.6990801095962524,-0.035198260098695755,0.45728087425231934,0.6101287007331848,-0.05929803103208542,0.4599263370037079,0.5587635636329651,-0.07391850650310516,0.46015214920043945,0.513727068901062,-0.08438358455896378,0.4150039851665497,0.6963160634040833,-0.032564710825681686,0.4152812957763672,0.6810126304626465,-0.06971793621778488,0.41143861413002014,0.7390005588531494,-0.07892998307943344,0.409076064825058,0.7675812244415283,-0.07770700007677078,0.3824487328529358,0.7047019600868225,-0.03320982679724693,0.3799669146537781,0.7011038661003113,-0.06882920116186142,0.3841606676578522,0.7559963464736938,-0.06513557583093643,0.3873039484024048,0.7770164012908936,-0.054302461445331573,0.352315753698349,0.7204974889755249,-0.03671351447701454,0.35407090187072754,0.7159959077835083,-0.06040804088115692,0.3621874749660492,0.7545885443687439,-0.05579948052763939,0.36683619022369385,0.7724512815475464,-0.04654483497142792
lead,0.38195639848709106,0.866426408290863,1.1734943017316368e-09,0.41943204402923584,0.8537858128547668,-0.03281550109386444,0.44623395800590515,0.805401623249054,-0.049833837896585464,0.43304988741874695,0.7573083639144897,-0.06387468427419662,0.40322864055633545,0.7268332839012146,-0.07621938735246658,0.45122942328453064,0.7006281614303589,-0.03619300574064255,0.45819151401519775,0.6106738448143005,-0.061623264104127884,0.46120962500572205,0.5577592849731445,-0.07672720402479172,0.4609141945838928,0.511626660823822,-0.08740568161010742,0.41581881046295166,0.6961740851402283,-0.033600300550460815,0.41761380434036255,0.6772249341011047,-0.0728730708360672,0.41405221819877625,0.7377986907958984,-0.08218522369861603,0.41104450821876526,0.7683060169219971,-0.08019239455461502,0.3829224407672882,0.7038126587867737,-0.034291382879018784,0.38108202815055847,0.7012682557106018,-0.07145242393016815,0.3852885365486145,0.7577300071716309,-0.06690507382154465,0.387736052274704,0.7790640592575073,-0.05495569482445717,0.35220491886138916,0.718765914440155,-0.03782094642519951,0.35526540875434875,0.7181180119514465,-0.062391042709350586,0.3627767264842987,0.7577928304672241,-0.05751859024167061,0.3667917847633362,0.7742065787315369,-0.04776059463620186
lead,0.3825283348560333,0.8667382001876831,-3.639939682997806e-09,0.4201391339302063,0.8533032536506653,-0.03223029151558876,0.4463043808937073,0.8037570714950562,-0.048659659922122955,0.43229061365127563,0.756916344165802,-0.06217676401138306,0.401174396276474,0.7309343218803406,-0.07390348613262177,0.45037978887557983,0.6995683312416077,-0.03560594841837883,0.4578319489955902,0.6105537414550781,-0.06044634059071541,0.4604538679122925,0.5589448809623718,-0.07546623051166534,0.4603961110115051,0.5134153962135315,-0.08631689101457596,0.41486677527427673,0.6954184770584106,-0.033223915845155716,0.4165799021720886,0.6813693046569824,-0.07146856188774109,0.41294723749160767,0.740444004535675,-0.08093307912349701,0.40981346368789673,0.7676814794540405,-0.0797123908996582,0.38202181458473206,0.703061580657959,-0.03410566598176956,0.38056451082229614,0.7026206254959106,-0.0699768215417862,0.38492047786712646,0.7575796842575073,-0.06594175845384598,0.3873971402645111,0.7767605185508728,-0.05500287935137749,0.3516463339328766,0.7183362245559692,-0.037909556180238724,0.3550858199596405,0.7197133898735046,-0.061527665704488754,0.3630748689174652,0.7582173347473145,-0.05705169960856438,0.36714741587638855,0.7734466195106506,-0.04802536964416504
lead,0.3820838928222656,0.8664078116416931,-1.8339978424819492e-08,0.4203462600708008,0.8533816933631897,-0.031920358538627625,0.4456934928894043,0.8034716248512268,-0.04732324555516243,0.4308280944824219,0.7569491863250732,-0.05957282707095146,0.4009593725204468,0.7296377420425415,-0.069930799305439,0.4505561292171478,0.6992664933204651,-0.035408031195402145,0.45804059505462646,0.609799861907959,-0.05970339477062225,0.460371196269989,0.5577834844589233,-0.07413878291845322,0.46019548177719116,0.5121517777442932,-0.08444967865943909,0.4157227873802185,0.6954908967018127,-0.03276931494474411,0.4165216088294983,0.6824893951416016,-0.06925657391548157,0.4124358594417572,0.7402234077453613,-0.07767986506223679,0.4102471172809601,0.7668488621711731,-0.07610990107059479,0.3831194341182709,0.7031503319740295,-0.03344780579209328,0.38087040185928345,0.7038547992706299,-0.06838706880807877,0.3848758041858673,0.758870005607605,-0.06398054957389832,0.38833674788475037,0.7776516079902649,-0.0530216209590435,0.3530297875404358,0.7184327244758606,-0.037028081715106964,0.3551822900772095,0.7197075486183167,-0.05984470620751381,0.3625606596469879,0.7589288353919983,-0.05471505969762802,0.36685609817504883,0.7748324275016785,-0.045325543731451035
lead,0.3825620412826538,0.8665770888328552,-1.2582336950117678e-08,0.4205292761325836,0.8524291515350342,-0.03232298046350479,0.4458944797515869,0.8024760484695435,-0.04786434397101402,0.4309624433517456,0.7565114498138428,-0.06010228022933006,0.3999323844909668,0.7324292063713074,-0.07045071572065353,0.4502656161785126,0.6999048590660095,-0.03646743297576904,0.45784714818000793,0.609656810760498,-0.06088007241487503,0.46019014716148376,0.557659387588501,-0.07540976256132126,0.4601934552192688,0.5116186141967773,-0.0857425108551979,0.4149763584136963,0.6963804960250854,-0.033915989100933075,0.4169982671737671,0.6812577247619629,-0.07128458470106125,0.413291871547699,0.7397021055221558,-0.08021529018878937,0.4105435311794281,0.7686176896095276,-0.07870319485664368,0.3819492757320404,0.7038782238960266,-0.03461214154958725,0.38131988048553467,0.7014527916908264,-0.0700170248746872,0.38528314232826233,0.7568425536155701,-0.06604061275720596,0.38776007294654846,0.7773148417472839,-0.05500597506761551,0.3515501618385315,0.7192102670669556,-0.03819477930665016,0.3558167815208435,0.7160642147064209,-0.06100735813379288,0.36337417364120483,0.7542459964752197,-0.055878717452287674,0.3666338324546814,0.7710474729537964,-0.04640144854784012
lead,0.38421866297721863,0.8637972474098206,-5.999630570130421e-09,0.4198148846626282,0.8511764407157898,-0.0326332226395607,0.4455230236053467,0.8030346632003784,-0.04918559640645981,0.43007728457450867,0.7555931806564331,-0.06251499056816101,0.39996862411499023,0.7291808724403381,-0.07398700714111328,0.4504150152206421,0.698684573173523,-0.03743452951312065,0.4579002857208252,0.6087886095046997,-0.06213373318314552,0.46012672781944275,0.5569885969161987,-0.07647087424993515,0.4598087668418884,0.5110445022583008,-0.08679910749197006,0.4154118597507477,0.694365382194519,-0.03467994183301926,0.4149145483970642,0.6811858415603638,-0.07158660143613815,0.41178375482559204,0.7396281361579895,-0.07951265573501587,0.41079962253570557,0.7652920484542847,-0.07773177325725555,0.3831164240837097,0.7017486691474915,-0.03519918769598007,0.3790843188762665,0.7019894123077393,-0.07030630111694336,0.3841204047203064,0.7572748064994812,-0.06506399810314178,0.38876551389694214,0.7757211327552795,-0.0537123829126358,0.3532565236091614,0.7167605757713318,-0.038706958293914795,0.35375577211380005,0.7178014516830444,-0.061826013028621674,0.361732542514801,0.7572624087333679,-0.05654405057430267,0.36694446206092834,0.7726922035217285,-0.047109782695770264
lead,0.383627712726593,0.8619753122329712,2.859615877426336e-09,0.4198888838291168,0.8498827815055847,-0.033236999064683914,0.44630688428878784,0.8023693561553955,-0.050474561750888824,0.43304261565208435,0.7547248005867004,-0.06454245001077652,0.40331023931503296,0.7248681783676147,-0.07687753438949585,0.4506153464317322,0.6979091763496399,-0.037383418530225754,0.4577770531177521,0.6092842817306519,-0.06229371950030327,0.46044397354125977,0.5573148727416992,-0.07678282260894775,0.46043357253074646,0.5115774869918823,-0.08710165321826935,0.415654718875885,0.692795991897583,-0.03419936075806618,0.4173818528652191,0.6791214942932129,-0.07186967134475708,0.4136838912963867,0.7378373146057129,-0.08030930161476135,0.4111333191394806,0.7651224732398987,-0.07850239425897598,0.3829248547554016,0.7003864645957947,-0.03429417684674263,0.38113242387771606,0.7006524205207825,-0.07039418816566467,0.3850516676902771,0.7551817893981934,-0.0657506212592125,0.3878153860569,0.7739880084991455,-0.05440898239612579,0.35238924622535706,0.715221107006073,-0.037271227687597275,0.35561367869377136,0.7161043286323547,-0.061379093676805496,0.36325007677078247,0.7549393177032471,-0.056666355580091476,0.367449551820755,0.7701335549354553,-0.04736678674817085
lead,0.3827490210533142,0.8635073304176331,-8.206360924134515e-09,0.42077553272247314,0.8518379330635071,-0.033162981271743774,0.4475598633289337,0.8026525974273682,-0.04886212572455406,0.432620108127594,0.7549151182174683,-0.06106182187795639,0.4019682705402374,0.7278020977973938,-0.07145063579082489,0.45039358735084534,0.6991692185401917,-0.03672322630882263,0.45748504996299744,0.6095452904701233,-0.061728253960609436,0.45959803462028503,0.5571673512458801,-0.07643894106149673,0.4595058560371399,0.5112606287002563,-0.08682028204202652,0.41547471284866333,0.6963410973548889,-0.03366094082593918,0.4177560806274414,0.677239716053009,-0.07152919471263885,0.414264053106308,0.7362608313560486,-0.0804358571767807,0.4118364155292511,0.7662056088447571,-0.07867307215929031,0.3829527795314789,0.7044591307640076,-0.034002069383859634,0.38171282410621643,0.7004724740982056,-0.07052682340145111,0.3857382833957672,0.756081223487854,-0.06667381525039673,0.38842517137527466,0.7767593860626221,-0.05543596297502518,0.3525520861148834,0.7203720211982727,-0.037192076444625854,0.35609468817710876,0.7163418531417847,-0.06130895018577576,0.364108681678772,0.7546128034591675,-0.056677624583244324,0.36788409948349,0.7711390852928162,-0.04737851396203041
lead,0.38282495737075806,0.8632115125656128,1.002979654884939e-08,0.41979119181632996,0.8517364859580994,-0.03445610776543617,0.4469197392463684,0.8042712211608887,-0.052020058035850525,0.43259960412979126,0.7572833895683289,-0.06621764600276947,0.40151870250701904,0.7272948026657104,-0.07877665758132935,0.4505683183670044,0.6985358595848083,-0.03895454481244087,0.45770546793937683,0.6094017028808594,-0.06505881994962692,0.45984452962875366,0.5575755834579468,-0.0808628648519516,0.45952141284942627,0.5117974281311035,-0.09219404309988022,0.41508540511131287,0.6946491003036499,-0.03580114617943764,0.4158535301685333,0.6786115169525146,-0.07608194649219513,0.41240835189819336,0.737734854221344,-0.08649939298629761,0.4099842309951782,0.76722252368927,-0.085619255900383,0.3822115361690521,0.7027236819267273,-0.03602858632802963,0.379457950592041,0.7012946009635925,-0.07342446595430374,0.38398227095603943,0.756216287612915,-0.06968613713979721,0.3872390389442444,0.7768692374229431,-0.05875100567936897,0.35158851742744446,0.7182721495628357,-0.039327483624219894,0.3533300757408142,0.71974116563797,-0.06449352204799652,0.3614422380924225,0.7587190270423889,-0.06068883091211319,0.36658307909965515,0.7745910882949829,-0.05193845555186272
lead,0.3807447850704193,0.8633458018302917,-8.213669744350227e-09,0.41836798191070557,0.8525159358978271,-0.033807724714279175,0.4457413852214813,0.8041824102401733,-0.050385355949401855,0.43090102076530457,0.7559939026832581,-0.0633264034986496,0.4016038179397583,0.7259892821311951,-0.0743994191288948,0.45000529289245605,0.6991137862205505,-0.03774984925985336,0.4575537145137787,0.6098979711532593,-0.06275904178619385,0.4599066376686096,0.5578277707099915,-0.07762479037046432,0.4596429765224457,0.5118155479431152,-0.08827590942382812,0.41496461629867554,0.6932255625724792,-0.034380268305540085,0.4165513515472412,0.6800417304039001,-0.07201947271823883,0.4125688374042511,0.7394431829452515,-0.08080804347991943,0.4097527861595154,0.7673397064208984,-0.07924053072929382,0.3821624219417572,0.6998845338821411,-0.034400589764118195,0.3804563879966736,0.7010858058929443,-0.07050429284572601,0.3844616413116455,0.7573221921920776,-0.06612198799848557,0.3872668743133545,0.7769176363945007,-0.05496598035097122,0.35151803493499756,0.7143722772598267,-0.037405818700790405,0.35471105575561523,0.7169946432113647,-0.061791371554136276,0.36250150203704834,0.7576779127120972,-0.0572797916829586,0.36652088165283203,0.7739424705505371,-0.048043787479400635
lead,0.38379210233688354,0.8638655543327332,-1.7404348184868468e-08,0.42110639810562134,0.8507065176963806,-0.0324530228972435,0.4463467001914978,0.8013697862625122,-0.04827885702252388,0.43057483434677124,0.7550239562988281,-0.060831889510154724,0.39977237582206726,0.728756844997406,-0.07178130000829697,0.4493044316768646,0.6964865922927856,-0.03728150203824043,0.45719027519226074,0.6083629727363586,-0.062131118029356,0.4593019187450409,0.5568845272064209,-0.0776233971118927,0.45914387702941895,0.5116362571716309,-0.08889584988355637,0.4138539433479309,0.6937909722328186,-0.034548625349998474,0.41441529989242554,0.6807246804237366,-0.0723266527056694,0.41071265935897827,0.7394198179244995,-0.08199094980955124,0.40812817215919495,0.7683271169662476,-0.08132670819759369,0.38124409317970276,0.7027667760848999,-0.035018522292375565,0.3777831792831421,0.7006518840789795,-0.07020707428455353,0.38266825675964355,0.7557340264320374,-0.0663389042019844,0.3860974907875061,0.7772377729415894,-0.05591267719864845,0.3510577380657196,0.7197154760360718,-0.038449324667453766,0.3512461185455322,0.7186737060546875,-0.06200817599892616,0.3598845303058624,0.756897509098053,-0.05775242671370506,0.3651726245880127,0.7740442752838135,-0.04906399920582771
lead,0.38189423084259033,0.8639668822288513,-5.31068300446691e-10,0.4189443588256836,0.8518735766410828,-0.032723888754844666,0.44590967893600464,0.8034785985946655,-0.04922381043434143,0.4316646456718445,0.7556346654891968,-0.06264496594667435,0.4024689495563507,0.7261216640472412,-0.07439222186803818,0.45016101002693176,0.6992931962013245,-0.03586074709892273,0.4566236734390259,0.6084124445915222,-0.060584746301174164,0.4592297375202179,0.555463433265686,-0.07506333291530609,0.4592008888721466,0.5094965100288391,-0.08523811399936676,0.4152766466140747,0.6953516602516174,-0.032964810729026794,0.41633325815200806,0.6772667765617371,-0.07142214477062225,0.41271165013313293,0.7364969849586487,-0.08048172295093536,0.4107495844364166,0.7667979598045349,-0.07852896302938461,0.3826099932193756,0.703050434589386,-0.03331778198480606,0.37986287474632263,0.69914710521698,-0.07029632478952408,0.3838313817977905,0.7551826238632202,-0.06590711325407028,0.3872397243976593,0.7771768569946289,-0.054074082523584366,0.35197949409484863,0.7179214954376221,-0.03641396760940552,0.3540659248828888,0.7139110565185547,-0.0611126571893692,0.3617359697818756,0.7538345456123352,-0.05610879138112068,0.36665359139442444,0.7717165946960449,-0.046149756759405136
lead,0.38319578766822815,0.8652427196502686,-9.89408377449763e-09,0.41990622878074646,0.8507512807846069,-0.031124863773584366,0.446399450302124,0.8029369115829468,-0.04768894240260124,0.43376946449279785,0.7572330832481384,-0.0617123544216156,0.40323564410209656,0.7292906045913696,-0.07420985400676727,0.4496948719024658,0.6977106928825378,-0.03528929501771927,0.4568544924259186,0.6090444326400757,-0.059726592153310776,0.45915529131889343,0.5570442080497742,-0.07449615746736526,0.4590105712413788,0.511070966720581,-0.0850810557603836,0.4147556722164154,0.6941125392913818,-0.033596865832805634,0.41714873909950256,0.679039478302002,-0.07170133292675018,0.4130300283432007,0.7374076247215271,-0.08132905513048172,0.40960556268692017,0.7667790651321411,-0.0801902562379837,0.382200688123703,0.702733039855957,-0.03490905091166496,0.38129469752311707,0.6996504068374634,-0.07034263014793396,0.3848775327205658,0.7539166808128357,-0.0659562423825264,0.3870875835418701,0.7752879858016968,-0.05474463477730751,0.35180729627609253,0.7190207839012146,-0.03901427611708641,0.35526612401008606,0.7155488133430481,-0.06212669983506203,0.36300191283226013,0.7533665895462036,-0.05686991289258003,0.36713916063308716,0.7704353332519531,-0.04723779484629631
lead,0.3815646469593048,0.8660639524459839,-1.066336441368776e-08,0.41900908946990967,0.8526426553726196,-0.03403275087475777,0.44443586468696594,0.8031567931175232,-0.05014568567276001,0.43011122941970825,0.7555773854255676,-0.0626479834318161,0.3992033302783966,0.7290163040161133,-0.07329989224672318,0.4500657320022583,0.6998654007911682,-0.03637048602104187,0.4568352699279785,0.6103862524032593,-0.06097468361258507,0.4586019515991211,0.5573678016662598,-0.07597672194242477,0.45790186524391174,0.5108758211135864,-0.08667796105146408,0.415097177028656,0.695695698261261,-0.032793350517749786,0.4153028726577759,0.6781100034713745,-0.07020988315343857,0.4117733836174011,0.7365401983261108,-0.07926265150308609,0.409496933221817,0.766459047794342,-0.07771080732345581,0.38222965598106384,0.7030981779098511,-0.032712530344724655,0.3790351450443268,0.6983481049537659,-0.06845056265592575,0.3834175169467926,0.7537838220596313,-0.06451395153999329,0.386722207069397,0.7756420969963074,-0.053435858339071274,0.35169923305511475,0.7182323932647705,-0.03568171337246895,0.35280361771583557,0.714838445186615,-0.059516824781894684,0.3608017563819885,0.7536720633506775,-0.054977040737867355,0.36539578437805176,0.7714126706123352,-0.0457310676574707
lead,0.3836631178855896,0.8644682765007019,-5.395135893593306e-09,0.4201655089855194,0.8510682582855225,-0.03245379775762558,0.4450218975543976,0.803422749042511,-0.049527835100889206,0.43136316537857056,0.7565534710884094,-0.06368951499462128,0.40319231152534485,0.7265301942825317,-0.07620175182819366,0.44943150877952576,0.6985428929328918,-0.03683008626103401,0.45656999945640564,0.6098549365997314,-0.061260588467121124,0.4589305818080902,0.5578348636627197,-0.07605054974555969,0.45848220586776733,0.5116956830024719,-0.08681890368461609,0.4144977927207947,0.6944101452827454,-0.03419969603419304,0.4164009392261505,0.6797657608985901,-0.07185973972082138,0.4128054082393646,0.7379498481750488,-0.08106261491775513,0.40942826867103577,0.7661450505256653,-0.07996756583452225,0.38189929723739624,0.7023014426231384,-0.0346943661570549,0.38113492727279663,0.6989102959632874,-0.07033972442150116,0.3853001892566681,0.7541128993034363,-0.06584928184747696,0.3872745931148529,0.7754710912704468,-0.05480043962597847,0.3512248396873474,0.7174951434135437,-0.038087621331214905,0.35426345467567444,0.7151046991348267,-0.06253087520599365,0.36265745759010315,0.754361629486084,-0.05821415036916733,0.3671268820762634,0.7718302011489868,-0.04920841380953789
lead,0.3830653131008148,0.8620153069496155,6.6611094418078665e-09,0.41930916905403137,0.8500334024429321,-0.03372752666473389,0.4449619650840759,0.8018792867660522,-0.05049183964729309,0.4299983084201813,0.7550643086433411,-0.06369573622941971,0.39988067746162415,0.7283477187156677,-0.07498906552791595,0.4495498239994049,0.6978245377540588,-0.03801795095205307,0.45611751079559326,0.6078658103942871,-0.06333748251199722,0.4582020044326782,0.5553314089775085,-0.07818945497274399,0.45771393179893494,0.5094690322875977,-0.08866444230079651,0.4147047996520996,0.692963182926178,-0.03463257476687431,0.41537243127822876,0.6779469847679138,-0.07191430032253265,0.4123167395591736,0.7366881370544434,-0.07985717803239822,0.41097867488861084,0.7643773555755615,-0.07778480648994446,0.3819749653339386,0.6997337341308594,-0.034750208258628845,0.3793589472770691,0.6996411681175232,-0.07058960944414139,0.38387250900268555,0.755336582660675,-0.06573977321386337,0.3878358006477356,0.7748956084251404,-0.054287709295749664,0.35142457485198975,0.7140405774116516,-0.037871841341257095,0.3533627390861511,0.7143877744674683,-0.06155085563659668,0.361102432012558,0.7539619207382202,-0.056512124836444855,0.36572784185409546,0.7699853181838989,-0.04706280305981636
lead,0.3816220164299011,0.8602424263954163,-1.0602283495586562e-09,0.41863563656806946,0.8493112921714783,-0.03323914110660553,0.4459019601345062,0.802221953868866,-0.050295114517211914,0.43124672770500183,0.7560632228851318,-0.06402268260717392,0.3999013304710388,0.7277637124061584,-0.07604265213012695,0.448881059885025,0.695704460144043,-0.03860929608345032,0.45636096596717834,0.6071231961250305,-0.0642404705286026,0.45829692482948303,0.5555630326271057,-0.07934929430484772,0.4575895071029663,0.5097995400428772,-0.09013543277978897,0.4135226011276245,0.6907471418380737,-0.03594529256224632,0.4152577817440033,0.6789433360099792,-0.07424316555261612,0.4112032353878021,0.7385867834091187,-0.08307691663503647,0.40846961736679077,0.7658292651176453,-0.08163443952798843,0.3805294632911682,0.6985374689102173,-0.03660714998841286,0.37908294796943665,0.7012553811073303,-0.07289060205221176,0.38274669647216797,0.756885826587677,-0.06818316131830215,0.38533538579940796,0.7751803994178772,-0.05700535699725151,0.34995514154434204,0.7141483426094055,-0.040230732411146164,0.3533068001270294,0.7181220650672913,-0.06399622559547424,0.3604094684123993,0.7577902674674988,-0.05888679251074791,0.3641088902950287,0.7724067568778992,-0.04951344430446625
lead,0.3801983594894409,0.8618515133857727,-1.175165520450605e-10,0.41787829995155334,0.8500301241874695,-0.03409874811768532,0.444164514541626,0.8015864491462708,-0.050837527960538864,0.42916375398635864,0.7527953386306763,-0.06401712447404861,0.3986092805862427,0.7253731489181519,-0.07534535974264145,0.44950804114341736,0.6969884037971497,-0.0376589298248291,0.4562733769416809,0.607947826385498,-0.06223582476377487,0.45820924639701843,0.5557528138160706,-0.07668207585811615,0.45782411098480225,0.5101962089538574,-0.0870525911450386,0.41422584652900696,0.6928793787956238,-0.03414173424243927,0.41499242186546326,0.6780930757522583,-0.07188718765974045,0.4114993214607239,0.7350931167602539,-0.08083901554346085,0.4092462360858917,0.7640320062637329,-0.0793464407324791,0.381325900554657,0.700592041015625,-0.03403947502374649,0.3796211779117584,0.7000753879547119,-0.07006020843982697,0.383526474237442,0.7538568377494812,-0.06629251688718796,0.3864063322544098,0.7739691734313965,-0.05546674132347107,0.35067495703697205,0.7158220410346985,-0.03696093335747719,0.3540218472480774,0.7153470516204834,-0.061006877571344376,0.36126530170440674,0.75319904088974,-0.05698798969388008,0.3652906119823456,0.768974244594574,-0.04822438582777977
lead,0.38310378789901733,0.8641284108161926,6.27967411404029e-09,0.4197814166545868,0.8490115404129028,-0.033454280346632004,0.44549643993377686,0.8006963729858398,-0.050774190574884415,0.43244171142578125,0.7552623748779297,-0.06496686488389969,0.4008370041847229,0.7269681692123413,-0.07755956053733826,0.4485761523246765,0.6967775821685791,-0.03819921612739563,0.4556371867656708,0.6086338758468628,-0.06450770795345306,0.45793598890304565,0.5559930801391602,-0.08074779063463211,0.4573855996131897,0.5099339485168457,-0.09235334396362305,0.4133029878139496,0.6942938566207886,-0.03554859384894371,0.4147220551967621,0.6768858432769775,-0.07513242959976196,0.4110734760761261,0.7357819080352783,-0.08505300432443619,0.4078879952430725,0.7657443881034851,-0.08403808623552322,0.38047394156455994,0.7035221457481384,-0.03630540892481804,0.3780173361301422,0.7001875638961792,-0.0726655125617981,0.3821662664413452,0.7540917992591858,-0.06865181773900986,0.38469287753105164,0.7746392488479614,-0.05781996622681618,0.35016652941703796,0.7202500104904175,-0.04013259708881378,0.35182514786720276,0.719955325126648,-0.06396422535181046,0.35936304926872253,0.7569676041603088,-0.05981047451496124,0.36357951164245605,0.7719423770904541,-0.05125223845243454
lead,0.38221752643585205,0.8616745471954346,4.007994824917205e-09,0.4189247190952301,0.8501509428024292,-0.03453674167394638,0.4449600875377655,0.803133487701416,-0.05181672051548958,0.43058156967163086,0.7560132145881653,-0.06569401919841766,0.3994353413581848,0.7272460460662842,-0.07795760035514832,0.44915783405303955,0.6979246735572815,-0.038940850645303726,0.45579078793525696,0.607611358165741,-0.06440335512161255,0.45754024386405945,0.5550851821899414,-0.0798686221241951,0.4568383991718292,0.5093263983726501,-0.09080570936203003,0.4140513241291046,0.695209264755249,-0.03555570915341377,0.4141210615634918,0.6765271425247192,-0.07482592016458511,0.41114604473114014,0.7334714531898499,-0.08516323566436768,0.4095592498779297,0.7647527456283569,-0.08438094705343246,0.38141733407974243,0.7033758163452148,-0.03548566624522209,0.3782925307750702,0.6966288089752197,-0.07275251299142838,0.3831304907798767,0.7511823177337646,-0.06947198510169983,0.3867306113243103,0.7752184271812439,-0.05857829749584198,0.3511073887348175,0.7186819314956665,-0.038384538143873215,0.35190266370773315,0.7117778062820435,-0.06385983526706696,0.3603484332561493,0.7497698068618774,-0.05997925624251366,0.36573928594589233,0.7692493200302124,-0.05088895186781883
lead,0.38178643584251404,0.8615986108779907,2.644186647415836e-09,0.4188199043273926,0.8491194844245911,-0.032933518290519714,0.4446738064289093,0.800481379032135,-0.04919127747416496,0.4306356608867645,0.7538397312164307,-0.062240514904260635,0.4000089466571808,0.7274123430252075,-0.07357565313577652,0.44876864552497864,0.6960187554359436,-0.036811940371990204,0.4557594060897827,0.6073353290557861,-0.061253536492586136,0.4580085873603821,0.55550217628479,-0.0759294331073761,0.45749565958976746,0.5096265077590942,-0.08663062006235123,0.41381457448005676,0.6921945214271545,-0.03384958207607269,0.4139012396335602,0.677562415599823,-0.0711393728852272,0.41117653250694275,0.7356888055801392,-0.0798877626657486,0.4093126356601715,0.7638463973999023,-0.07846484333276749,0.38109830021858215,0.7004005312919617,-0.03422233834862709,0.37870341539382935,0.6997901797294617,-0.06939969956874847,0.3837185204029083,0.7541292905807495,-0.06513670831918716,0.3871545195579529,0.773909866809845,-0.0543382503092289,0.3505711853504181,0.7161943912506104,-0.03762787580490112,0.3533115088939667,0.7179240584373474,-0.06117061898112297,0.36133164167404175,0.7560693025588989,-0.057008810341358185,0.3659263253211975,0.7715075016021729,-0.04835936799645424
lead,0.3823055922985077,0.8609749674797058,-1.9945547991007118e-10,0.41868895292282104,0.8485575318336487,-0.03252715244889259,0.4440247118473053,0.8003094792366028,-0.04916153475642204,0.4306199550628662,0.7536447048187256,-0.06276776641607285,0.3998853862285614,0.726137638092041,-0.07476586103439331,0.4490419030189514,0.6973491311073303,-0.03738071024417877,0.4560168385505676,0.6075500845909119,-0.06273055821657181,0.4580588638782501,0.5553051829338074,-0.07782154530286789,0.45731231570243835,0.5092151761054993,-0.0886150375008583,0.4139750301837921,0.6927401423454285,-0.03465603291988373,0.41376620531082153,0.6773115396499634,-0.0728820413351059,0.4103427231311798,0.736300528049469,-0.08149499446153641,0.4084813594818115,0.7641550302505493,-0.07977927476167679,0.3811373710632324,0.6999999284744263,-0.03521984443068504,0.37726134061813354,0.6981601119041443,-0.07100299000740051,0.3817288875579834,0.7534809112548828,-0.06601540744304657,0.38543394207954407,0.773759663105011,-0.05458657816052437,0.3507239818572998,0.7147665619850159,-0.03876066207885742,0.35152938961982727,0.7159539461135864,-0.062466394156217575,0.35909485816955566,0.754767119884491,-0.0576523132622242,0.364117294549942,0.7705037593841553,-0.04842386394739151
lead,0.38278359174728394,0.8607949018478394,-3.096733314222888e-09,0.4192209541797638,0.8482127785682678,-0.03474990651011467,0.44415396451950073,0.8015792965888977,-0.0528225414454937,0.430410772562027,0.7553077340126038,-0.06738325953483582,0.40028905868530273,0.726249635219574,-0.08030852675437927,0.44961798191070557,0.6973184943199158,-0.041194651275873184,0.45649775862693787,0.6080169677734375,-0.06795676052570343,0.45822033286094666,0.5553849935531616,-0.0843525379896164,0.45758360624313354,0.5091908574104309,-0.09588360786437988,0.4141731262207031,0.694040834903717,-0.03792279586195946,0.41443565487861633,0.6778746843338013,-0.0782395750284195,0.41057559847831726,0.736315131187439,-0.0884544625878334,0.4081430435180664,0.7671942114830017,-0.08760838210582733,0.38111230731010437,0.701904296875,-0.037987738847732544,0.37787848711013794,0.6966223120689392,-0.07548979669809341,0.3820396661758423,0.7515624165534973,-0.07162558287382126,0.38529443740844727,0.774817705154419,-0.06054528057575226,0.35060974955558777,0.71722412109375,-0.04110613092780113,0.351266473531723,0.7124010920524597,-0.06631138175725937,0.35963550209999084,0.7506445646286011,-0.062124770134687424,0.36494356393814087,0.7692478895187378,-0.05305718258023262
lead,0.38267022371292114,0.859952449798584,-4.738778258683851e-09,0.4192080795764923,0.8478582501411438,-0.033347342163324356,0.4449939727783203,0.8001707792282104,-0.05032039061188698,0.4316829442977905,0.754554808139801,-0.0640648603439331,0.40065962076187134,0.7267431616783142,-0.07617398351430893,0.44936344027519226,0.6964102983474731,-0.03874396160244942,0.45626065135002136,0.6067177057266235,-0.06423437595367432,0.4581327438354492,0.554402232170105,-0.07956422120332718,0.4574795961380005,0.508486270904541,-0.09049426764249802,0.41441041231155396,0.6918220520019531,-0.03564618527889252,0.4136829972267151,0.6801117062568665,-0.07479805499315262,0.40959596633911133,0.7383440136909485,-0.08424223214387894,0.4074123501777649,0.7667335867881775,-0.08299600332975388,0.3816471993923187,0.6990537047386169,-0.03580789640545845,0.37747982144355774,0.6994764804840088,-0.07212233543395996,0.3817064166069031,0.7538853287696838,-0.06791315227746964,0.38528576493263245,0.7743767499923706,-0.05691758170723915,0.35143619775772095,0.7134731411933899,-0.03899040073156357,0.3520701825618744,0.7163266539573669,-0.06306782364845276,0.35938572883605957,0.7543805241584778,-0.05881044268608093,0.36431124806404114,0.7699182033538818,-0.04987950995564461
lead,0.3824833035469055,0.8613361716270447,-1.5744603842904326e-08,0.4206886291503906,0.8472481966018677,-0.03156418725848198,0.44553250074386597,0.7980450391769409,-0.04703202098608017,0.4310666024684906,0.7522566914558411,-0.05961443856358528,0.4005722999572754,0.7252303957939148,-0.07067090272903442,0.44925346970558167,0.6967791318893433,-0.03553234413266182,0.45619750022888184,0.6071945428848267,-0.06000853702425957,0.45824068784713745,0.5551222562789917,-0.07507985085248947,0.4577789604663849,0.5096386075019836,-0.08574426919221878,0.4144039750099182,0.693734884262085,-0.03289200738072395,0.4150305986404419,0.6769433617591858,-0.0714794173836708,0.4109760522842407,0.7340515851974487,-0.0818239375948906,0.4080214500427246,0.7652100324630737,-0.08097617328166962,0.3818362355232239,0.7015412449836731,-0.033303361386060715,0.3789767324924469,0.6964657306671143,-0.06935647875070572,0.38322895765304565,0.750361979007721,-0.06636781990528107,0.3862488865852356,0.773924708366394,-0.055771488696336746,0.3514528274536133,0.7165170907974243,-0.03645457699894905,0.35283371806144714,0.7120291590690613,-0.06071719899773598,0.36117619276046753,0.7495670914649963,-0.056866876780986786,0.3664478063583374,0.7684794664382935,-0.04791278764605522
lead,0.38144922256469727,0.86106276512146,-6.532371532586012e-09,0.4188540279865265,0.8494558334350586,-0.033055320382118225,0.44570791721343994,0.7998915314674377,-0.049584612250328064,0.43181902170181274,0.7516449093818665,-0.06290620565414429,0.40085816383361816,0.7235134840011597,-0.07452477514743805,0.44977492094039917,0.6965880990028381,-0.03713282197713852,0.4563092291355133,0.606328010559082,-0.06204155460000038,0.45833179354667664,0.5543140769004822,-0.07671860605478287,0.4578179121017456,0.5086134076118469,-0.08726183325052261,0.41437041759490967,0.6921010613441467,-0.034108687192201614,0.4143809378147125,0.677804708480835,-0.07241694629192352,0.41083255410194397,0.7376095056533813,-0.08120295405387878,0.40865617990493774,0.7658209800720215,-0.07947511970996857,0.38162168860435486,0.6994744539260864,-0.034408122301101685,0.37826305627822876,0.6988102793693542,-0.0707518607378006,0.3824354112148285,0.7547303438186646,-0.0660834088921547,0.38575661182403564,0.7744501829147339,-0.05472772568464279,0.35106611251831055,0.7140161991119385,-0.03765404224395752,0.3523789644241333,0.7162770628929138,-0.06167660281062126,0.3594764173030853,0.7559604048728943,-0.05685926973819733,0.36389800906181335,0.7716288566589355,-0.04758468270301819
lead,0.3834078907966614,0.8610119819641113,-7.50972084517798e-09,0.41976502537727356,0.8472445607185364,-0.03202097490429878,0.44616684317588806,0.7984836101531982,-0.048559002578258514,0.4311540424823761,0.7523918151855469,-0.062060654163360596,0.3991011679172516,0.7270441651344299,-0.07386825233697891,0.4497164785861969,0.6942183971405029,-0.03751349821686745,0.4569566547870636,0.6053218841552734,-0.06254712492227554,0.45866116881370544,0.5535165071487427,-0.07760592550039291,0.457823783159256,0.5071765184402466,-0.08865617215633392,0.414333701133728,0.6887822151184082,-0.03515663370490074,0.4138539731502533,0.6793109178543091,-0.07247211784124374,0.4106558561325073,0.7388352751731873,-0.08084963262081146,0.40899142622947693,0.7644789218902588,-0.07954529672861099,0.38144466280937195,0.6962745189666748,-0.03601222112774849,0.3778056502342224,0.6991519331932068,-0.0706288069486618,0.38297879695892334,0.7543238997459412,-0.06536191701889038,0.38705945014953613,0.7725681066513062,-0.05441395565867424,0.351050466299057,0.7117798328399658,-0.03993602469563484,0.3523581922054291,0.7174904942512512,-0.0627206489443779,0.36023157835006714,0.7564331293106079,-0.05777156725525856,0.3650335371494293,0.7706040740013123,-0.04883839562535286
lead,0.38478413224220276,0.8589726686477661,-2.5361854838479303e-09,0.42125028371810913,0.8462060689926147,-0.03353894129395485,0.4457654058933258,0.7983824610710144,-0.05077693238854408,0.4311719238758087,0.7504002451896667,-0.06462963670492172,0.4011695086956024,0.7209195494651794,-0.0766945332288742,0.45096591114997864,0.6945135593414307,-0.039149876683950424,0.45721757411956787,0.6046776175498962,-0.0653873160481453,0.4592815935611725,0.5520018339157104,-0.08127974718809128,0.458692729473114,0.5060111284255981,-0.09250789880752563,0.4155975878238678,0.6911879777908325,-0.036055151373147964,0.4153307378292084,0.6737278699874878,-0.07477529346942902,0.41245898604393005,0.7316847443580627,-0.08370978385210037,0.41065171360969543,0.7614278793334961,-0.08226024359464645,0.3825813829898834,0.6994490027427673,-0.03635808825492859,0.38064873218536377,0.6956343650817871,-0.0725087821483612,0.38558337092399597,0.7495495080947876,-0.06790066510438919,0.38860204815864563,0.7704362869262695,-0.056686487048864365,0.3521570563316345,0.7154249548912048,-0.039688967168331146,0.35525214672088623,0.7126831412315369,-0.06359194964170456,0.3632633090019226,0.7499520182609558,-0.05902412533760071,0.3673102855682373,0.765969455242157,-0.05001532658934593
lead,0.38486701250076294,0.857779860496521,8.145109475776735e-09,0.421974778175354,0.8459444046020508,-0.033077921718358994,0.44744443893432617,0.7986881136894226,-0.049975719302892685,0.4345715343952179,0.7511388063430786,-0.06369316577911377,0.40544822812080383,0.7208394408226013,-0.07581401616334915,0.451600581407547,0.6950412392616272,-0.038342975080013275,0.45790088176727295,0.603963315486908,-0.06379182636737823,0.46025776863098145,0.5512258410453796,-0.07886895537376404,0.4596182703971863,0.5055152773857117,-0.08949697017669678,0.4164884090423584,0.6921107769012451,-0.03519910201430321,0.41724759340286255,0.6721414923667908,-0.07394356280565262,0.4147605299949646,0.7304946184158325,-0.08292464911937714,0.41278374195098877,0.7615171670913696,-0.08120212703943253,0.3836706280708313,0.7001051306724548,-0.035302530974149704,0.38107940554618835,0.6954140663146973,-0.07217708975076675,0.3859623968601227,0.7504651546478271,-0.06793821603059769,0.3889709711074829,0.7730255126953125,-0.05654722824692726,0.3529450595378876,0.7148833274841309,-0.038237135857343674,0.3551720380783081,0.7118178606033325,-0.0633644238114357,0.36344897747039795,0.7505820393562317,-0.059225112199783325,0.3682011365890503,0.7681400775909424,-0.05012676864862442
lead,0.3856464624404907,0.8588152527809143,1.9860868505361395e-09,0.42289814352989197,0.8460598587989807,-0.0339006669819355,0.4482870399951935,0.7985331416130066,-0.0512629896402359,0.4337525963783264,0.7516726851463318,-0.06548041850328445,0.40344852209091187,0.7240421175956726,-0.07817364484071732,0.4520268738269806,0.694252610206604,-0.03865250572562218,0.4588283598423004,0.6037720441818237,-0.06438082456588745,0.4609430432319641,0.5507654547691345,-0.08024123311042786,0.4605862498283386,0.504650890827179,-0.09144280105829239,0.41671496629714966,0.6919143199920654,-0.03545774891972542,0.41696828603744507,0.67365562915802,-0.07567046582698822,0.4138698875904083,0.7314659953117371,-0.08640255033969879,0.41152340173721313,0.7636231780052185,-0.085642009973526,0.3841072916984558,0.7003942131996155,-0.035469524562358856,0.3814249634742737,0.6931582689285278,-0.07280071824789047,0.386147141456604,0.7472900748252869,-0.0695447325706482,0.3891892731189728,0.7721646428108215,-0.05860297009348869,0.3538801372051239,0.7161598205566406,-0.03843894228339195,0.3555895686149597,0.7091207504272461,-0.06384853273630142,0.3640957772731781,0.7468338012695312,-0.06015218049287796,0.3692474663257599,0.7665529847145081,-0.05118849128484726
lead,0.3883364200592041,0.8578501343727112,1.892595058450297e-08,0.42317745089530945,0.8470812439918518,-0.03451693058013916,0.44979673624038696,0.8015356659889221,-0.053880080580711365,0.4361613988876343,0.7543965578079224,-0.06998687237501144,0.4051477611064911,0.7216875553131104,-0.08426844328641891,0.4530569314956665,0.6910445690155029,-0.04151058942079544,0.4604133069515228,0.6025823354721069,-0.06929965317249298,0.4624585807323456,0.5501739978790283,-0.08525815606117249,0.46174001693725586,0.5035091042518616,-0.09665834158658981,0.4173569977283478,0.684289813041687,-0.03887633979320526,0.4190714955329895,0.6775797009468079,-0.07832041382789612,0.41536495089530945,0.7390243411064148,-0.08633190393447876,0.4131760597229004,0.7617433667182922,-0.08452305197715759,0.3841050863265991,0.6922858357429504,-0.03982551768422127,0.38270995020866394,0.701280951499939,-0.07716062664985657,0.3872133493423462,0.7563889622688293,-0.07146788388490677,0.39058029651641846,0.7692252993583679,-0.060063380748033524,0.3535853624343872,0.7083740234375,-0.04393849894404411,0.3568870723247528,0.7198105454444885,-0.06879927963018417,0.3648606538772583,0.7598575353622437,-0.06393162906169891,0.3692689538002014,0.770078182220459,-0.05490267649292946
lead,0.3877997398376465,0.8584209084510803,8.581558574860537e-09,0.42121103405952454,0.8493257164955139,-0.035464558750391006,0.44874078035354614,0.8026568293571472,-0.054279059171676636,0.4343394339084625,0.7539774775505066,-0.06931107491254807,0.40332740545272827,0.7223508954048157,-0.08209945261478424,0.4532627761363983,0.6915664076805115,-0.04107031971216202,0.45944714546203613,0.6016373634338379,-0.06862379610538483,0.46117639541625977,0.5486253499984741,-0.08394728600978851,0.4604620635509491,0.5015298128128052,-0.09485477209091187,0.4182126820087433,0.6829831004142761,-0.03774048015475273,0.4186387360095978,0.6791924238204956,-0.07574503868818283,0.4157998263835907,0.7429655194282532,-0.08202546834945679,0.4154719412326813,0.7644917368888855,-0.07907288521528244,0.38507840037345886,0.6896153688430786,-0.03830847889184952,0.3820112347602844,0.7022497653961182,-0.07468178123235703,0.3873019814491272,0.7587964534759521,-0.06780777871608734,0.3921903073787689,0.770027220249176,-0.05574599280953407,0.35422536730766296,0.7045711278915405,-0.04228293523192406,0.35622328519821167,0.7200140953063965,-0.0665731281042099,0.3644278347492218,0.7612454891204834,-0.06116621941328049,0.369137167930603,0.7701846957206726,-0.05167875066399574
lead,0.38578248023986816,0.8615210056304932,-1.2586426123561978e-08,0.4201721251010895,0.8530023097991943,-0.03512520343065262,0.4500323235988617,0.8083771467208862,-0.05476798489689827,0.43382397294044495,0.7596120238304138,-0.0706680417060852,0.40444645285606384,0.7259381413459778,-0.08419127017259598,0.45334842801094055,0.6924729347229004,-0.04173910245299339,0.45952659845352173,0.6023429036140442,-0.06976073235273361,0.4604666829109192,0.5486413240432739,-0.08526654541492462,0.4595320522785187,0.5011629462242126,-0.09627178311347961,0.41765668988227844,0.6834933757781982,-0.03910894691944122,0.4182955026626587,0.6854543089866638,-0.07802172005176544,0.41363251209259033,0.7498469948768616,-0.08488406985998154,0.41229525208473206,0.7711962461471558,-0.08244666457176208,0.3837766647338867,0.6907504796981812,-0.040249962359666824,0.3820538818836212,0.7061024308204651,-0.07768665999174118,0.3862992823123932,0.7632499933242798,-0.07076115906238556,0.3907153606414795,0.7735758423805237,-0.058724839240312576,0.3520631790161133,0.7065927386283875,-0.044680241495370865,0.3556383550167084,0.7242691516876221,-0.06949114054441452,0.36334457993507385,0.7666177749633789,-0.06364253908395767,0.3675895631313324,0.7739951610565186,-0.0538194477558136
lead,0.3835817277431488,0.86638343334198,-9.71501368240979e-09,0.4191620349884033,0.8567894697189331,-0.03630472347140312,0.45113271474838257,0.810411274433136,-0.056027453392744064,0.4312237501144409,0.7628013491630554,-0.07193003594875336,0.39789560437202454,0.735775887966156,-0.08547591418027878,0.4505471885204315,0.6953148245811462,-0.04274366423487663,0.4567880928516388,0.6035781502723694,-0.07131673395633698,0.4577847123146057,0.5498663187026978,-0.08741560578346252,0.45700305700302124,0.5018082857131958,-0.09906778484582901,0.4135519862174988,0.6861099004745483,-0.039927855134010315,0.4114314913749695,0.6939446926116943,-0.08006788790225983,0.4092496335506439,0.7594648003578186,-0.08736611157655716,0.41048070788383484,0.7805687189102173,-0.08530128002166748,0.3794168531894684,0.6931866407394409,-0.04105370119214058,0.3741225004196167,0.7125324606895447,-0.07848827540874481,0.38099604845046997,0.7703437805175781,-0.07103762030601501,0.38836315274238586,0.7817030549049377,-0.05885186418890953,0.3479534387588501,0.7091571092605591,-0.04586099833250046,0.3480684459209442,0.7301371097564697,-0.07074946910142899,0.3570484519004822,0.7727487087249756,-0.06488887965679169,0.36339831352233887,0.780876100063324,-0.055045049637556076
lead,0.38119348883628845,0.8706600666046143,-1.0112427339947772e-08,0.41693103313446045,0.8625127077102661,-0.035811278969049454,0.44959235191345215,0.8171655535697937,-0.05585004761815071,0.4309418201446533,0.7701470851898193,-0.07242992520332336,0.39908739924430847,0.7380273342132568,-0.08663679659366608,0.4500964879989624,0.6966325044631958,-0.04172249510884285,0.45633357763290405,0.6047475337982178,-0.07074152678251266,0.45724406838417053,0.5496454834938049,-0.08701247721910477,0.45595353841781616,0.5007678270339966,-0.09867741912603378,0.41269147396087646,0.685482919216156,-0.039233047515153885,0.41154032945632935,0.6978355050086975,-0.07984166592359543,0.4091285169124603,0.7645503282546997,-0.08726619929075241,0.40961018204689026,0.7851824164390564,-0.08498791605234146,0.3778497278690338,0.6922757029533386,-0.04074609652161598,0.3741345703601837,0.7177496552467346,-0.07856033742427826,0.38079795241355896,0.7756211757659912,-0.0713341236114502,0.3872820734977722,0.7850735187530518,-0.059234604239463806,0.3458922505378723,0.7084176540374756,-0.04590874910354614,0.3484463691711426,0.7366542816162109,-0.07108519226312637,0.35707205533981323,0.7801414728164673,-0.06558232009410858,0.3627125918865204,0.7861836552619934,-0.05584777146577835
lead,0.3872467875480652,0.8492041230201721,1.675196017458802e-07,0.41826507449150085,0.8549360036849976,-0.042638327926397324,0.4444575607776642,0.8257935047149658,-0.07198591530323029,0.43235689401626587,0.7834421396255493,-0.0960756242275238,0.40575066208839417,0.7471080422401428,-0.11819685995578766,0.4540177583694458,0.7043585777282715,-0.05760190263390541,0.45768874883651733,0.6169533729553223,-0.0953550711274147,0.456601083278656,0.5576837658882141,-0.11506983637809753,0.4530917704105377,0.5082480311393738,-0.12700295448303223,0.41541704535484314,0.6861718893051147,-0.05056843161582947,0.4123274087905884,0.6974126696586609,-0.09584325551986694,0.4111298620700836,0.7699719071388245,-0.09852705895900726,0.41296958923339844,0.7887865304946899,-0.09097176045179367,0.3788747191429138,0.6894271373748779,-0.04817749187350273,0.3723214268684387,0.7251607179641724,-0.08829739689826965,0.37947654724121094,0.7824165225028992,-0.07416117191314697,0.3859195113182068,0.7909055352210999,-0.05651477724313736,0.3448001444339752,0.7039141654968262,-0.049886319786310196,0.34405574202537537,0.7436513304710388,-0.07695719599723816,0.35499274730682373,0.7887977361679077,-0.06893177330493927,0.3633163869380951,0.7931082248687744,-0.05612919479608536
lead,0.3818807601928711,0.8766911029815674,-7.292538573011598e-09,0.41711559891700745,0.866368293762207,-0.03552546352148056,0.44943779706954956,0.8195570111274719,-0.05590098351240158,0.42966389656066895,0.7726722955703735,-0.0728306844830513,0.39773687720298767,0.740790843963623,-0.08741363137960434,0.44937044382095337,0.6975801587104797,-0.04259296879172325,0.4557722508907318,0.6060418486595154,-0.07262945175170898,0.4568421244621277,0.5500106811523438,-0.09012981504201889,0.4553945064544678,0.5000838041305542,-0.10277686268091202,0.4112306237220764,0.6860184669494629,-0.0405975803732872,0.4108789563179016,0.6997312903404236,-0.08224767446517944,0.4091462194919586,0.7669044733047485,-0.09050452709197998,0.4091103971004486,0.7883545756340027,-0.08871404826641083,0.37583446502685547,0.6932001709938049,-0.042504627257585526,0.3735203742980957,0.7218528985977173,-0.0808194950222969,0.3809668719768524,0.7801951169967651,-0.07381915301084518,0.3871125280857086,0.7902698516845703,-0.061832673847675323,0.3433842062950134,0.7103226184844971,-0.04809160903096199,0.3473145365715027,0.7414731383323669,-0.07380446791648865,0.35684934258461,0.7858735918998718,-0.06861010938882828,0.36273038387298584,0.7921633720397949,-0.059009525924921036
lead,0.38077256083488464,0.8809151649475098,-4.915714946207572e-09,0.41647836565971375,0.8705663084983826,-0.03533361479640007,0.4484718143939972,0.8235361576080322,-0.055672936141490936,0.43150821328163147,0.7771809101104736,-0.07280450314283371,0.4008845090866089,0.7449590563774109,-0.08768714964389801,0.4504363536834717,0.7004625797271729,-0.04209354519844055,0.45540595054626465,0.6064882874488831,-0.07211841642856598,0.45670270919799805,0.5487585067749023,-0.08995494991540909,0.45529454946517944,0.4985591173171997,-0.10265535861253738,0.41251957416534424,0.6875202655792236,-0.039554912596940994,0.41096070408821106,0.7004353404045105,-0.08197741210460663,0.40886569023132324,0.7667350172996521,-0.09073302149772644,0.4091397225856781,0.7908304929733276,-0.0887908861041069,0.3767213821411133,0.6939311027526855,-0.04080662876367569,0.3733638525009155,0.7232921719551086,-0.07849522680044174,0.3802330493927002,0.779535710811615,-0.07164619117975235,0.386883020401001,0.791133463382721,-0.059593524783849716,0.34405457973480225,0.7101202607154846,-0.04582081362605095,0.3475300073623657,0.7425137758255005,-0.07048425078392029,0.35616669058799744,0.78565514087677,-0.0654168650507927,0.3625416159629822,0.7926822304725647,-0.05582623928785324
lead,0.38781872391700745,0.8868059515953064,-9.832431757672566e-09,0.4216921031475067,0.8736313581466675,-0.0338619239628315,0.4512326121330261,0.8241693377494812,-0.054250650107860565,0.43249237537384033,0.7787322402000427,-0.07171957194805145,0.3986707031726837,0.7488304376602173,-0.08705806732177734,0.4519381821155548,0.7018769383430481,-0.04317620024085045,0.4574263095855713,0.6080095767974854,-0.07368019968271255,0.4585365951061249,0.5499310493469238,-0.09157245606184006,0.4566934108734131,0.498581200838089,-0.10461954027414322,0.4127447009086609,0.6891973614692688,-0.042318373918533325,0.41360583901405334,0.7033145427703857,-0.08521269261837006,0.41160714626312256,0.7714539170265198,-0.09370773285627365,0.41066354513168335,0.7942217588424683,-0.091976597905159,0.3764384388923645,0.6973479390144348,-0.04503212496638298,0.37537285685539246,0.7281584143638611,-0.08306696265935898,0.3825395703315735,0.7860496640205383,-0.0756368562579155,0.38821882009506226,0.7958077192306519,-0.0636802464723587,0.34381958842277527,0.7163597345352173,-0.05140731856226921,0.34836524724960327,0.7514811754226685,-0.0760568380355835,0.35807836055755615,0.7954393029212952,-0.07046173512935638,0.3643891513347626,0.8007698655128479,-0.06097325682640076
lead,0.385486364364624,0.8898070454597473,-3.0464288869325173e-08,0.4225439429283142,0.8800809979438782,-0.03552143648266792,0.45467033982276917,0.8312125205993652,-0.05676410719752312,0.4402520954608917,0.7814879417419434,-0.07475757598876953,0.4041596055030823,0.7508031129837036,-0.09089962393045425,0.4561195969581604,0.7084910273551941,-0.04641792178153992,0.4616226553916931,0.6110318899154663,-0.07879152148962021,0.4628794193267822,0.5507354736328125,-0.09766118228435516,0.4611646234989166,0.4971635937690735,-0.11087774485349655,0.41822993755340576,0.6939526796340942,-0.04455602169036865,0.41769805550575256,0.7039392590522766,-0.08718971163034439,0.4129752814769745,0.7751428484916687,-0.09391617774963379,0.41122159361839294,0.7996363043785095,-0.09098528325557709,0.3821395933628082,0.7003312110900879,-0.04645703360438347,0.3789873719215393,0.7265090942382812,-0.08492134511470795,0.38388654589653015,0.7870222330093384,-0.07520319521427155,0.38930588960647583,0.8001787662506104,-0.06148190423846245,0.348797082901001,0.7167033553123474,-0.05214521661400795,0.35131609439849854,0.7462515830993652,-0.0770096704363823,0.3604295253753662,0.793083906173706,-0.06930059939622879,0.3672286868095398,0.8038272261619568,-0.05799716338515282
lead,0.3926616907119751,0.8937880992889404,-2.7617819142733424e-08,0.4263915419578552,0.8801918029785156,-0.033076584339141846,0.4567306935787201,0.8300875425338745,-0.05212736874818802,0.43796196579933167,0.784228503704071,-0.06815291196107864,0.40585631132125854,0.7532827854156494,-0.08176568895578384,0.45638227462768555,0.7033612132072449,-0.042256053537130356,0.46368977427482605,0.6092824339866638,-0.07238356024026871,0.464860200881958,0.5496559739112854,-0.09001559019088745,0.463819682598114,0.49683526158332825,-0.10282310098409653,0.4171307384967804,0.6893052458763123,-0.04156138002872467,0.41719818115234375,0.709958553314209,-0.08225071430206299,0.4150959849357605,0.779424250125885,-0.08971656858921051,0.4158112108707428,0.8019082546234131,-0.08789052814245224,0.3807506561279297,0.6972678899765015,-0.04446517303586006,0.37875548005104065,0.7342212200164795,-0.08147900551557541,0.38601651787757874,0.7936709523200989,-0.07341349124908447,0.39340612292289734,0.803788959980011,-0.06127913296222687,0.3482401669025421,0.717012345790863,-0.051058925688266754,0.35193777084350586,0.7537801265716553,-0.07514353096485138,0.36192941665649414,0.79990154504776,-0.06852474808692932,0.36853310465812683,0.8078349828720093,-0.0582008957862854
lead,0.389799565076828,0.8990760445594788,-4.4367123308575174e-08,0.4265225827693939,0.8886885643005371,-0.033282145857810974,0.4593651294708252,0.8382943272590637,-0.05324725806713104,0.44244691729545593,0.7911171317100525,-0.07048506289720535,0.4078029990196228,0.761311411857605,-0.08566450327634811,0.4598640501499176,0.7078850269317627,-0.04238441213965416,0.46603313088417053,0.611085057258606,-0.07347769290208817,0.4676132798194885,0.5509387254714966,-0.09215788543224335,0.4659944474697113,0.4975995719432831,-0.1057143434882164,0.4201482832431793,0.6925230026245117,-0.04195670783519745,0.4216497242450714,0.7127052545547485,-0.08392097055912018,0.41890040040016174,0.784295916557312,-0.0920514464378357,0.41760122776031494,0.8077102899551392,-0.0905081182718277,0.3829652667045593,0.7000303268432617,-0.04512159898877144,0.3826531171798706,0.7363409399986267,-0.0827675387263298,0.38895124197006226,0.7968396544456482,-0.07392928004264832,0.39404043555259705,0.8080295920372009,-0.061261799186468124,0.34913358092308044,0.7185115814208984,-0.05206551402807236,0.35522159934043884,0.7556869387626648,-0.07696940004825592,0.3646673262119293,0.8037010431289673,-0.06977368891239166,0.37026628851890564,0.8126696348190308,-0.05876927077770233
lead,0.3923463821411133,0.9066838026046753,-4.9867683316051625e-08,0.42832016944885254,0.8948177695274353,-0.03145407512784004,0.45924192667007446,0.8457275629043579,-0.051446858793497086,0.4415052831172943,0.80045086145401,-0.06960473209619522,0.4073268175125122,0.7704473733901978,-0.08601126819849014,0.4599267840385437,0.7129635214805603,-0.03965660184621811,0.46615472435951233,0.6153116226196289,-0.06923023611307144,0.4679464101791382,0.5541207194328308,-0.08745099604129791,0.4666808545589447,0.5008432865142822,-0.10088126361370087,0.4203656315803528,0.6990324854850769,-0.04043739289045334,0.4197968542575836,0.7198912501335144,-0.08328698575496674,0.41612181067466736,0.7908375263214111,-0.092849962413311,0.4156278967857361,0.8180429935455322,-0.09186560660600662,0.383037805557251,0.7079554796218872,-0.04435160756111145,0.3803023397922516,0.741864025592804,-0.0824924185872078,0.38619154691696167,0.8029293417930603,-0.07399597764015198,0.3930341899394989,0.819097638130188,-0.06113867461681366,0.3491871654987335,0.7275289297103882,-0.051798608154058456,0.3518368899822235,0.7622012495994568,-0.07739827036857605,0.3609898090362549,0.8111264109611511,-0.07002022862434387,0.3690343201160431,0.8237733244895935,-0.058451034128665924
lead,0.3928017318248749,0.8925108313560486,1.7211091574154125e-07,0.42693930864334106,0.898017942905426,-0.046374667435884476,0.4525478482246399,0.8649328351020813,-0.07760743051767349,0.44163596630096436,0.8207831978797913,-0.10295188426971436,0.415764719247818,0.7817781567573547,-0.12612327933311462,0.4638533592224121,0.7299779057502747,-0.061658959835767746,0.46985721588134766,0.6349740028381348,-0.10169564187526703,0.4682306945323944,0.57167649269104,-0.12287815660238266,0.46432745456695557,0.5200008153915405,-0.1355135142803192,0.42050307989120483,0.7110843062400818,-0.05323551222681999,0.41169315576553345,0.7264304161071777,-0.10119646787643433,0.4107106328010559,0.805783212184906,-0.10363762080669403,0.41614267230033875,0.8248447775840759,-0.09518775343894958,0.38024723529815674,0.7163008451461792,-0.04968830943107605,0.3689608573913574,0.75611811876297,-0.0922047346830368,0.3784221410751343,0.8183371424674988,-0.07624559849500656,0.39039430022239685,0.8296141624450684,-0.056636013090610504,0.34536898136138916,0.7350422143936157,-0.05055834352970123,0.3408639430999756,0.7739323377609253,-0.08020294457674026,0.35197925567626953,0.8258851766586304,-0.07026136666536331,0.3638066351413727,0.8370985388755798,-0.0548974871635437
lead,0.39101701974868774,0.9166579842567444,-3.554997718424602e-08,0.42749008536338806,0.906668484210968,-0.030990522354841232,0.4569830298423767,0.857317328453064,-0.0510324202477932,0.43974366784095764,0.8111175298690796,-0.0695548802614212,0.40731289982795715,0.7775858044624329,-0.08650441467761993,0.4594041705131531,0.7205468416213989,-0.04023945704102516,0.4664163291454315,0.6194138526916504,-0.07011546939611435,0.4689420461654663,0.5567966103553772,-0.0884292721748352,0.4682532846927643,0.5025045871734619,-0.10178196430206299,0.4198099672794342,0.7066558599472046,-0.040927059948444366,0.41756847500801086,0.7278465032577515,-0.0853191688656807,0.41468915343284607,0.7989373207092285,-0.09545101970434189,0.41515427827835083,0.8286972641944885,-0.09444558620452881,0.38197171688079834,0.7156347632408142,-0.0445435531437397,0.37773483991622925,0.7509289383888245,-0.08353681862354279,0.3853745758533478,0.8115962743759155,-0.07504242658615112,0.3931598663330078,0.8311468362808228,-0.06189793720841408,0.3476625680923462,0.735300600528717,-0.05166211351752281,0.35012730956077576,0.7718124985694885,-0.07841892540454865,0.3600813150405884,0.821943461894989,-0.07148692011833191,0.3687562644481659,0.8374145030975342,-0.05970703437924385
lead,0.3863835334777832,0.926047682762146,-4.685087517941611e-08,0.42537084221839905,0.915168285369873,-0.030183035880327225,0.4568198323249817,0.8673751354217529,-0.050847817212343216,0.438377320766449,0.8241759538650513,-0.07036039233207703,0.4047180414199829,0.7929810881614685,-0.08833448588848114,0.45869874954223633,0.7254457473754883,-0.03934260457754135,0.4647585153579712,0.6228365898132324,-0.06903047114610672,0.466655969619751,0.5585523843765259,-0.08708686381578445,0.46596330404281616,0.5043637752532959,-0.10013777762651443,0.4192401170730591,0.7104632258415222,-0.040949832648038864,0.42063531279563904,0.7360440492630005,-0.08555266261100769,0.41650739312171936,0.8080905079841614,-0.09612959623336792,0.41523444652557373,0.837816059589386,-0.09508215636014938,0.38124942779541016,0.7194626927375793,-0.04538468271493912,0.3795665204524994,0.7570245265960693,-0.08447220176458359,0.38588789105415344,0.8179361820220947,-0.07680369913578033,0.39233800768852234,0.8369573950767517,-0.06402650475502014,0.3458612561225891,0.7391898036003113,-0.05323966220021248,0.3499999940395355,0.7787624597549438,-0.07998552918434143,0.3601338267326355,0.8290392756462097,-0.07326815277338028,0.36879628896713257,0.8440322875976562,-0.061439357697963715
lead,0.3873802721500397,0.908132791519165,1.9780719640039024e-07,0.4210549294948578,0.9162505865097046,-0.04444252327084541,0.4475249648094177,0.8806356191635132,-0.07427240908145905,0.4343303143978119,0.8387071490287781,-0.09871536493301392,0.4026699662208557,0.8044849634170532,-0.12237679958343506,0.4594588875770569,0.752206563949585,-0.05949162691831589,0.46469831466674805,0.6487967371940613,-0.09607408940792084,0.4658406972885132,0.58113032579422,-0.11662997305393219,0.463371604681015,0.5308622121810913,-0.1291375607252121,0.41786015033721924,0.7421180605888367,-0.05327681452035904,0.4175401031970978,0.7259741425514221,-0.10453099757432938,0.4136192500591278,0.8049097061157227,-0.11267805844545364,0.41477522253990173,0.8462256193161011,-0.10629088431596756,0.37768858671188354,0.7497323751449585,-0.05067270249128342,0.36897096037864685,0.7524083256721497,-0.0974491611123085,0.3729647099971771,0.8245311379432678,-0.08511444926261902,0.37948495149612427,0.8606104850769043,-0.06559331715106964,0.3404499292373657,0.7710719108581543,-0.05140673369169235,0.3344976305961609,0.7865462899208069,-0.08661296963691711,0.34471219778060913,0.8452410101890564,-0.07748524844646454,0.35555461049079895,0.8723866939544678,-0.06104961782693863
lead,0.38073238730430603,0.9366979002952576,-3.834196959928704e-08,0.42098379135131836,0.9276826977729797,-0.032586414366960526,0.4535709619522095,0.8813594579696655,-0.05430904030799866,0.4327469766139984,0.8350726962089539,-0.0746607854962349,0.39731279015541077,0.8017860651016235,-0.09316342324018478,0.45619070529937744,0.7338448762893677,-0.0398489348590374,0.4628113806247711,0.6275811791419983,-0.06916887313127518,0.4644826650619507,0.5621150732040405,-0.0862499251961708,0.4635787308216095,0.5071350336074829,-0.09842291474342346,0.41558805108070374,0.719584584236145,-0.040451694279909134,0.41583237051963806,0.7467487454414368,-0.08463416993618011,0.41305893659591675,0.81903475522995,-0.0943637490272522,0.4129806160926819,0.8448540568351746,-0.09247032552957535,0.3770442605018616,0.7282586097717285,-0.04418293759226799,0.37353652715682983,0.7684529423713684,-0.08376101404428482,0.3813842833042145,0.8305459022521973,-0.0756920650601387,0.38858461380004883,0.8473227024078369,-0.06209235265851021,0.3413075804710388,0.7467578053474426,-0.05152246728539467,0.34411290287971497,0.7847567796707153,-0.0781862661242485,0.353532075881958,0.8364198207855225,-0.0704735517501831,0.36055970191955566,0.8520079851150513,-0.05752408504486084
lead,0.37689507007598877,0.9487776756286621,-2.345995575581128e-08,0.4177173674106598,0.9377459287643433,-0.034049395471811295,0.44881728291511536,0.89235520362854,-0.05614200606942177,0.4207019805908203,0.847685694694519,-0.07691174745559692,0.38765883445739746,0.8148097991943359,-0.09565004706382751,0.45136114954948425,0.7466550469398499,-0.04017123952507973,0.45828214287757874,0.6330233812332153,-0.06902603060007095,0.4598143398761749,0.5664694309234619,-0.0856667160987854,0.45921590924263,0.5104600787162781,-0.09779083728790283,0.41068536043167114,0.7402608394622803,-0.04038079082965851,0.4060334265232086,0.7498118281364441,-0.08569694310426712,0.4051026999950409,0.8237945437431335,-0.09530261904001236,0.4088687300682068,0.8531786799430847,-0.09336592257022858,0.3729184567928314,0.750999391078949,-0.04402974620461464,0.3643746078014374,0.7679057121276855,-0.0835171714425087,0.37317025661468506,0.8304063677787781,-0.07365816086530685,0.38260501623153687,0.850317656993866,-0.0589761845767498,0.33694934844970703,0.7699978947639465,-0.05143752694129944,0.33373692631721497,0.7840391397476196,-0.07741077989339828,0.34417909383773804,0.8328617811203003,-0.06800106167793274,0.35334670543670654,0.8512428998947144,-0.05410567671060562
lead,0.3701384961605072,0.9565141201019287,-4.916804741128544e-09,0.4133186638355255,0.948889434337616,-0.038490742444992065,0.44934678077697754,0.9041386842727661,-0.06213536113500595,0.41981005668640137,0.857102632522583,-0.08332102745771408,0.38289549946784973,0.8224145174026489,-0.10229574143886566,0.44681981205940247,0.7502292990684509,-0.04464464262127876,0.4539351165294647,0.635202944278717,-0.07484257221221924,0.45476967096328735,0.5676803588867188,-0.09201103448867798,0.4537743330001831,0.5103795528411865,-0.10444795340299606,0.4049578905105591,0.742252767086029,-0.043071623891592026,0.4019564092159271,0.7579717040061951,-0.0895770937204361,0.4011399447917938,0.8319869041442871,-0.09951439499855042,0.40451687574386597,0.8579009771347046,-0.09768705815076828,0.366168737411499,0.7530670762062073,-0.04533543437719345,0.3584055006504059,0.7760748267173767,-0.08643551170825958,0.36773109436035156,0.8400068283081055,-0.077292799949646,0.377395361661911,0.8558307886123657,-0.06290793418884277,0.32940012216567993,0.7720171213150024,-0.05167343467473984,0.3268730342388153,0.7934095859527588,-0.07858473062515259,0.33768802881240845,0.8438951373100281,-0.06982824206352234,0.3466453552246094,0.8585091829299927,-0.056337058544158936
lead,0.3670421540737152,0.9611446857452393,1.0451630672037027e-08,0.40898773074150085,0.9554884433746338,-0.041671331971883774,0.44771283864974976,0.9140127301216125,-0.06804843991994858,0.4197685122489929,0.8675036430358887,-0.09140844643115997,0.3803156018257141,0.8299885988235474,-0.11237004399299622,0.4428563117980957,0.7532945871353149,-0.05083145201206207,0.45006051659584045,0.63796067237854,-0.08370909839868546,0.45034053921699524,0.5695663690567017,-0.10163745284080505,0.44861066341400146,0.5108144283294678,-0.11436934024095535,0.3999418020248413,0.7416388392448425,-0.0485939159989357,0.39779824018478394,0.7663753628730774,-0.09585818648338318,0.3973081707954407,0.8442216515541077,-0.10465366393327713,0.4013358950614929,0.8657644391059875,-0.10224636644124985,0.3603936731815338,0.7511393427848816,-0.05046696215867996,0.3528584837913513,0.7870608568191528,-0.09256845712661743,0.3624247610569,0.8537516593933105,-0.08210738748311996,0.37286999821662903,0.8643496036529541,-0.06718435883522034,0.3230758607387543,0.769702136516571,-0.05684494972229004,0.3210378885269165,0.8059006333351135,-0.08431091159582138,0.33282676339149475,0.8588488698005676,-0.07518330216407776,0.3425062298774719,0.8694027662277222,-0.06156143546104431
lead,0.3659461736679077,0.9685204029083252,2.8447035838041757e-09,0.40757158398628235,0.9600892663002014,-0.04256247356534004,0.44461941719055176,0.9170714616775513,-0.06941922754049301,0.41540488600730896,0.8707528114318848,-0.09300229698419571,0.3758860230445862,0.8331881761550903,-0.11388055235147476,0.4416610300540924,0.7558177709579468,-0.05194896459579468,0.4486734867095947,0.6415501236915588,-0.08636931329965591,0.4486788213253021,0.5720944404602051,-0.1053466945886612,0.44751212000846863,0.5111912488937378,-0.1189270094037056,0.3981669247150421,0.7434739470481873,-0.05008196085691452,0.3964437246322632,0.7675483226776123,-0.09698539972305298,0.3955451250076294,0.8473554849624634,-0.10457498580217361,0.40000852942466736,0.8672209978103638,-0.10177657753229141,0.3577248752117157,0.7533749938011169,-0.05273749306797981,0.35041484236717224,0.7864865660667419,-0.09443332999944687,0.360148549079895,0.8545835018157959,-0.08206681907176971,0.3713606894016266,0.8641900420188904,-0.06635229289531708,0.3195372521877289,0.7739839553833008,-0.06014202907681465,0.3162398338317871,0.8060644268989563,-0.08706574887037277,0.32832828164100647,0.8587520122528076,-0.07648126780986786,0.338408499956131,0.8693880438804626,-0.06214769184589386
lead,0.3695237338542938,0.9741727709770203,9.576107018460789e-09,0.410153865814209,0.9676619172096252,-0.04567352309823036,0.4463947117328644,0.9228699207305908,-0.07257232069969177,0.41329964995384216,0.8766387104988098,-0.09527210146188736,0.37100380659103394,0.8408409357070923,-0.11470736563205719,0.4411188066005707,0.7577999234199524,-0.056052450090646744,0.4493892192840576,0.6435304284095764,-0.0912897065281868,0.44883817434310913,0.5731558799743652,-0.10980721563100815,0.44772300124168396,0.5094306468963623,-0.12289813905954361,0.395760715007782,0.7433423399925232,-0.0525868684053421,0.3899545967578888,0.7807155251502991,-0.09865523874759674,0.3906427323818207,0.8589343428611755,-0.10519060492515564,0.3975197672843933,0.8721581697463989,-0.10221953690052032,0.3542206287384033,0.75323086977005,-0.0540008619427681,0.34422925114631653,0.8002595901489258,-0.09525785595178604,0.35639768838882446,0.8672328591346741,-0.08286893367767334,0.36948511004447937,0.8712868094444275,-0.06760834157466888,0.31599318981170654,0.7743663191795349,-0.06062843278050423,0.3120189905166626,0.8159154653549194,-0.08711041510105133,0.3253849446773529,0.8694791793823242,-0.07665205746889114,0.3355821371078491,0.8788818717002869,-0.06250548362731934
lead,0.3632102608680725,0.9742146134376526,2.182934544237014e-08,0.40575915575027466,0.9675505757331848,-0.04636833071708679,0.4459620714187622,0.9230788350105286,-0.0738164633512497,0.41679927706718445,0.8747290372848511,-0.09706530719995499,0.3732582926750183,0.8390077948570251,-0.11665786057710648,0.44179031252861023,0.7566326260566711,-0.05502500757575035,0.4485202729701996,0.6403473019599915,-0.09221833944320679,0.4476388394832611,0.5682805180549622,-0.11073976010084152,0.44702398777008057,0.5039410591125488,-0.12301013618707657,0.39653241634368896,0.738400399684906,-0.05162030830979347,0.3899807929992676,0.7748910188674927,-0.09762515127658844,0.39007940888404846,0.8567460179328918,-0.10212749987840652,0.39812415838241577,0.8694358468055725,-0.09712258726358414,0.353656142950058,0.7463511228561401,-0.05367303267121315,0.3425789773464203,0.7965025305747986,-0.09539728611707687,0.3540635406970978,0.8654775023460388,-0.08135447651147842,0.368354856967926,0.8679371476173401,-0.06464758515357971,0.31386303901672363,0.7677702307701111,-0.061178453266620636,0.3086366355419159,0.8165042996406555,-0.08675868809223175,0.32242006063461304,0.8708140850067139,-0.07514787465333939,0.3336472809314728,0.8783337473869324,-0.06005381792783737
lead,0.3622169494628906,0.9743112325668335,2.4887102156867513e-08,0.40502700209617615,0.968579113483429,-0.046309687197208405,0.44392290711402893,0.9235922694206238,-0.07395510375499725,0.41328614950180054,0.8748207092285156,-0.09763608127832413,0.3711146414279938,0.8390794992446899,-0.11797887831926346,0.4411342144012451,0.7553328275680542,-0.05538051202893257,0.4497641921043396,0.6369950771331787,-0.09190155565738678,0.4492962956428528,0.564595639705658,-0.11079277843236923,0.4484160542488098,0.5006248950958252,-0.1237575113773346,0.39678457379341125,0.739271879196167,-0.05192268267273903,0.39031219482421875,0.7722446918487549,-0.0996239110827446,0.3903185725212097,0.8537746667861938,-0.10615792125463486,0.3979223668575287,0.8700354099273682,-0.1022396981716156,0.35466668009757996,0.7477495074272156,-0.053555816411972046,0.34264764189720154,0.7930312156677246,-0.09646892547607422,0.35369667410850525,0.8630865216255188,-0.08366316556930542,0.3677919805049896,0.8695264458656311,-0.06721743941307068,0.3152783513069153,0.7683679461479187,-0.06043599918484688,0.3095095157623291,0.811610996723175,-0.0871783196926117,0.3228221535682678,0.8669400215148926,-0.0761992335319519,0.33451518416404724,0.8767364025115967,-0.06120386719703674
lead,0.3633780777454376,0.9757040143013,2.0600412042881544e-08,0.40784698724746704,0.971623957157135,-0.04777181148529053,0.44843313097953796,0.9284777045249939,-0.07680679112672806,0.41530802845954895,0.87721848487854,-0.1015387624502182,0.3725193738937378,0.8362582921981812,-0.12258196622133255,0.44464173913002014,0.7549642324447632,-0.05818609893321991,0.4520120620727539,0.6365756392478943,-0.09585733711719513,0.4510086476802826,0.563235342502594,-0.11491263657808304,0.44985949993133545,0.4982794225215912,-0.12799811363220215,0.39792391657829285,0.7362329363822937,-0.05465737730264664,0.3937840759754181,0.7751087546348572,-0.1021328717470169,0.39412325620651245,0.8560336828231812,-0.1078362911939621,0.40104183554649353,0.867222785949707,-0.10379953682422638,0.35456234216690063,0.7450376749038696,-0.056455325335264206,0.3455936014652252,0.7974807024002075,-0.09946809709072113,0.35704270005226135,0.8667054176330566,-0.08615504950284958,0.37001633644104004,0.8684746026992798,-0.0698343962430954,0.314123272895813,0.7666189670562744,-0.06371857970952988,0.31122881174087524,0.8154459595680237,-0.09095743298530579,0.3252193331718445,0.8691629767417908,-0.08032215386629105,0.3356127142906189,0.8746801018714905,-0.06581117957830429
lead,0.36720001697540283,0.9763551354408264,3.550894334125587e-08,0.4116734266281128,0.9712490439414978,-0.04598689079284668,0.4513709545135498,0.9265474081039429,-0.07375852018594742,0.4164591133594513,0.8773464560508728,-0.09771927446126938,0.37230563163757324,0.8391571044921875,-0.11849716305732727,0.4445458650588989,0.7528185844421387,-0.05542449280619621,0.4526028335094452,0.6319209337234497,-0.09141366928815842,0.45161643624305725,0.5586947202682495,-0.1100141778588295,0.45094287395477295,0.49392709136009216,-0.12293688207864761,0.39856937527656555,0.7364996671676636,-0.0522211417555809,0.39328768849372864,0.7695005536079407,-0.09976417571306229,0.393637090921402,0.8483930230140686,-0.10733570903539658,0.4016101062297821,0.864151656627655,-0.10440745949745178,0.35574576258659363,0.746764063835144,-0.053840272128582,0.345556378364563,0.7919279336929321,-0.0973554477095604,0.35678553581237793,0.8603978157043457,-0.08584940433502197,0.3713054955005646,0.8658788204193115,-0.07021238654851913,0.3160702586174011,0.7686442136764526,-0.06045360118150711,0.3114224374294281,0.8090474605560303,-0.08805067837238312,0.32503172755241394,0.8629785180091858,-0.0777074545621872,0.33722805976867676,0.8717109560966492,-0.06303655356168747
lead,0.36336180567741394,0.9256293177604675,2.0636792896766565e-07,0.403619647026062,0.9401763081550598,-0.04943452402949333,0.43997904658317566,0.9137067794799805,-0.08696895837783813,0.41850605607032776,0.8754099607467651,-0.11958547681570053,0.3802260160446167,0.8403580188751221,-0.15048275887966156,0.4509344696998596,0.759188175201416,-0.07358767092227936,0.4556612968444824,0.6371161341667175,-0.12175242602825165,0.45467355847358704,0.5633028745651245,-0.1446666270494461,0.4513702094554901,0.5010192394256592,-0.15769703686237335,0.40382763743400574,0.7363852858543396,-0.06657560914754868,0.39549413323402405,0.7591828107833862,-0.12161797285079956,0.39623722434043884,0.8538417220115662,-0.12195009738206863,0.4042852222919464,0.870411217212677,-0.11093755811452866,0.3592918813228607,0.7409042716026306,-0.06490129232406616,0.3446066677570343,0.7923448085784912,-0.1143813505768776,0.35536277294158936,0.8671321868896484,-0.09246950596570969,0.3706399202346802,0.8754533529281616,-0.06786137074232101,0.3178994655609131,0.7581869959831238,-0.0678773745894432,0.3112119436264038,0.8122918009757996,-0.10101646929979324,0.3258488178253174,0.871165931224823,-0.08659785240888596,0.3417540490627289,0.8793469071388245,-0.06701044738292694
lead,0.3690394163131714,0.9795629978179932,5.189678375927542e-08,0.41431236267089844,0.9746007323265076,-0.04933490976691246,0.45399966835975647,0.9280790686607361,-0.0787043571472168,0.4199342727661133,0.8771387338638306,-0.10356244444847107,0.37411606311798096,0.8374996781349182,-0.12505587935447693,0.4460480511188507,0.7529832124710083,-0.05961645767092705,0.45434704422950745,0.6322038173675537,-0.09753423184156418,0.45348596572875977,0.5577524304389954,-0.11688056588172913,0.451506644487381,0.49194368720054626,-0.1301703155040741,0.39938414096832275,0.7372123599052429,-0.055340077728033066,0.3945189118385315,0.7691604495048523,-0.10366896539926529,0.3965679705142975,0.852728545665741,-0.10956819355487823,0.4048772156238556,0.8676003217697144,-0.10523007065057755,0.3559890389442444,0.7472907304763794,-0.05642379820346832,0.34572428464889526,0.79368656873703,-0.10038041323423386,0.35963958501815796,0.8660680055618286,-0.08670984953641891,0.3747095465660095,0.8724060654640198,-0.06968159228563309,0.31591087579727173,0.7704266905784607,-0.0630338191986084,0.3121367394924164,0.8167867660522461,-0.09125658869743347,0.3288993239402771,0.873859167098999,-0.0803167000412941,0.34196925163269043,0.8835111856460571,-0.06517205387353897
lead,0.37259095907211304,0.9821215867996216,7.654441525062339e-09,0.41617900133132935,0.9725163578987122,-0.0470094308257103,0.45513665676116943,0.9245920777320862,-0.07504050433635712,0.4213888645172119,0.8744595646858215,-0.09876281023025513,0.37506431341171265,0.8387418389320374,-0.11879866570234299,0.44928982853889465,0.7516929507255554,-0.05724445357918739,0.4575452208518982,0.6320863366127014,-0.09407476335763931,0.45653414726257324,0.5567929148674011,-0.11313328891992569,0.45562905073165894,0.49074268341064453,-0.12636494636535645,0.40195369720458984,0.7335628867149353,-0.053837209939956665,0.3968762159347534,0.775073766708374,-0.09851446002721786,0.39749759435653687,0.8567521572113037,-0.1030166745185852,0.40564990043640137,0.868202805519104,-0.09898759424686432,0.3578150272369385,0.7434214949607849,-0.05574144050478935,0.34843146800994873,0.7956058382987976,-0.09606282413005829,0.3609028160572052,0.8641457557678223,-0.0819312185049057,0.37501510977745056,0.8663579821586609,-0.06595557928085327,0.3172702491283417,0.7675653100013733,-0.06325827538967133,0.31358495354652405,0.8137543797492981,-0.08825341612100601,0.3282201588153839,0.867091953754425,-0.0762847512960434,0.3389759659767151,0.8753781914710999,-0.06131315231323242
lead,0.37502574920654297,0.9832397699356079,-1.9402024431514064e-09,0.41784927248954773,0.9728608131408691,-0.044643957167863846,0.4570887088775635,0.923787534236908,-0.07174097001552582,0.423695832490921,0.8756957054138184,-0.09540607035160065,0.37791693210601807,0.8380053043365479,-0.11555448174476624,0.4500868320465088,0.750443696975708,-0.05424467846751213,0.4595409333705902,0.6329414248466492,-0.0906616821885109,0.4592525362968445,0.5579792261123657,-0.10957656800746918,0.4597197473049164,0.4915882647037506,-0.12272953242063522,0.40170803666114807,0.7296380400657654,-0.052302535623311996,0.39622631669044495,0.7806137800216675,-0.0976320281624794,0.39592820405960083,0.8633803129196167,-0.103191077709198,0.404635488986969,0.8766260147094727,-0.09975527971982956,0.3572106957435608,0.7396493554115295,-0.05541655421257019,0.347080260515213,0.8005304336547852,-0.09639321267604828,0.35975927114486694,0.8696251511573792,-0.08279939740896225,0.3758787512779236,0.8724879026412964,-0.06712999939918518,0.31719541549682617,0.7639182209968567,-0.06398884952068329,0.31311365962028503,0.8189945220947266,-0.08963719010353088,0.3268640339374542,0.8743824362754822,-0.07797040045261383,0.33871549367904663,0.8824504613876343,-0.06293798983097076
lead,0.37826836109161377,0.9830411672592163,-5.2297779440380054e-09,0.4205538034439087,0.9752758145332336,-0.0449235774576664,0.45924943685531616,0.9266908764839172,-0.07228793948888779,0.42518913745880127,0.8777453303337097,-0.09589233249425888,0.3780654966831207,0.8393332958221436,-0.11641941964626312,0.4544365704059601,0.7549507021903992,-0.0560222826898098,0.46351417899131775,0.6357442140579224,-0.09230201691389084,0.46340227127075195,0.5597606897354126,-0.1121484637260437,0.46302080154418945,0.49193474650382996,-0.12632562220096588,0.40737801790237427,0.733250617980957,-0.05358590558171272,0.4031374156475067,0.7751984000205994,-0.09952040016651154,0.4009101688861847,0.8560571670532227,-0.10668573528528214,0.4061509072780609,0.8743303418159485,-0.10466726869344711,0.3625164031982422,0.7428383231163025,-0.05582322180271149,0.3543155789375305,0.7979750037193298,-0.09718552976846695,0.36452317237854004,0.8659495115280151,-0.08443550020456314,0.37744271755218506,0.872739315032959,-0.06939946115016937,0.3212476968765259,0.7662931680679321,-0.06329728662967682,0.3196674585342407,0.814691960811615,-0.08924878388643265,0.33172160387039185,0.8697847723960876,-0.07782787829637527,0.3407510221004486,0.8802368640899658,-0.06318408250808716
lead,0.38117513060569763,0.9851223230361938,1.5960587518293323e-08,0.42240527272224426,0.9731056690216064,-0.045119527727365494,0.4598841965198517,0.9223983883857727,-0.07214190810918808,0.42507806420326233,0.8747174739837646,-0.09540625661611557,0.37868383526802063,0.8407459259033203,-0.11514604836702347,0.45517513155937195,0.7506689429283142,-0.055151328444480896,0.46536582708358765,0.6336524486541748,-0.09123806655406952,0.46540722250938416,0.5585494637489319,-0.11020759493112564,0.46516185998916626,0.49182161688804626,-0.123625248670578,0.40586090087890625,0.7308343052864075,-0.05256694555282593,0.399616539478302,0.7797762751579285,-0.09725374728441238,0.4008806645870209,0.862942099571228,-0.10220770537853241,0.40969377756118774,0.876606285572052,-0.09853649884462357,0.36082807183265686,0.7410265803337097,-0.05507474020123482,0.35059839487075806,0.8029517531394958,-0.09528791904449463,0.36486124992370605,0.8726038932800293,-0.08154221624135971,0.38099029660224915,0.8767558336257935,-0.06593979150056839,0.32057374715805054,0.766406238079071,-0.06314089149236679,0.3173169195652008,0.8217584490776062,-0.08859241753816605,0.332492470741272,0.8780344724655151,-0.07720991224050522,0.34465402364730835,0.88792884349823,-0.06251324713230133
lead,0.3766544759273529,0.9506148099899292,1.8092190146035136e-07,0.4166513979434967,0.9581513404846191,-0.05156995356082916,0.45033010840415955,0.9253348112106323,-0.08929013460874557,0.4299703538417816,0.8815902471542358,-0.1219608336687088,0.39180082082748413,0.8457547426223755,-0.15230685472488403,0.46100080013275146,0.7551640868186951,-0.06787227094173431,0.4662376642227173,0.6351078748703003,-0.11701938509941101,0.46519583463668823,0.5609920024871826,-0.14143523573875427,0.46535393595695496,0.4967368543148041,-0.15512675046920776,0.41226643323898315,0.7334040999412537,-0.060314930975437164,0.4047319293022156,0.7650890350341797,-0.11536219716072083,0.4054613709449768,0.8596733808517456,-0.11694765090942383,0.4137740433216095,0.8706282377243042,-0.10692311823368073,0.3663077652454376,0.7412659525871277,-0.0591617114841938,0.35347554087638855,0.7954034805297852,-0.11057310551404953,0.3642139732837677,0.8691141605377197,-0.09167197346687317,0.37683290243148804,0.8698341846466064,-0.06883344799280167,0.32458314299583435,0.7631614804267883,-0.06284685432910919,0.3179895281791687,0.8192562460899353,-0.09710516780614853,0.33132830262184143,0.87611323595047,-0.08467548340559006,0.34377384185791016,0.8777835369110107,-0.06647396087646484
lead,0.3826540410518646,0.9869763851165771,-9.733758687957561e-09,0.42519354820251465,0.9757336378097534,-0.044499244540929794,0.46287399530410767,0.9249504208564758,-0.07166525721549988,0.4285488724708557,0.8755865097045898,-0.09505950659513474,0.38142794370651245,0.8378862142562866,-0.11508659273386002,0.45715638995170593,0.7546231150627136,-0.05568664148449898,0.4662914574146271,0.6358034014701843,-0.09242033213376999,0.4660840630531311,0.5591508150100708,-0.11208674311637878,0.4654459059238434,0.4911801815032959,-0.12600794434547424,0.408196359872818,0.7338489294052124,-0.05347645655274391,0.4052799642086029,0.7779319286346436,-0.098952516913414,0.40428417921066284,0.8613594174385071,-0.10441786795854568,0.4105927050113678,0.8777832984924316,-0.10126055032014847,0.3626912832260132,0.7431735396385193,-0.05623278021812439,0.3554464280605316,0.7996177673339844,-0.09749090671539307,0.3671550452709198,0.8693504333496094,-0.08369407802820206,0.3809681236743927,0.8751843571662903,-0.06804079562425613,0.3217710852622986,0.7668472528457642,-0.06431427597999573,0.3214113712310791,0.8155762553215027,-0.09032123535871506,0.33427929878234863,0.8715829849243164,-0.07861202210187912,0.34333765506744385,0.8818153142929077,-0.06381925195455551
lead,0.3843291401863098,0.9847635626792908,2.659911402247417e-08,0.4270975589752197,0.9723871350288391,-0.04504458233714104,0.46430665254592896,0.921971321105957,-0.0731174573302269,0.42997995018959045,0.8742343187332153,-0.09764578938484192,0.3827078342437744,0.8411075472831726,-0.11854714900255203,0.458234041929245,0.7487266063690186,-0.05526089668273926,0.4670753479003906,0.6319020390510559,-0.09172958135604858,0.4667392373085022,0.5559760332107544,-0.11034956574440002,0.46654659509658813,0.48853832483291626,-0.12357227504253387,0.40786051750183105,0.727830171585083,-0.053314268589019775,0.4050491154193878,0.779532790184021,-0.09830813854932785,0.4067308008670807,0.8625994920730591,-0.10292898863554001,0.41376692056655884,0.872151255607605,-0.09903910011053085,0.3626861572265625,0.7377665042877197,-0.05652696266770363,0.3554365634918213,0.8020801544189453,-0.09701177477836609,0.37012484669685364,0.8708155155181885,-0.08275441080331802,0.3842748701572418,0.8711099624633789,-0.06702078878879547,0.3227165937423706,0.7630739212036133,-0.06535757333040237,0.3210287392139435,0.8208158016204834,-0.09086403995752335,0.33616766333580017,0.8765577077865601,-0.07918030768632889,0.34653422236442566,0.8831262588500977,-0.06441948562860489
lead,0.3813783526420593,0.9795200824737549,1.4521638114217694e-08,0.4255135953426361,0.9703109264373779,-0.04569431394338608,0.465794175863266,0.9231754541397095,-0.0742938369512558,0.4325903356075287,0.8748133778572083,-0.09922640025615692,0.38564127683639526,0.8374574780464172,-0.12041577696800232,0.45840340852737427,0.7483261823654175,-0.05667299032211304,0.46742957830429077,0.6301443576812744,-0.0939861387014389,0.46743130683898926,0.5545721054077148,-0.11256258189678192,0.467459499835968,0.4874413311481476,-0.12542812526226044,0.4088332951068878,0.7253710627555847,-0.05457418039441109,0.40734541416168213,0.7760022878646851,-0.09942412376403809,0.407415509223938,0.8612560629844666,-0.10364796221256256,0.4138803780078888,0.871955394744873,-0.09945738315582275,0.36382797360420227,0.7340728640556335,-0.057693928480148315,0.3579072058200836,0.7987099289894104,-0.09858747571706772,0.37033742666244507,0.8688324093818665,-0.08401316404342651,0.38386234641075134,0.8679357767105103,-0.06798744946718216,0.3234162926673889,0.7578170895576477,-0.06638458371162415,0.32322967052459717,0.8158741593360901,-0.09151763468980789,0.33753547072410583,0.8713574409484863,-0.07923174649477005,0.34705662727355957,0.876354992389679,-0.06405752152204514
lead,0.38386428356170654,0.9790530204772949,6.4710041769444615e-09,0.42705899477005005,0.9693970084190369,-0.04292906075716019,0.467424213886261,0.921068549156189,-0.07034267485141754,0.43519556522369385,0.871505856513977,-0.09488876163959503,0.3865147531032562,0.8357052206993103,-0.11638108640909195,0.4586326777935028,0.7454931139945984,-0.05341770499944687,0.4686892628669739,0.6298418045043945,-0.0885477364063263,0.4687013030052185,0.5548045635223389,-0.10668709874153137,0.468561589717865,0.4872566759586334,-0.1198655441403389,0.41039007902145386,0.7235610485076904,-0.0524246022105217,0.4055526852607727,0.7766213417053223,-0.09600035101175308,0.4057125151157379,0.8604840040206909,-0.101164311170578,0.4130071997642517,0.8719934821128845,-0.09809404611587524,0.36625516414642334,0.7343494296073914,-0.05606452748179436,0.3571888506412506,0.7982170581817627,-0.09579851478338242,0.3700481355190277,0.8682132363319397,-0.08163049072027206,0.3848606050014496,0.8704215288162231,-0.0661897361278534,0.32641899585723877,0.7596778869628906,-0.06498168408870697,0.32386571168899536,0.815587043762207,-0.08975555747747421,0.33880436420440674,0.8721417188644409,-0.0774063840508461,0.35069647431373596,0.8801507353782654,-0.06230665743350983
lead,0.3893947899341583,0.9780359268188477,2.0185879634482262e-08,0.43062472343444824,0.9671198129653931,-0.044608231633901596,0.46647927165031433,0.9173879623413086,-0.07263302803039551,0.432661235332489,0.8683310747146606,-0.09730944037437439,0.38653337955474854,0.833820641040802,-0.11880892515182495,0.45863717794418335,0.7443420886993408,-0.05691437050700188,0.4699290692806244,0.6276803016662598,-0.0938858911395073,0.4706586003303528,0.5532855987548828,-0.11339534819126129,0.47053033113479614,0.4857865571975708,-0.12737391889095306,0.4095848798751831,0.7271324992179871,-0.05507209151983261,0.40324801206588745,0.7745165824890137,-0.10145649313926697,0.4049700200557709,0.8588642477989197,-0.10652949661016464,0.4135669767856598,0.8724395036697388,-0.10299462080001831,0.36530816555023193,0.7393956184387207,-0.05810604616999626,0.3558642864227295,0.7954700589179993,-0.09933439642190933,0.37008750438690186,0.86580890417099,-0.08349404484033585,0.3860417604446411,0.8711828589439392,-0.06644170731306076,0.3264399468898773,0.7662868499755859,-0.06661643087863922,0.32307785749435425,0.8139227032661438,-0.09249214082956314,0.3375939726829529,0.8702898621559143,-0.0793653205037117,0.34988701343536377,0.8817554116249084,-0.06333857029676437
lead,0.3894149363040924,0.9773330688476562,-1.991061759909485e-09,0.4311191737651825,0.9661883115768433,-0.0443674698472023,0.4686025381088257,0.916069507598877,-0.07172506302595139,0.43804672360420227,0.8684651255607605,-0.09558358788490295,0.3899341821670532,0.8359233140945435,-0.115863136947155,0.46321558952331543,0.7451838254928589,-0.054502323269844055,0.47112467885017395,0.6262181997299194,-0.09150195866823196,0.47051137685775757,0.550564169883728,-0.1104283332824707,0.46969735622406006,0.4841293692588806,-0.12346407026052475,0.41468313336372375,0.7244670987129211,-0.052828170359134674,0.4131638705730438,0.7706975340843201,-0.09763260930776596,0.4122699499130249,0.8554026484489441,-0.1019647940993309,0.4180908203125,0.8671588897705078,-0.09775132685899734,0.36960890889167786,0.7334518432617188,-0.05634671077132225,0.36307474970817566,0.7918806672096252,-0.09701365232467651,0.37511146068573,0.8629485368728638,-0.08197718113660812,0.38874757289886475,0.8653676509857178,-0.06539736688137054,0.3290349841117859,0.7574026584625244,-0.06532660126686096,0.3277687132358551,0.8076496124267578,-0.09010053426027298,0.3425014913082123,0.8640245199203491,-0.07685007899999619,0.3530387282371521,0.8733385801315308,-0.060893550515174866
lead,0.39543482661247253,0.9793986082077026,-7.467418683404503e-09,0.43567991256713867,0.964954137802124,-0.04245127737522125,0.4702964425086975,0.911294162273407,-0.06838678568601608,0.4358757436275482,0.8638133406639099,-0.09112313389778137,0.3881026804447174,0.8303115367889404,-0.11050889641046524,0.4614986479282379,0.7420067191123962,-0.052307892590761185,0.47176361083984375,0.625835120677948,-0.08672476559877396,0.4727346897125244,0.5524393320083618,-0.10464449971914291,0.47283992171287537,0.4860154688358307,-0.11780840903520584,0.41292256116867065,0.7221280336380005,-0.05103587359189987,0.40794509649276733,0.7749935388565063,-0.09521716088056564,0.40904465317726135,0.857950747013092,-0.10099168121814728,0.4160647988319397,0.871438205242157,-0.09832558780908585,0.3687748312950134,0.7336153388023376,-0.05443309620022774,0.3604907989501953,0.797122597694397,-0.09455399215221405,0.3740127682685852,0.8647499680519104,-0.08175493031740189,0.388283371925354,0.865369975566864,-0.0671950951218605,0.3300064206123352,0.7590598464012146,-0.062982477247715,0.3276961147785187,0.8151617646217346,-0.08832191675901413,0.34132328629493713,0.8697813749313354,-0.07730516046285629,0.35143837332725525,0.8757664561271667,-0.06321816891431808
lead,0.39196541905403137,0.9757673144340515,-4.4896871997934795e-08,0.4326007664203644,0.9635770320892334,-0.04411664605140686,0.4680442810058594,0.9155131578445435,-0.07138732075691223,0.4382080137729645,0.8686538934707642,-0.09507225453853607,0.39380598068237305,0.8319408893585205,-0.11508998274803162,0.46641305088996887,0.7443882822990417,-0.05424295738339424,0.4743558168411255,0.6277767419815063,-0.09096605330705643,0.4736179709434509,0.5520328283309937,-0.11013942211866379,0.47242271900177,0.48612433671951294,-0.12330640852451324,0.41877812147140503,0.7220730781555176,-0.052390117198228836,0.4155983626842499,0.7712538838386536,-0.09631984680891037,0.41299885511398315,0.854407548904419,-0.10038820654153824,0.418306440114975,0.8674551248550415,-0.09625019133090973,0.37401238083839417,0.7306443452835083,-0.055794503539800644,0.36614906787872314,0.7928225994110107,-0.09524707496166229,0.37580516934394836,0.8616165518760681,-0.08025336265563965,0.38878411054611206,0.8629308938980103,-0.06406228989362717,0.3338369131088257,0.7537042498588562,-0.06471681594848633,0.33002758026123047,0.8048959970474243,-0.08789856731891632,0.3410581350326538,0.860060453414917,-0.07442118972539902,0.349811315536499,0.8687163591384888,-0.05868131294846535
lead,0.39066165685653687,0.9771742820739746,7.538427659881108e-09,0.4320911765098572,0.9656931161880493,-0.04436676204204559,0.46986761689186096,0.9159347414970398,-0.0711827352643013,0.43832218647003174,0.8673195838928223,-0.09448915719985962,0.3919649124145508,0.8330204486846924,-0.11416052281856537,0.4633539021015167,0.7436663508415222,-0.05390094965696335,0.4739812910556793,0.6270202398300171,-0.08995860815048218,0.47479212284088135,0.5517534017562866,-0.10830162465572357,0.4748939871788025,0.4847814738750458,-0.12118712067604065,0.4157152771949768,0.7210674285888672,-0.051747433841228485,0.4092312157154083,0.7734566330909729,-0.09566513448953629,0.40954768657684326,0.8577520251274109,-0.09963762760162354,0.4179574251174927,0.8706976175308228,-0.09538952261209488,0.37162306904792786,0.7293650507926941,-0.05477525293827057,0.361420214176178,0.7946262955665588,-0.0945155918598175,0.37356874346733093,0.864509642124176,-0.08000802248716354,0.38879287242889404,0.8666315078735352,-0.0640711560845375,0.3321286141872406,0.7526527643203735,-0.06337521225214005,0.3282451033592224,0.8101738095283508,-0.08790699392557144,0.34162989258766174,0.8657625317573547,-0.0759848952293396,0.3528434932231903,0.8733299374580383,-0.061069048941135406
lead,0.3934851884841919,0.9763919711112976,-9.811386147973167e-10,0.43403828144073486,0.9643280506134033,-0.04284373298287392,0.4699406623840332,0.9147336483001709,-0.07054629921913147,0.4376446306705475,0.8663191199302673,-0.09516558051109314,0.39174219965934753,0.8304795622825623,-0.1164265125989914,0.4657682180404663,0.7424344420433044,-0.0534636490046978,0.4758315682411194,0.6264228820800781,-0.0892617255449295,0.4764108657836914,0.5519979596138,-0.10787520557641983,0.47588038444519043,0.4854367673397064,-0.12133398652076721,0.41827791929244995,0.7201433777809143,-0.05221634730696678,0.41614213585853577,0.7680855393409729,-0.09691814333200455,0.41530364751815796,0.8529540300369263,-0.10168907791376114,0.42067477107048035,0.8665237426757812,-0.098020039498806,0.37419044971466064,0.7293441295623779,-0.05576751008629799,0.36785775423049927,0.7909299731254578,-0.09604428708553314,0.3791184425354004,0.8613702058792114,-0.08109432458877563,0.39188361167907715,0.8643608093261719,-0.06484376639127731,0.33441710472106934,0.7530235648155212,-0.06458745896816254,0.3335026204586029,0.8074739575386047,-0.08951884508132935,0.3458400070667267,0.8641065359115601,-0.07704327255487442,0.3550831079483032,0.8718445897102356,-0.06181274354457855
lead,0.3937779664993286,0.9768128395080566,-1.4848691165525452e-09,0.4339480400085449,0.9632872939109802,-0.04182763770222664,0.4715399444103241,0.9123696088790894,-0.06875044852495193,0.4403970241546631,0.8641915321350098,-0.09287905693054199,0.39335501194000244,0.8299297094345093,-0.11364944279193878,0.4651373326778412,0.7430776357650757,-0.0523112453520298,0.4757727384567261,0.6265130639076233,-0.08785729110240936,0.476787269115448,0.5524174571037292,-0.10575628280639648,0.4767017960548401,0.4858146607875824,-0.11846035718917847,0.4170723855495453,0.7221969366073608,-0.05151312053203583,0.4153103232383728,0.7699470520019531,-0.09550388902425766,0.41475212574005127,0.8541940450668335,-0.0995107889175415,0.4207157492637634,0.8656508922576904,-0.09546299278736115,0.3730505108833313,0.7316337823867798,-0.05552661046385765,0.3664245307445526,0.7907981872558594,-0.0950610488653183,0.37756478786468506,0.8602891564369202,-0.07970595359802246,0.3905610144138336,0.8611254096031189,-0.06342614442110062,0.33345669507980347,0.7548570036888123,-0.06477021425962448,0.3320068120956421,0.8069028258323669,-0.08836255967617035,0.34467813372612,0.8615570664405823,-0.07521167397499084,0.35431259870529175,0.8674405813217163,-0.059782762080430984
lead,0.39704057574272156,0.9762826561927795,-1.051479703306768e-08,0.4371073842048645,0.9638488292694092,-0.04325554147362709,0.4722011983394623,0.9141219258308411,-0.07098259776830673,0.44072768092155457,0.8670681118965149,-0.09538737684488297,0.3942771255970001,0.8322293162345886,-0.11636137962341309,0.4683716893196106,0.7425947189331055,-0.054284460842609406,0.47710156440734863,0.6266049742698669,-0.09053461253643036,0.47678571939468384,0.5515509843826294,-0.10925793647766113,0.47600653767585754,0.4856801927089691,-0.12221439927816391,0.4202687442302704,0.72197425365448,-0.05285486578941345,0.41990572214126587,0.768804132938385,-0.09740016609430313,0.4188559353351593,0.852668046951294,-0.10177398473024368,0.42379918694496155,0.8660034537315369,-0.09753403067588806,0.3756839632987976,0.7310137152671814,-0.05633953958749771,0.37032395601272583,0.7905148863792419,-0.09670795500278473,0.38115695118904114,0.8611291646957397,-0.08171413838863373,0.3934108018875122,0.8645280003547668,-0.06495233625173569,0.33551689982414246,0.7538670301437378,-0.06511513143777847,0.33555763959884644,0.8028342127799988,-0.08939582109451294,0.34688088297843933,0.8597320318222046,-0.07592105865478516,0.3544670641422272,0.8698724508285522,-0.05979090556502342
lead,0.3947240114212036,0.9768939018249512,-3.738017895216217e-09,0.43623098731040955,0.9642925262451172,-0.044471967965364456,0.4741223454475403,0.9120503067970276,-0.07101515680551529,0.44173017144203186,0.8623458743095398,-0.09370830655097961,0.39492547512054443,0.8288180232048035,-0.11274290084838867,0.4689170718193054,0.7425158023834229,-0.05335637554526329,0.47783225774765015,0.6256771087646484,-0.08930554986000061,0.4785726070404053,0.5511820316314697,-0.1081695631146431,0.47866055369377136,0.4858205318450928,-0.12137553095817566,0.4202529788017273,0.7214068174362183,-0.05111684277653694,0.4189853370189667,0.7670792937278748,-0.09589845687150955,0.41839444637298584,0.850788414478302,-0.10120628774166107,0.42361730337142944,0.8665968179702759,-0.09751366823911667,0.3754342198371887,0.7300007343292236,-0.05400921776890755,0.3699507713317871,0.7902819514274597,-0.09482628852128983,0.38181695342063904,0.8609359860420227,-0.08157292008399963,0.39468857645988464,0.865242600440979,-0.06593016535043716,0.33550578355789185,0.7534793019294739,-0.06231088936328888,0.336420476436615,0.806219756603241,-0.08741426467895508,0.34987372159957886,0.862654447555542,-0.0756889134645462,0.3586893081665039,0.872177243232727,-0.06075603514909744
lead,0.3986515700817108,0.9724912643432617,-1.0175528863953787e-08,0.43933430314064026,0.9628400206565857,-0.04268467426300049,0.4749607443809509,0.9152206182479858,-0.07085798680782318,0.4437137246131897,0.8672311305999756,-0.096058189868927,0.3968390226364136,0.8313128352165222,-0.11818894743919373,0.47052183747291565,0.7423698902130127,-0.05514442175626755,0.4803747534751892,0.6259075999259949,-0.09099486470222473,0.48151999711990356,0.5530458092689514,-0.10995979607105255,0.48130282759666443,0.4871143400669098,-0.12383654713630676,0.42352497577667236,0.721213698387146,-0.054589156061410904,0.4199426472187042,0.7689526081085205,-0.09975758194923401,0.4194713234901428,0.8542969226837158,-0.10536474734544754,0.42517727613449097,0.8700605630874634,-0.10255810618400574,0.37948161363601685,0.7318858504295349,-0.058555249124765396,0.37233126163482666,0.7899045348167419,-0.0991271361708641,0.38440239429473877,0.8609421253204346,-0.08396176248788834,0.39819347858428955,0.8661985993385315,-0.0677453801035881,0.33968037366867065,0.756606936454773,-0.06773960590362549,0.33813148736953735,0.8087245225906372,-0.09339550137519836,0.3512629270553589,0.8668806552886963,-0.08045363426208496,0.3618016839027405,0.8776587247848511,-0.06485243141651154
lead,0.3982498347759247,0.9714336395263672,-2.4767766504396604e-08,0.4385305941104889,0.9617335796356201,-0.04175979644060135,0.47445258498191833,0.9131038188934326,-0.06936537474393845,0.44495514035224915,0.8634833097457886,-0.09419948607683182,0.39857709407806396,0.828097939491272,-0.11634635925292969,0.4735409915447235,0.7457713484764099,-0.05350898206233978,0.48363256454467773,0.6274651885032654,-0.08962521702051163,0.48497942090034485,0.5539222359657288,-0.10923312604427338,0.4843311905860901,0.48852893710136414,-0.12333718687295914,0.42784595489501953,0.7280382513999939,-0.053156834095716476,0.42329615354537964,0.7641456723213196,-0.09987902641296387,0.42056214809417725,0.8492183089256287,-0.10575229674577713,0.4254275858402252,0.8681938648223877,-0.10256658494472504,0.38447704911231995,0.7380472421646118,-0.05734793469309807,0.3754088878631592,0.7817149758338928,-0.09846244752407074,0.3850570321083069,0.8533775806427002,-0.08208242058753967,0.3980828821659088,0.8632100224494934,-0.06453530490398407,0.34474843740463257,0.7608051300048828,-0.06662340462207794,0.34112823009490967,0.7982686161994934,-0.09192586690187454,0.351428747177124,0.8559196591377258,-0.07761228084564209,0.3612738847732544,0.8698089122772217,-0.060940615832805634
lead,0.4029996693134308,0.973706066608429,1.0399499927871148e-08,0.44230717420578003,0.9606510400772095,-0.04224632680416107,0.47804129123687744,0.9087527990341187,-0.06922224164009094,0.4461830258369446,0.8583722710609436,-0.09337646514177322,0.40085524320602417,0.8220856785774231,-0.11458772420883179,0.4764411747455597,0.7426646947860718,-0.050530917942523956,0.48704442381858826,0.6301323175430298,-0.08568413555622101,0.48933446407318115,0.5567055940628052,-0.10463090240955353,0.48995184898376465,0.4930003881454468,-0.11818080395460129,0.42874422669410706,0.7231948971748352,-0.049131978303194046,0.4269552230834961,0.7603611946105957,-0.09553126990795135,0.4252361059188843,0.8419357538223267,-0.10230308026075363,0.42926034331321716,0.8591487407684326,-0.09903500974178314,0.38494813442230225,0.7317132353782654,-0.05244189873337746,0.3786703944206238,0.782223641872406,-0.09449434280395508,0.38966912031173706,0.8521573543548584,-0.08197447657585144,0.40159809589385986,0.8605586290359497,-0.06624167412519455,0.3451353907585144,0.7538142800331116,-0.060741834342479706,0.34584587812423706,0.7998879551887512,-0.0876293033361435,0.35792475938796997,0.8564285635948181,-0.0771610289812088,0.367141991853714,0.8670983910560608,-0.06282507628202438
lead,0.40457528829574585,0.9750457406044006,-1.0007072503981362e-08,0.4443964660167694,0.9594353437423706,-0.03873389959335327,0.47894155979156494,0.9047253131866455,-0.06354682147502899,0.4489189386367798,0.856739342212677,-0.08619122207164764,0.40343794226646423,0.8262566924095154,-0.10648172348737717,0.479572594165802,0.746498167514801,-0.04828951507806778,0.49010708928108215,0.6312501430511475,-0.08195678889751434,0.4932747185230255,0.5591991543769836,-0.10102911293506622,0.49379992485046387,0.49735555052757263,-0.11469423025846481,0.4304259717464447,0.7279996871948242,-0.048103027045726776,0.430856317281723,0.7659566402435303,-0.0951884388923645,0.4295750856399536,0.8448024988174438,-0.10453946888446808,0.4316026270389557,0.867892861366272,-0.10290370136499405,0.3855760097503662,0.7380414009094238,-0.051779814064502716,0.3815212547779083,0.7895590662956238,-0.09308557957410812,0.39296162128448486,0.8570221066474915,-0.08265138417482376,0.4037981927394867,0.8691241145133972,-0.06821315735578537,0.34577956795692444,0.7610170841217041,-0.059985846281051636,0.3479224443435669,0.8074554204940796,-0.0855223760008812,0.3611314296722412,0.8622996211051941,-0.07525070011615753,0.3710457384586334,0.8748172521591187,-0.061056897044181824
lead,0.4115515649318695,0.9743988513946533,-1.6494917431941758e-08,0.4501267969608307,0.9602395296096802,-0.03965142369270325,0.48238497972488403,0.9072247743606567,-0.06570325791835785,0.45440396666526794,0.85728520154953,-0.08965959399938583,0.40804481506347656,0.830937385559082,-0.11194491386413574,0.48419639468193054,0.7506464123725891,-0.050982922315597534,0.4955398440361023,0.6334570050239563,-0.08439739048480988,0.4993906319141388,0.5627365708351135,-0.10388383269309998,0.5001761317253113,0.5020641088485718,-0.11809613555669785,0.4370787441730499,0.7368987202644348,-0.05052444338798523,0.4325770437717438,0.7649872899055481,-0.10017289221286774,0.42897477746009827,0.8431915640830994,-0.11149226129055023,0.4296414852142334,0.8697906732559204,-0.11078962683677673,0.39344722032546997,0.7489805221557617,-0.05352674052119255,0.3847580552101135,0.7860643863677979,-0.09618972986936569,0.39558646082878113,0.8515579104423523,-0.08651865273714066,0.4062672257423401,0.8679717183113098,-0.07209558039903641,0.3550319969654083,0.7727774977684021,-0.0609256736934185,0.3522276282310486,0.8066737055778503,-0.08782941848039627,0.36503374576568604,0.8588714599609375,-0.07796751707792282,0.3764481246471405,0.8751003742218018,-0.06375200301408768
lead,0.41579094529151917,0.9761672616004944,-1.1748034545178143e-08,0.45279455184936523,0.9610170722007751,-0.039968617260456085,0.48377367854118347,0.9101244211196899,-0.06690025329589844,0.45757102966308594,0.8605551719665527,-0.09181216359138489,0.4150155484676361,0.8278078436851501,-0.11465074867010117,0.4869121015071869,0.7498045563697815,-0.05024716630578041,0.4983832836151123,0.6368688344955444,-0.08430236577987671,0.5025519728660583,0.5651972889900208,-0.10442737489938736,0.50341796875,0.5043206810951233,-0.11889253556728363,0.43983396887779236,0.7342502474784851,-0.049729786813259125,0.4352550208568573,0.7683258056640625,-0.09881491959095001,0.4312988221645355,0.845604419708252,-0.10983447730541229,0.4328182637691498,0.8718425035476685,-0.10901879519224167,0.39638158679008484,0.745911180973053,-0.05288112163543701,0.38874128460884094,0.7888507843017578,-0.09569988399744034,0.398466020822525,0.8550102114677429,-0.08583852648735046,0.4095730483531952,0.8725627660751343,-0.0712018832564354,0.3582615852355957,0.7695227861404419,-0.0605921745300293,0.3572419583797455,0.8073683977127075,-0.08861730247735977,0.3691443204879761,0.8611589074134827,-0.07942193746566772,0.38045433163642883,0.8785663843154907,-0.06530499458312988
lead,0.4148041307926178,0.9726814031600952,-1.9896975178568255e-09,0.4530687630176544,0.9582357406616211,-0.039814673364162445,0.48684602975845337,0.9059481620788574,-0.06637492030858994,0.46128225326538086,0.8530221581459045,-0.09102892130613327,0.4160921275615692,0.8242170810699463,-0.11381804943084717,0.4906708598136902,0.7541893124580383,-0.04747965559363365,0.500979483127594,0.6354315876960754,-0.08033829182386398,0.5051148533821106,0.566293478012085,-0.09928403049707413,0.5059417486190796,0.5069685578346252,-0.1129143163561821,0.4443451464176178,0.7425781488418579,-0.04729004204273224,0.4458945393562317,0.7528173923492432,-0.09933213144540787,0.44121283292770386,0.832615077495575,-0.11222010850906372,0.43945759534835815,0.8653650283813477,-0.111115463078022,0.40154677629470825,0.7529990673065186,-0.050646260380744934,0.39839452505111694,0.7711395025253296,-0.09638721495866776,0.4067665636539459,0.8400416374206543,-0.08788987249135971,0.41494590044021606,0.8628938794136047,-0.07247058302164078,0.36251914501190186,0.7738164067268372,-0.05801611766219139,0.3643166124820709,0.7918487787246704,-0.08727815002202988,0.3751440942287445,0.8425034284591675,-0.0784216970205307,0.38428208231925964,0.860490620136261,-0.06411329656839371
lead,0.4137236773967743,0.9702599048614502,-1.514985115136369e-08,0.4536493420600891,0.9552969336509705,-0.039174653589725494,0.48934125900268555,0.9028061628341675,-0.06457026302814484,0.4626113474369049,0.8522099852561951,-0.08784044533967972,0.4184848964214325,0.8204632997512817,-0.10916528105735779,0.491072416305542,0.7517775893211365,-0.04748580604791641,0.5025089979171753,0.6370363235473633,-0.08048255741596222,0.5076837539672852,0.5672921538352966,-0.09890450537204742,0.5098085999488831,0.5070205926895142,-0.11198653280735016,0.4451509118080139,0.7376986145973206,-0.04713209345936775,0.4460441470146179,0.7517150044441223,-0.09623349457979202,0.44036704301834106,0.833066463470459,-0.1064944639801979,0.4395308792591095,0.8639072775840759,-0.10426194965839386,0.4028550386428833,0.7471262216567993,-0.050518281757831573,0.3987923264503479,0.7718021273612976,-0.09500887989997864,0.4065086245536804,0.8425236940383911,-0.08527377992868423,0.41593021154403687,0.862956166267395,-0.0693681389093399,0.36378389596939087,0.767774760723114,-0.05791674554347992,0.36482566595077515,0.7862173318862915,-0.08626466989517212,0.3766225576400757,0.8390519618988037,-0.07634196430444717,0.3869965970516205,0.8576087355613708,-0.06152963638305664
lead,0.41914209723472595,0.967240035533905,9.578905668661264e-09,0.45587804913520813,0.9508056640625,-0.03857165575027466,0.48915138840675354,0.8978739380836487,-0.06470681726932526,0.4651784598827362,0.847968339920044,-0.08875835686922073,0.4227273464202881,0.8181110620498657,-0.1107666939496994,0.4905972480773926,0.7472264766693115,-0.049484580755233765,0.5020503401756287,0.6376354694366455,-0.0830402746796608,0.5076025724411011,0.5693949460983276,-0.10200027376413345,0.5096972584724426,0.5096115469932556,-0.1158706396818161,0.4441067576408386,0.7317217588424683,-0.049373142421245575,0.444501131772995,0.7538638710975647,-0.0973670557141304,0.43979665637016296,0.8337557315826416,-0.10663265734910965,0.4389927387237549,0.8589682579040527,-0.10467033833265305,0.4018172025680542,0.7411482930183411,-0.05295175686478615,0.3994312286376953,0.7760822772979736,-0.0958477109670639,0.4073101580142975,0.8437018394470215,-0.08576788008213043,0.41560909152030945,0.858460545539856,-0.07098265737295151,0.36354637145996094,0.7625630497932434,-0.06076900288462639,0.36756807565689087,0.7943255305290222,-0.08871762454509735,0.3787468671798706,0.8462517857551575,-0.08012264221906662,0.38764142990112305,0.8595716953277588,-0.06706742197275162
lead,0.41828954219818115,0.9651709794998169,-1.5678313758371587e-08,0.45622342824935913,0.9490364789962769,-0.03763256594538689,0.48813337087631226,0.8957962989807129,-0.06111668050289154,0.4667132496833801,0.8444551229476929,-0.08233390003442764,0.4267500638961792,0.8116382956504822,-0.10153083503246307,0.4930155873298645,0.7511035203933716,-0.045108042657375336,0.5021721720695496,0.6367745399475098,-0.07692665606737137,0.5067943930625916,0.5686500668525696,-0.09521612524986267,0.5070416927337646,0.5096716284751892,-0.10829050838947296,0.4478468596935272,0.7375090718269348,-0.04457331448793411,0.4485401213169098,0.7448526620864868,-0.09425406903028488,0.4440149962902069,0.8241898417472839,-0.10600531846284866,0.44172143936157227,0.8600674867630005,-0.10433240979909897,0.40594619512557983,0.7462851405143738,-0.0475558340549469,0.40343722701072693,0.7689307332038879,-0.09192324429750443,0.410479336977005,0.8374747633934021,-0.08456114679574966,0.41745394468307495,0.8604507446289062,-0.07003416866064072,0.36820781230926514,0.7661817073822021,-0.05430115386843681,0.371963232755661,0.787968635559082,-0.08340025693178177,0.38288643956184387,0.8394237756729126,-0.07629603892564774,0.3917427957057953,0.8577457666397095,-0.06339981406927109
lead,0.41679343581199646,0.9583858847618103,1.7158108267523176e-09,0.4554579257965088,0.9445192813873291,-0.03956754878163338,0.49010327458381653,0.8932491540908813,-0.06407377123832703,0.4691449999809265,0.8437535762786865,-0.08594194799661636,0.4294111430644989,0.812406063079834,-0.10546187311410904,0.49321988224983215,0.743649959564209,-0.04762188345193863,0.5034305453300476,0.6349500417709351,-0.08023331314325333,0.5085424184799194,0.5680551528930664,-0.09864964336156845,0.5095030665397644,0.5096728801727295,-0.1118997111916542,0.44764208793640137,0.7274235486984253,-0.04635608568787575,0.4480664134025574,0.7485181093215942,-0.09457651525735855,0.44435709714889526,0.8262711763381958,-0.1051829382777214,0.4426427185535431,0.8547396659851074,-0.10359306633472443,0.40557724237442017,0.7362372875213623,-0.048982761800289154,0.40379199385643005,0.7757490873336792,-0.0923502966761589,0.4106747806072235,0.8416451215744019,-0.08498968183994293,0.41701051592826843,0.8560189008712769,-0.07137739658355713,0.3678509294986725,0.7569572925567627,-0.0558161661028862,0.3729565739631653,0.7944724559783936,-0.08364753425121307,0.38278132677078247,0.8448728322982788,-0.07698526978492737,0.38941076397895813,0.8565428256988525,-0.06515654176473618
lead,0.4205619990825653,0.9610338807106018,-3.65666998902725e-08,0.4581257700920105,0.9432209730148315,-0.03414728492498398,0.4914799928665161,0.8878962993621826,-0.056113891303539276,0.4704606533050537,0.8386791348457336,-0.07640284299850464,0.42990219593048096,0.8112132549285889,-0.09471036493778229,0.49392077326774597,0.7430059313774109,-0.04278860241174698,0.5042706727981567,0.6356303095817566,-0.07395626604557037,0.5094822645187378,0.5686558485031128,-0.09229185432195663,0.5107436776161194,0.510449230670929,-0.10571175068616867,0.44860732555389404,0.7265347242355347,-0.04356307163834572,0.45015761256217957,0.7512116432189941,-0.08945227414369583,0.44491875171661377,0.8273153901100159,-0.09970381110906601,0.4417213499546051,0.8551464676856995,-0.09859095513820648,0.4068499207496643,0.7358043193817139,-0.047671690583229065,0.4060080647468567,0.7748172879219055,-0.08846969157457352,0.4125416874885559,0.8396545648574829,-0.08058277517557144,0.41844356060028076,0.8554942011833191,-0.06732458621263504,0.3694085478782654,0.7574127912521362,-0.055615440011024475,0.3755267858505249,0.7923868298530579,-0.08177652209997177,0.38586297631263733,0.8420842289924622,-0.07419940084218979,0.3929230868816376,0.8551215529441833,-0.06203911826014519
lead,0.4214589297771454,0.9584627151489258,-2.9352563046813884e-08,0.4587048888206482,0.9444329142570496,-0.037094611674547195,0.4922497868537903,0.8925150632858276,-0.06047791242599487,0.47245195508003235,0.8417774438858032,-0.0815943032503128,0.4334964454174042,0.8086338639259338,-0.10069341212511063,0.4959333837032318,0.7446479797363281,-0.04518682137131691,0.5053030252456665,0.6356106400489807,-0.07672091573476791,0.5103205442428589,0.5698938369750977,-0.09519147872924805,0.5110657215118408,0.5120793581008911,-0.1086243987083435,0.45174890756607056,0.729414165019989,-0.04451529309153557,0.4529198408126831,0.7472875118255615,-0.09192147105932236,0.4470992088317871,0.8238326907157898,-0.10347016155719757,0.4431138336658478,0.8546364307403564,-0.10284629464149475,0.410435289144516,0.7380486130714417,-0.047276727855205536,0.4090035557746887,0.7703959941864014,-0.0900222584605217,0.4149532914161682,0.8361390829086304,-0.08314886689186096,0.42005595564842224,0.8551962375640869,-0.07005723565816879,0.3726958632469177,0.7580375075340271,-0.05386461317539215,0.377300888299942,0.7894905805587769,-0.0824412927031517,0.38787227869033813,0.8416458368301392,-0.0759715735912323,0.3955898880958557,0.8578990697860718,-0.06408960372209549
lead,0.42120853066444397,0.961045503616333,6.0185878503205e-09,0.4594374895095825,0.9421961307525635,-0.0363563597202301,0.49142932891845703,0.8900342583656311,-0.06003331020474434,0.47109851241111755,0.8426128029823303,-0.08210285753011703,0.4331776201725006,0.811531662940979,-0.10248232632875443,0.493168443441391,0.7476651072502136,-0.04292082414031029,0.5038493275642395,0.6387563943862915,-0.07442709803581238,0.5101301670074463,0.5716913342475891,-0.09299471974372864,0.5119820833206177,0.5141043663024902,-0.1062341257929802,0.44890567660331726,0.7361310124397278,-0.042534638196229935,0.44904860854148865,0.7423123717308044,-0.09151982516050339,0.44493505358695984,0.8205909132957458,-0.10291507095098495,0.44293972849845886,0.8557337522506714,-0.10105952620506287,0.4081560969352722,0.7450597286224365,-0.04565775766968727,0.4043227434158325,0.7644771933555603,-0.0890553891658783,0.41201353073120117,0.832343339920044,-0.0811256468296051,0.4194352626800537,0.8565397262573242,-0.06630448997020721,0.37094610929489136,0.7648369073867798,-0.05254080146551132,0.37286376953125,0.7835468053817749,-0.08112051337957382,0.3845139443874359,0.8337604999542236,-0.07387007772922516,0.3945728540420532,0.8524612188339233,-0.06099085882306099
lead,0.42023053765296936,0.9602674245834351,-3.7388250717640403e-08,0.4592568278312683,0.9450365304946899,-0.03511174023151398,0.49159207940101624,0.8923801183700562,-0.057111699134111404,0.47301730513572693,0.8415499925613403,-0.07751418650150299,0.43394410610198975,0.8110051155090332,-0.09630785137414932,0.49434149265289307,0.7471584677696228,-0.04054354131221771,0.5037833452224731,0.6373640894889832,-0.06973541527986526,0.509236752986908,0.5715973973274231,-0.08760695159435272,0.5106611251831055,0.5147800445556641,-0.1005922481417656,0.4515773355960846,0.7366677522659302,-0.0403597317636013,0.4539651572704315,0.7445298433303833,-0.08786509931087494,0.44852274656295776,0.8200882077217102,-0.1011124849319458,0.44422364234924316,0.8569709658622742,-0.10094497352838516,0.41146647930145264,0.7469080090522766,-0.04320945963263512,0.41082122921943665,0.7635179758071899,-0.0861891582608223,0.41651979088783264,0.8294789791107178,-0.0804460197687149,0.4212995767593384,0.8563939332962036,-0.06699945777654648,0.3741239905357361,0.767089307308197,-0.04943840578198433,0.37771984934806824,0.7779024839401245,-0.07843862473964691,0.3885457217693329,0.8274409770965576,-0.07170534878969193,0.39685583114624023,0.8504607677459717,-0.05893838033080101
lead,0.42249825596809387,0.9603346586227417,-1.7863641232906957e-08,0.45949816703796387,0.9429877996444702,-0.03429548442363739,0.4897243082523346,0.891384482383728,-0.05754109472036362,0.4713507890701294,0.8430693745613098,-0.07952430099248886,0.43436399102211,0.8092212080955505,-0.09966619312763214,0.49261653423309326,0.7454192042350769,-0.04174482822418213,0.5028663873672485,0.6395078897476196,-0.07170496881008148,0.5083842873573303,0.5745448470115662,-0.08936420828104019,0.5098832249641418,0.5184647440910339,-0.10222212225198746,0.4498945474624634,0.7333934903144836,-0.04224963113665581,0.45053982734680176,0.746997058391571,-0.08837173134088516,0.4457312822341919,0.8230907917022705,-0.09894215315580368,0.44405993819236755,0.8535096049308777,-0.09739658981561661,0.40989160537719727,0.7432377338409424,-0.045936066657304764,0.40745943784713745,0.7667874693870544,-0.08746466785669327,0.41458240151405334,0.8338554501533508,-0.0789828896522522,0.4218088984489441,0.8558841943740845,-0.06448213756084442,0.37277039885520935,0.763458251953125,-0.053254302591085434,0.37597912549972534,0.7840254306793213,-0.08125122636556625,0.38714009523391724,0.8344917893409729,-0.07374094426631927,0.3967480957508087,0.8525312542915344,-0.06086296588182449
lead,0.4230542778968811,0.9600403308868408,-1.602148991253216e-08,0.45943552255630493,0.9426706433296204,-0.03403580188751221,0.4903285503387451,0.8903379440307617,-0.05651681497693062,0.4709784984588623,0.8421425819396973,-0.07742832601070404,0.4336029589176178,0.8093807697296143,-0.09626372158527374,0.49206456542015076,0.7452371716499329,-0.041369255632162094,0.5021185278892517,0.6390308737754822,-0.07138311862945557,0.5076227784156799,0.573630690574646,-0.08865006268024445,0.5090457797050476,0.517259418964386,-0.10109646618366241,0.4485887885093689,0.7312563061714172,-0.041788745671510696,0.4515894055366516,0.7493080496788025,-0.08704319596290588,0.4472753405570984,0.825644850730896,-0.0972597673535347,0.4447691738605499,0.8550782203674316,-0.0958450436592102,0.407992959022522,0.7410128116607666,-0.045436881482601166,0.4079500436782837,0.7720198631286621,-0.08670265227556229,0.4147181212902069,0.8377166986465454,-0.07902564108371735,0.4208488166332245,0.8554579615592957,-0.06546488404273987,0.37084612250328064,0.7616513967514038,-0.052598029375076294,0.37663254141807556,0.7895780205726624,-0.07971253246068954,0.38746345043182373,0.8402287364006042,-0.07219424843788147,0.39519229531288147,0.8552609086036682,-0.05968814343214035
lead,0.4262623190879822,0.9615580439567566,-2.005565491458583e-08,0.460433691740036,0.943630039691925,-0.0345698706805706,0.4872339069843292,0.8916980028152466,-0.057662926614284515,0.4675440788269043,0.8422150015830994,-0.07922996580600739,0.42923787236213684,0.8095602989196777,-0.09885448962450027,0.49185940623283386,0.7494617104530334,-0.04180010035634041,0.5009852051734924,0.6417137980461121,-0.0721210241317749,0.5057663321495056,0.5755568146705627,-0.08999831974506378,0.5064297914505005,0.5189913511276245,-0.10286913812160492,0.4483499228954315,0.7371363639831543,-0.04201533645391464,0.44927430152893066,0.7480553984642029,-0.08850903064012527,0.4443937838077545,0.8244666457176208,-0.09920930862426758,0.44218239188194275,0.856697678565979,-0.09770618379116058,0.40771913528442383,0.7462625503540039,-0.04550536721944809,0.4063771069049835,0.7683490514755249,-0.08721626549959183,0.41308295726776123,0.8337730169296265,-0.07922876626253128,0.4196523427963257,0.8552952408790588,-0.06507164984941483,0.37110477685928345,0.7658150792121887,-0.05257149413228035,0.3747559189796448,0.7840030193328857,-0.08030117303133011,0.3853484094142914,0.8334836363792419,-0.07264400273561478,0.39389169216156006,0.8523954153060913,-0.059727754443883896
lead,0.4163476526737213,0.9206844568252563,1.988233719885102e-07,0.45068421959877014,0.9315304756164551,-0.04989813268184662,0.48223015666007996,0.8979246616363525,-0.08327165246009827,0.4742510914802551,0.8487427234649658,-0.11085698008537292,0.4419052302837372,0.8084874749183655,-0.136297345161438,0.49540942907333374,0.7585341930389404,-0.06684096902608871,0.5028838515281677,0.6548282504081726,-0.10994724929332733,0.50592440366745,0.5843647718429565,-0.13254408538341522,0.5053633451461792,0.525802493095398,-0.14614832401275635,0.4569060802459717,0.7339333295822144,-0.05835459753870964,0.45300740003585815,0.7457306385040283,-0.10835255682468414,0.4441469609737396,0.8277698159217834,-0.10916843265295029,0.4442709684371948,0.8461503982543945,-0.09939557313919067,0.4176817834377289,0.7328124046325684,-0.055558014661073685,0.40956246852874756,0.7703719139099121,-0.09905291348695755,0.41065704822540283,0.8341031670570374,-0.08096391707658768,0.41699549555778503,0.8428674340248108,-0.06006723269820213,0.3789905905723572,0.7447089552879333,-0.05793960019946098,0.37621766328811646,0.7869346737861633,-0.08665650337934494,0.3827386200428009,0.8358152508735657,-0.07598418742418289,0.3908342123031616,0.841628909111023,-0.06083929166197777
lead,0.42188024520874023,0.958322286605835,-2.7602531815773546e-08,0.4580993950366974,0.9401100873947144,-0.03441039100289345,0.4873812198638916,0.8878560066223145,-0.05610331520438194,0.4658511281013489,0.8404040336608887,-0.07610756903886795,0.42918893694877625,0.8116670250892639,-0.0942082330584526,0.49150651693344116,0.7482019066810608,-0.04014626145362854,0.5001372694969177,0.6406945586204529,-0.06930188834667206,0.5045924186706543,0.5753496885299683,-0.08709394186735153,0.5050382018089294,0.5196805000305176,-0.0998668223619461,0.4473666846752167,0.7351332306861877,-0.03972029313445091,0.4501691162586212,0.7480877637863159,-0.0854034572839737,0.4465973377227783,0.8212845325469971,-0.09733013808727264,0.4443880021572113,0.8548125624656677,-0.0967433825135231,0.40684759616851807,0.7434923648834229,-0.042460281401872635,0.4073687791824341,0.7662158012390137,-0.08341330289840698,0.41436639428138733,0.8299017548561096,-0.0772063285112381,0.42063242197036743,0.8544919490814209,-0.06404362618923187,0.3704133927822113,0.7619709968566895,-0.04873920604586601,0.374988853931427,0.7786905765533447,-0.0763109102845192,0.3854529559612274,0.8271900415420532,-0.06978623569011688,0.39342963695526123,0.8484730124473572,-0.057460445910692215
lead,0.4173393249511719,0.9563926458358765,-3.0962347352669894e-08,0.4564666152000427,0.9406046271324158,-0.035416919738054276,0.48833873867988586,0.888542890548706,-0.05744258686900139,0.46744778752326965,0.8399332165718079,-0.07752430438995361,0.4282621145248413,0.812977135181427,-0.09602820873260498,0.4909932315349579,0.7492011785507202,-0.04203561693429947,0.5001953840255737,0.6405408382415771,-0.07136015594005585,0.5052193403244019,0.5751367211341858,-0.08909190446138382,0.5057839155197144,0.5191307067871094,-0.10185258090496063,0.4473542869091034,0.7372279167175293,-0.04114792123436928,0.4469026029109955,0.7464365363121033,-0.08852771669626236,0.4412192106246948,0.8223509192466736,-0.10082829743623734,0.4376771152019501,0.8596628308296204,-0.0998549833893776,0.40694984793663025,0.7452642917633057,-0.04333271458745003,0.40421590209007263,0.7649903893470764,-0.0857439711689949,0.4105810523033142,0.8308124542236328,-0.07952473312616348,0.4166276454925537,0.8581154346466064,-0.06576775014400482,0.37036171555519104,0.7630466818809509,-0.0490044541656971,0.3738724887371063,0.777752697467804,-0.07748835533857346,0.38401007652282715,0.8277856111526489,-0.07082899659872055,0.39218705892562866,0.8507053256034851,-0.058159321546554565
lead,0.4286765456199646,0.9306766986846924,2.3318169439789926e-07,0.45716744661331177,0.9324905872344971,-0.05172133818268776,0.484070360660553,0.897560715675354,-0.08758218586444855,0.47496896982192993,0.8477587103843689,-0.11719173192977905,0.44353047013282776,0.809120237827301,-0.14441734552383423,0.49810102581977844,0.7580151557922363,-0.07087976485490799,0.5050039291381836,0.65997713804245,-0.11643762141466141,0.5050156712532043,0.589657187461853,-0.14035429060459137,0.5019251108169556,0.5323189496994019,-0.15454211831092834,0.4514995515346527,0.7340610027313232,-0.061112549155950546,0.4420401453971863,0.752945065498352,-0.11007517576217651,0.43832695484161377,0.8362761735916138,-0.10806474834680557,0.44159820675849915,0.8500439524650574,-0.09701473265886307,0.4080013632774353,0.7355660200119019,-0.05741225555539131,0.3971526026725769,0.7778500914573669,-0.10127744823694229,0.4052255153656006,0.8405623435974121,-0.08216281980276108,0.4146037697792053,0.846867561340332,-0.06101427972316742,0.36955055594444275,0.7518694996833801,-0.05891502648591995,0.3667617440223694,0.795269250869751,-0.08880260586738586,0.3780447244644165,0.8424578905105591,-0.07820984721183777,0.3881564736366272,0.846584677696228,-0.06301554292440414
lead,0.41844823956489563,0.9582347273826599,-1.9813056084672098e-08,0.4565155804157257,0.9416148066520691,-0.033487558364868164,0.4868645966053009,0.8904871940612793,-0.05562804639339447,0.4684910178184509,0.8433020114898682,-0.07651202380657196,0.43208181858062744,0.8106201887130737,-0.0958176851272583,0.48915860056877136,0.7509501576423645,-0.04106336086988449,0.49926483631134033,0.6432827711105347,-0.07094862312078476,0.5051459670066833,0.5779682397842407,-0.0889078676700592,0.5065114498138428,0.5213202238082886,-0.1019938662648201,0.4469567835330963,0.740047812461853,-0.04147114232182503,0.4475122094154358,0.7442260980606079,-0.08796215802431107,0.4432450532913208,0.8211647868156433,-0.09879588335752487,0.4406040906906128,0.8561133146286011,-0.09735777974128723,0.40736380219459534,0.7491024732589722,-0.04497893899679184,0.4049612283706665,0.7632379531860352,-0.08600551635026932,0.41164177656173706,0.8300428986549377,-0.07745441794395447,0.4172635078430176,0.8550721406936646,-0.06298728287220001,0.3706490695476532,0.7683464884757996,-0.05197727680206299,0.374170184135437,0.7810046672821045,-0.07941500097513199,0.38474318385124207,0.8301728367805481,-0.07169820368289948,0.3927838206291199,0.8497860431671143,-0.0589364618062973
lead,0.42032405734062195,0.956656277179718,-2.7365377519572576e-08,0.4578104615211487,0.9390002489089966,-0.0327264703810215,0.48657968640327454,0.8847535848617554,-0.053427018225193024,0.4673701524734497,0.8360980749130249,-0.0727132111787796,0.4290151000022888,0.8084509968757629,-0.09042704105377197,0.4898102879524231,0.746968686580658,-0.03863169252872467,0.4991708993911743,0.6412161588668823,-0.06650794297456741,0.5047194957733154,0.5772085785865784,-0.0837278962135315,0.5057791471481323,0.5210666656494141,-0.09659046679735184,0.44753506779670715,0.735515832901001,-0.03914045915007591,0.44934773445129395,0.7429322004318237,-0.08405598253011703,0.44586044549942017,0.8173525333404541,-0.09582127630710602,0.4426179826259613,0.8522664904594421,-0.09536633640527725,0.4081138074398041,0.7451075911521912,-0.04255492612719536,0.4081842005252838,0.7620725631713867,-0.0831177830696106,0.41483166813850403,0.8270217180252075,-0.07673656195402145,0.41939130425453186,0.852356493473053,-0.06370248645544052,0.3719082474708557,0.7648433446884155,-0.049281466752290726,0.3766564428806305,0.7774797081947327,-0.0769539326429367,0.3869936168193817,0.8258246183395386,-0.07054366916418076,0.3942135274410248,0.8469685316085815,-0.05871545523405075
lead,0.4202862083911896,0.9554674625396729,-3.154536543092945e-08,0.45719727873802185,0.9363863468170166,-0.031856149435043335,0.48525580763816833,0.8827728033065796,-0.05291648581624031,0.4670529365539551,0.835063099861145,-0.07276197522878647,0.42968711256980896,0.8080746531486511,-0.09079251438379288,0.4903884530067444,0.7447258830070496,-0.03870994970202446,0.49864208698272705,0.639640748500824,-0.06753474473953247,0.5035716891288757,0.5747801065444946,-0.08522779494524002,0.5044820308685303,0.5190168619155884,-0.09820233285427094,0.4477570056915283,0.7300583720207214,-0.03963228687644005,0.45096275210380554,0.7462560534477234,-0.0854535698890686,0.4467606246471405,0.8198728561401367,-0.09736936539411545,0.4431402385234833,0.8538022637367249,-0.09675446152687073,0.4078119099140167,0.7389135956764221,-0.04341599717736244,0.40947580337524414,0.7669047713279724,-0.0834667906165123,0.41507425904273987,0.8288964033126831,-0.07713242620229721,0.4194728434085846,0.8510314226150513,-0.06432444602251053,0.3717530369758606,0.7587206363677979,-0.05063333734869957,0.37868818640708923,0.7831204533576965,-0.0768388882279396,0.38736584782600403,0.8299384117126465,-0.07045872509479523,0.39322835206985474,0.8473826050758362,-0.05880419909954071
lead,0.4198932945728302,0.9565420746803284,-3.1905717179370185e-08,0.4572955369949341,0.9366941452026367,-0.031951308250427246,0.4839610159397125,0.8814572095870972,-0.052130673080682755,0.4680233597755432,0.8309361934661865,-0.07106093317270279,0.43050089478492737,0.8042202591896057,-0.08838395029306412,0.4915079176425934,0.7470927834510803,-0.03762826323509216,0.49950724840164185,0.6392443180084229,-0.06585592776536942,0.5039475560188293,0.5740875601768494,-0.08296693861484528,0.5034701824188232,0.517744779586792,-0.09553349763154984,0.45008182525634766,0.7373822927474976,-0.03856484964489937,0.45243313908576965,0.7376436591148376,-0.08322054147720337,0.4490441679954529,0.8129025101661682,-0.09387551993131638,0.4455152153968811,0.84775310754776,-0.09238338470458984,0.4108358919620514,0.7465651035308838,-0.04257768765091896,0.4104768633842468,0.759279727935791,-0.08329928666353226,0.41674578189849854,0.8252082467079163,-0.07624977082014084,0.42067310214042664,0.8507526516914368,-0.062460578978061676,0.3746836185455322,0.765484631061554,-0.049838148057460785,0.37935733795166016,0.7747530937194824,-0.07697372138500214,0.3890484869480133,0.8239428400993347,-0.06957121938467026,0.3950854539871216,0.8463289737701416,-0.057035885751247406
lead,0.42449861764907837,0.9587130546569824,-4.3436749308511935e-08,0.4617699682712555,0.9363663196563721,-0.030398070812225342,0.48742300271987915,0.8810309767723083,-0.050213977694511414,0.46840474009513855,0.8335422277450562,-0.06917426735162735,0.4313799738883972,0.8061624765396118,-0.0866154357790947,0.49155914783477783,0.7465768456459045,-0.03631407022476196,0.4992752969264984,0.6397642493247986,-0.06376925110816956,0.5035187602043152,0.5744287967681885,-0.08086187392473221,0.5034710764884949,0.5176731944084167,-0.09358186274766922,0.45022839307785034,0.7354932427406311,-0.03785038739442825,0.45167046785354614,0.7398977279663086,-0.0819145068526268,0.4490765333175659,0.8137805461883545,-0.09311647713184357,0.4460635483264923,0.8490630388259888,-0.09226664900779724,0.4114738404750824,0.7449317574501038,-0.042146820574998856,0.4101560115814209,0.7587875127792358,-0.08126285672187805,0.4168599545955658,0.8235859274864197,-0.07424137741327286,0.42104125022888184,0.8496367931365967,-0.06095140054821968,0.37601763010025024,0.7645107507705688,-0.049658436328172684,0.3791351616382599,0.7752212285995483,-0.07564745843410492,0.3889174461364746,0.8227317333221436,-0.06835927069187164,0.3953667879104614,0.8438694477081299,-0.05613083764910698
lead,0.4226009249687195,0.9521615505218506,-3.6963875515994005e-08,0.4608226418495178,0.933640718460083,-0.03363726660609245,0.4901655614376068,0.8800561428070068,-0.05441238358616829,0.4727037847042084,0.8327202796936035,-0.07367110252380371,0.43533557653427124,0.8030188083648682,-0.09108719229698181,0.4940095543861389,0.7418819069862366,-0.037964556366205215,0.5017789602279663,0.636294424533844,-0.06627894192934036,0.505893886089325,0.5719525814056396,-0.08342215418815613,0.5060148239135742,0.5161717534065247,-0.09587644785642624,0.45202502608299255,0.7296549677848816,-0.03801795467734337,0.45321106910705566,0.740938663482666,-0.08367227017879486,0.44906899333000183,0.8154290914535522,-0.09552605450153351,0.44608956575393677,0.8488423824310303,-0.0945420116186142,0.41286301612854004,0.7389563322067261,-0.04123499244451523,0.41152772307395935,0.7616629600524902,-0.08236400783061981,0.4181259274482727,0.8256723880767822,-0.07626122981309891,0.4238457679748535,0.8473955392837524,-0.0629686787724495,0.3773046135902405,0.7576692700386047,-0.04788350686430931,0.38168981671333313,0.776471734046936,-0.07494618743658066,0.3903430998325348,0.8246095180511475,-0.06815912574529648,0.3965213894844055,0.8426175713539124,-0.055830687284469604
lead,0.42478498816490173,0.9526177048683167,-4.4841886648328e-08,0.4649421274662018,0.9329724311828613,-0.031433653086423874,0.4954592287540436,0.8787600994110107,-0.05161580443382263,0.4756500720977783,0.8324909806251526,-0.07064353674650192,0.43924909830093384,0.8029560446739197,-0.08811531215906143,0.4961727559566498,0.7409883737564087,-0.03809598088264465,0.5040352940559387,0.6364237070083618,-0.06646653264760971,0.5081186294555664,0.5722668170928955,-0.08414854109287262,0.5078213214874268,0.5161813497543335,-0.0973225086927414,0.45399370789527893,0.7298756837844849,-0.03920798748731613,0.45663121342658997,0.7405897378921509,-0.08409422636032104,0.453352689743042,0.8141067028045654,-0.09582620859146118,0.44952958822250366,0.846835196018219,-0.09555339068174362,0.414896160364151,0.7408238053321838,-0.043187595903873444,0.41538506746292114,0.7599102854728699,-0.08309316635131836,0.4221418797969818,0.8236556053161621,-0.0765363797545433,0.42604589462280273,0.8458074927330017,-0.06395187228918076,0.3790953755378723,0.7621130347251892,-0.05045880004763603,0.3854566514492035,0.7809871435165405,-0.07712920755147934,0.3954924941062927,0.8289247751235962,-0.07052452117204666,0.4016970992088318,0.8459380865097046,-0.05897567793726921
lead,0.4252012372016907,0.9531587362289429,-4.559043631502391e-08,0.46733036637306213,0.9349907636642456,-0.030210770666599274,0.49746522307395935,0.8807895183563232,-0.04980615898966789,0.47997331619262695,0.8317166566848755,-0.06860031187534332,0.4438561201095581,0.8025767207145691,-0.08598753809928894,0.49978169798851013,0.7437816262245178,-0.035637274384498596,0.5069552659988403,0.6382578611373901,-0.06296738982200623,0.5109551548957825,0.5735366344451904,-0.07989271730184555,0.5104786157608032,0.5175459384918213,-0.09251005947589874,0.4581235945224762,0.7334058880805969,-0.03709721565246582,0.46324771642684937,0.7362983226776123,-0.08124984055757523,0.4612283706665039,0.8094050884246826,-0.09271714091300964,0.45704516768455505,0.8441773653030396,-0.09206163138151169,0.41928786039352417,0.7439828515052795,-0.041290801018476486,0.4216724932193756,0.7566569447517395,-0.08080919086933136,0.42751726508140564,0.8209052681922913,-0.07401471585035324,0.42948946356773376,0.8463804721832275,-0.06093701347708702,0.382951557636261,0.7647247910499573,-0.04860345646739006,0.3903543949127197,0.7767843008041382,-0.07500148564577103,0.39952370524406433,0.8246988654136658,-0.06807718425989151,0.40404003858566284,0.8448235988616943,-0.05621683597564697
lead,0.43198731541633606,0.9520289301872253,-5.1342230023010416e-08,0.47303587198257446,0.9315531253814697,-0.028416549786925316,0.5012118816375732,0.8763999342918396,-0.04708845168352127,0.4824296534061432,0.8291364908218384,-0.06516391038894653,0.44596636295318604,0.8005135655403137,-0.08176489174365997,0.5024065971374512,0.7395578622817993,-0.03402107581496239,0.5101600885391235,0.6355680227279663,-0.059542980045080185,0.5136618614196777,0.5729993581771851,-0.0754590705037117,0.5135773420333862,0.5183041095733643,-0.08755140751600266,0.46056801080703735,0.7296895980834961,-0.03634987026453018,0.4642886221408844,0.7381234765052795,-0.07851684093475342,0.4617372453212738,0.8087381720542908,-0.09045964479446411,0.4578583538532257,0.8421647548675537,-0.0907311886548996,0.42166441679000854,0.7414425611495972,-0.04109684005379677,0.4240206778049469,0.7578459978103638,-0.07957876473665237,0.4302903115749359,0.820381224155426,-0.07422315329313278,0.43309444189071655,0.8443089723587036,-0.06253300607204437,0.38574790954589844,0.7633711695671082,-0.04871716350317001,0.3928682804107666,0.7761062979698181,-0.07492063194513321,0.4025310277938843,0.824099063873291,-0.068430595099926,0.40801143646240234,0.8450837135314941,-0.05700412392616272
lead,0.4269021153450012,0.9478634595870972,-6.33294732210743e-08,0.4714600145816803,0.9306268095970154,-0.029262740164995193,0.5045836567878723,0.8750247955322266,-0.047698475420475006,0.48664405941963196,0.8256454467773438,-0.06518867611885071,0.4482513666152954,0.8001031279563904,-0.08128750324249268,0.5064908862113953,0.7390490174293518,-0.034797389060258865,0.5136723518371582,0.6341996192932129,-0.061422958970069885,0.5177863240242004,0.5701892375946045,-0.07806751877069473,0.5175371766090393,0.514352560043335,-0.09058921784162521,0.46342796087265015,0.7257394790649414,-0.03677930310368538,0.4723547399044037,0.7364946603775024,-0.08024624735116959,0.46890607476234436,0.8083605766296387,-0.0923338308930397,0.46190184354782104,0.8415992259979248,-0.09224458783864975,0.4237596392631531,0.7350982427597046,-0.041304536163806915,0.43031948804855347,0.756809413433075,-0.08074482530355453,0.4354788362979889,0.8202182650566101,-0.07537207007408142,0.43573641777038574,0.8425696492195129,-0.06330752372741699,0.387161523103714,0.7544937133789062,-0.048785701394081116,0.3994259238243103,0.7738311886787415,-0.07478579878807068,0.40742120146751404,0.822089433670044,-0.06816287338733673,0.4094090461730957,0.8399173617362976,-0.05661461502313614
lead,0.4337252080440521,0.9457411766052246,-4.590355118239131e-08,0.47649121284484863,0.9296512007713318,-0.029464393854141235,0.5079594850540161,0.8751697540283203,-0.048360224813222885,0.4883604645729065,0.8260983228683472,-0.06623932719230652,0.4514979124069214,0.796894371509552,-0.08255225419998169,0.5082003474235535,0.7367578148841858,-0.035752907395362854,0.5164282321929932,0.6320371627807617,-0.06129768490791321,0.5201166868209839,0.569167971611023,-0.07651697844266891,0.5198323130607605,0.5141027569770813,-0.08817243576049805,0.46573829650878906,0.7253416776657104,-0.03747360408306122,0.4729182720184326,0.7339720726013184,-0.0796748697757721,0.46986109018325806,0.8048112988471985,-0.0907193124294281,0.46423768997192383,0.8366199731826782,-0.09032511711120605,0.4266674816608429,0.7358839511871338,-0.0416736826300621,0.43252265453338623,0.7545987963676453,-0.0808430090546608,0.43743181228637695,0.8180152177810669,-0.07546480745077133,0.4379233717918396,0.8399381637573242,-0.06365234404802322,0.3902990221977234,0.7564148306846619,-0.04873088747262955,0.40183761715888977,0.7743071913719177,-0.07542401552200317,0.4109722375869751,0.8227107524871826,-0.06955857574939728,0.4147101640701294,0.8403582572937012,-0.0586477555334568
lead,0.4341590702533722,0.9424548745155334,-7.00219047189421e-08,0.4773712754249573,0.9280261993408203,-0.030175570398569107,0.5114727020263672,0.8761171698570251,-0.049614954739809036,0.49484172463417053,0.8257092237472534,-0.06792861968278885,0.4586106538772583,0.7916725277900696,-0.08473633974790573,0.5121108293533325,0.735710859298706,-0.035718195140361786,0.5198829770088196,0.6323222517967224,-0.06176435947418213,0.5231983065605164,0.5697081089019775,-0.0776199921965599,0.5225152969360352,0.5141160488128662,-0.08967774361371994,0.47018468379974365,0.7230282425880432,-0.03694973513484001,0.47813680768013,0.7313519716262817,-0.07888276875019073,0.474669873714447,0.8038715720176697,-0.08996924012899399,0.46846798062324524,0.8361592888832092,-0.08972760289907455,0.43109169602394104,0.73260498046875,-0.0407370999455452,0.4365656077861786,0.7495489716529846,-0.07998025417327881,0.4412245750427246,0.8144585490226746,-0.07379374653100967,0.44148123264312744,0.8376601338386536,-0.06150759756565094,0.39379259943962097,0.7520243525505066,-0.04742037504911423,0.40409383177757263,0.7660529613494873,-0.07473886758089066,0.4130847454071045,0.8161885142326355,-0.06824078410863876,0.41656750440597534,0.8358519077301025,-0.05671701207756996
lead,0.4391140043735504,0.941515326499939,-4.9208473740236514e-08,0.48172643780708313,0.925681471824646,-0.029545314610004425,0.5138948559761047,0.872952938079834,-0.048276204615831375,0.4958726763725281,0.824212372303009,-0.06601998209953308,0.45962297916412354,0.7943568229675293,-0.08235953003168106,0.5131557583808899,0.733832061290741,-0.035078536719083786,0.5223017334938049,0.6308503150939941,-0.06037573143839836,0.5258619785308838,0.5684409141540527,-0.07576464861631393,0.5255874991416931,0.5133814811706543,-0.08752471208572388,0.4712006747722626,0.7229661345481873,-0.03653712198138237,0.4776402711868286,0.729313850402832,-0.0788375735282898,0.47481516003608704,0.7999389171600342,-0.09060123562812805,0.4695188105106354,0.8335274457931519,-0.09053344279527664,0.4325598478317261,0.733514666557312,-0.04044453054666519,0.4373331069946289,0.7492138147354126,-0.07956442981958389,0.44275057315826416,0.8123989105224609,-0.07475164532661438,0.4436239004135132,0.8366444706916809,-0.06312389671802521,0.3964606523513794,0.7543874979019165,-0.047196127474308014,0.40635597705841064,0.768256425857544,-0.07416292279958725,0.41598209738731384,0.8156793117523193,-0.06881283223628998,0.42031487822532654,0.8352359533309937,-0.05812116712331772
lead,0.4385069012641907,0.9412043690681458,-4.868861935847235e-08,0.4807581305503845,0.9268650412559509,-0.030446277931332588,0.5134742259979248,0.8756549954414368,-0.050561387091875076,0.49788612127304077,0.8259075880050659,-0.06974660605192184,0.46407824754714966,0.791329562664032,-0.08737239986658096,0.5164023041725159,0.7356378436088562,-0.036678850650787354,0.5250821113586426,0.6304630637168884,-0.06406638026237488,0.5293510556221008,0.5669928789138794,-0.0803697407245636,0.5294103622436523,0.5114909410476685,-0.09233720600605011,0.47439253330230713,0.7225162386894226,-0.03787718340754509,0.48201411962509155,0.7294129729270935,-0.08183828741312027,0.47795820236206055,0.8031076788902283,-0.09282352030277252,0.472270667552948,0.8358867168426514,-0.0917423814535141,0.43532535433769226,0.7308053970336914,-0.04175492376089096,0.4406479299068451,0.7471383213996887,-0.08217870444059372,0.4448575973510742,0.8125576376914978,-0.07528268545866013,0.44579946994781494,0.8366742730140686,-0.0619179792702198,0.3986058533191681,0.7493908405303955,-0.04863475263118744,0.4081856906414032,0.7648522853851318,-0.07646690309047699,0.4169990122318268,0.8145449757575989,-0.06976394355297089,0.42136237025260925,0.8342303037643433,-0.05765894055366516
lead,0.4422008693218231,0.9425069689750671,-4.317561419497906e-08,0.4841640889644623,0.9280531406402588,-0.03012336604297161,0.5179784893989563,0.8762503862380981,-0.05031468719244003,0.5011575818061829,0.8241090178489685,-0.06939798593521118,0.46585214138031006,0.7900612950325012,-0.08677760511636734,0.5203619599342346,0.7353614568710327,-0.03633074089884758,0.5291426181793213,0.6306780576705933,-0.06280696392059326,0.5331364274024963,0.5670245885848999,-0.07839035242795944,0.5329375267028809,0.511515736579895,-0.09018955379724503,0.47840315103530884,0.723274827003479,-0.03778846189379692,0.48815521597862244,0.7295317053794861,-0.07946562021970749,0.48417606949806213,0.8004977703094482,-0.08925805985927582,0.47776639461517334,0.8285713791847229,-0.08826568722724915,0.4395405948162079,0.7323868274688721,-0.0419362336397171,0.44738754630088806,0.7476733922958374,-0.08091744780540466,0.4510960876941681,0.8107296824455261,-0.07385381311178207,0.4504697024822235,0.8295362591743469,-0.0612947978079319,0.40233197808265686,0.7509110569953918,-0.049032311886548996,0.41471752524375916,0.7661316990852356,-0.07574481517076492,0.42336389422416687,0.8143339157104492,-0.06885284185409546,0.426565021276474,0.8294645547866821,-0.05734443664550781
lead,0.44696253538131714,0.9424854516983032,-6.776902239380433e-08,0.4888342320919037,0.924515426158905,-0.027068108320236206,0.5187440514564514,0.8703540563583374,-0.04554101452231407,0.5022830963134766,0.8223477005958557,-0.06361769884824753,0.4676782190799713,0.7936691641807556,-0.08030260354280472,0.5213609933853149,0.7323885560035706,-0.03412817418575287,0.5309547185897827,0.6304077506065369,-0.059295445680618286,0.5346685647964478,0.5680296421051025,-0.07479705661535263,0.5344469547271729,0.51352858543396,-0.08669709414243698,0.4796045422554016,0.7206742763519287,-0.036754973232746124,0.48779499530792236,0.7339157462120056,-0.07767961919307709,0.4839700162410736,0.8041818141937256,-0.0882793515920639,0.478109210729599,0.8345387578010559,-0.08803881704807281,0.44080230593681335,0.7316122651100159,-0.04162970930337906,0.44769367575645447,0.7512573599815369,-0.07866478711366653,0.45159292221069336,0.8130440711975098,-0.07209558039903641,0.45152369141578674,0.834358274936676,-0.06011761724948883,0.4045651853084564,0.7526997327804565,-0.04934164509177208,0.4155828356742859,0.7688847780227661,-0.07397761940956116,0.42368370294570923,0.8151648044586182,-0.06683236360549927,0.4268219769001007,0.8323187828063965,-0.05536006763577461
lead,0.4523773193359375,0.9484239220619202,-5.936854563515226e-08,0.49361228942871094,0.9299576282501221,-0.027054157108068466,0.5238130688667297,0.8746966123580933,-0.04559364542365074,0.5061882138252258,0.8242141008377075,-0.06411062180995941,0.47242534160614014,0.790404200553894,-0.08175483345985413,0.5251599550247192,0.7378475069999695,-0.03338449448347092,0.5360963344573975,0.6336631774902344,-0.0593845397233963,0.5413329005241394,0.5700158476829529,-0.07602812349796295,0.5425483584403992,0.5148189067840576,-0.08856239169836044,0.48382675647735596,0.7312271595001221,-0.036318980157375336,0.4917480945587158,0.730634331703186,-0.07900162041187286,0.48926442861557007,0.8027480840682983,-0.09046929329633713,0.48486998677253723,0.8379384279251099,-0.09027319401502609,0.44548678398132324,0.7436859011650085,-0.04148559272289276,0.4491264224052429,0.743200957775116,-0.07971586287021637,0.4558640420436859,0.8080525994300842,-0.0713842362165451,0.45838505029678345,0.8370260000228882,-0.05772192031145096,0.4087824821472168,0.7660050988197327,-0.04939597100019455,0.41555580496788025,0.7628961205482483,-0.0751236230134964,0.42642742395401,0.8111819624900818,-0.06586255878210068,0.43271657824516296,0.835421085357666,-0.05240451171994209
lead,0.45165547728538513,0.9483752250671387,-7.407496838141014e-08,0.49490928649902344,0.9313955903053284,-0.027851711958646774,0.5272747874259949,0.8772978186607361,-0.046316564083099365,0.5095959901809692,0.8275144100189209,-0.06444698572158813,0.47487539052963257,0.7951211333274841,-0.08142800629138947,0.5290292501449585,0.7387693524360657,-0.03307926654815674,0.5407299399375916,0.6360819339752197,-0.05818979814648628,0.5462512373924255,0.5733595490455627,-0.07419687509536743,0.5477358102798462,0.518412709236145,-0.08631327748298645,0.48752284049987793,0.7281467318534851,-0.03529798611998558,0.49708253145217896,0.7373903393745422,-0.07657084614038467,0.49348604679107666,0.8076411485671997,-0.08834514021873474,0.4874834418296814,0.8407567739486694,-0.0886843204498291,0.44909849762916565,0.7392513751983643,-0.039773128926754,0.45615464448928833,0.750587522983551,-0.07736767083406448,0.46067455410957336,0.8133319020271301,-0.07078602910041809,0.46110713481903076,0.8390945792198181,-0.058372244238853455,0.41251325607299805,0.7598527073860168,-0.047046907246112823,0.42273345589637756,0.7661921977996826,-0.07242044806480408,0.4312710464000702,0.8135142922401428,-0.06452533602714539,0.4349365830421448,0.8354557752609253,-0.05200698971748352
lead,0.455208420753479,0.9528905153274536,-8.693708508644704e-08,0.4995066821575165,0.9354435205459595,-0.02681787870824337,0.533515989780426,0.8798932433128357,-0.044184379279613495,0.5167319774627686,0.8270515203475952,-0.061182670295238495,0.48115426301956177,0.7945079803466797,-0.07712434977293015,0.5351508855819702,0.7430623173713684,-0.03192099556326866,0.548668622970581,0.6423560976982117,-0.05620221048593521,0.5542894601821899,0.579566478729248,-0.07172423601150513,0.5558694005012512,0.5242424011230469,-0.08362263441085815,0.4942217171192169,0.7304227948188782,-0.03421134129166603,0.5027756094932556,0.7403169274330139,-0.07341307401657104,0.4980507493019104,0.8091779947280884,-0.08425839245319366,0.4916766285896301,0.8413783311843872,-0.08449257910251617,0.4558284878730774,0.7405521869659424,-0.03862600773572922,0.4622843265533447,0.7529425024986267,-0.07417955249547958,0.46531814336776733,0.8145827054977417,-0.06684277206659317,0.4651906490325928,0.8389216661453247,-0.054526086896657944,0.41907599568367004,0.7603039145469666,-0.04580135643482208,0.4285966753959656,0.766097366809845,-0.06894058734178543,0.43679141998291016,0.8124063611030579,-0.05998843535780907,0.4404561221599579,0.8333427309989929,-0.047252804040908813
lead,0.46100378036499023,0.9532620906829834,-5.4062255117059976e-08,0.5036419630050659,0.9353040456771851,-0.02773265540599823,0.5375171899795532,0.8817270398139954,-0.04624483361840248,0.5210491418838501,0.8318997621536255,-0.06429430842399597,0.4871228337287903,0.8005228042602539,-0.0809355154633522,0.539720892906189,0.744226336479187,-0.033410266041755676,0.5549769401550293,0.6422226428985596,-0.058748893439769745,0.5609315633773804,0.5795749425888062,-0.07445113360881805,0.5630291104316711,0.5249613523483276,-0.0861281231045723,0.4985925853252411,0.7335377931594849,-0.035429149866104126,0.508689284324646,0.7434020638465881,-0.07565540075302124,0.5045385360717773,0.8122963905334473,-0.08620403707027435,0.49877288937568665,0.8433862328529358,-0.08620059490203857,0.4599645137786865,0.7439754605293274,-0.03977663815021515,0.4679645299911499,0.7561450600624084,-0.07678507268428802,0.470767617225647,0.8182637691497803,-0.06941821426153183,0.47036540508270264,0.8420303463935852,-0.0567810945212841,0.4231998026371002,0.7638967037200928,-0.04689044505357742,0.43450748920440674,0.7690092325210571,-0.07101262360811234,0.4421847462654114,0.8158153295516968,-0.06205274909734726,0.44478169083595276,0.836746335029602,-0.049154821783304214
lead,0.4731052815914154,0.9261413812637329,1.4366875689120207e-07,0.5054373741149902,0.9320222735404968,-0.03883052244782448,0.5374976396560669,0.8944239020347595,-0.062454286962747574,0.5310451984405518,0.8468719720840454,-0.0817018374800682,0.5071137547492981,0.8061387538909912,-0.09796144813299179,0.545884370803833,0.7572539448738098,-0.03855881094932556,0.5632209181785583,0.6891379356384277,-0.06867699325084686,0.5704289078712463,0.6420282125473022,-0.08358517289161682,0.5752770304679871,0.6026319265365601,-0.09253668785095215,0.5052708983421326,0.7342767715454102,-0.03371470421552658,0.5192555785179138,0.7343938946723938,-0.07339122146368027,0.5138393640518188,0.804860532283783,-0.07782906293869019,0.5097818374633789,0.8279335498809814,-0.07178251445293427,0.467340350151062,0.7352821826934814,-0.03375760093331337,0.4760652482509613,0.7620632648468018,-0.07043503224849701,0.4760743975639343,0.8222269415855408,-0.05979432538151741,0.4758564233779907,0.8372012376785278,-0.04461521655321121,0.4308373034000397,0.7530566453933716,-0.037670236080884933,0.4410136938095093,0.7836243510246277,-0.06173374503850937,0.44516298174858093,0.8285759091377258,-0.05541813746094704,0.44596824049949646,0.8378269672393799,-0.04458631947636604
lead,0.46324607729911804,0.9551972150802612,-6.872615898600998e-08,0.5052796602249146,0.9400302171707153,-0.029300717636942863,0.5426676869392395,0.8901551365852356,-0.04898277670145035,0.5291579961776733,0.8398654460906982,-0.06784460693597794,0.4991949796676636,0.8004621267318726,-0.08519285917282104,0.5460000038146973,0.7459810376167297,-0.03591138869524002,0.5626031756401062,0.6439997553825378,-0.06234581023454666,0.5687038898468018,0.5800457000732422,-0.0789339616894722,0.5709906220436096,0.5243685245513916,-0.09102538228034973,0.5049391984939575,0.7323099970817566,-0.037373147904872894,0.517558753490448,0.7468280792236328,-0.0781625285744667,0.5110957622528076,0.8161094784736633,-0.08906278014183044,0.5039722919464111,0.8472872972488403,-0.08924739807844162,0.46596500277519226,0.7415245771408081,-0.041158709675073624,0.4763886034488678,0.757331132888794,-0.07812146842479706,0.4774931073188782,0.8199776411056519,-0.06967132538557053,0.47645995020866394,0.8442878723144531,-0.05643473565578461,0.4285396337509155,0.760724663734436,-0.047956567257642746,0.4416765868663788,0.7707147598266602,-0.07205834239721298,0.4486747980117798,0.8188910484313965,-0.062201984226703644,0.4510732889175415,0.8400359749794006,-0.04840937629342079
lead,0.46572238206863403,0.954025149345398,-3.964180450566346e-08,0.5086151957511902,0.9416466951370239,-0.0301007442176342,0.547788679599762,0.8920555114746094,-0.051455531269311905,0.5320285558700562,0.8390091061592102,-0.07231060415506363,0.5000537037849426,0.8012145757675171,-0.09138397872447968,0.5506294369697571,0.7446330785751343,-0.035799697041511536,0.5678205490112305,0.6440512537956238,-0.062481582164764404,0.5753529071807861,0.5815595984458923,-0.07713226228952408,0.5786767601966858,0.5272880792617798,-0.08814197033643723,0.5078800916671753,0.7302980422973633,-0.03758932650089264,0.520221471786499,0.7504797577857971,-0.07756757736206055,0.5142812728881836,0.8236400485038757,-0.08504343777894974,0.507737934589386,0.8442068696022034,-0.08323068171739578,0.4686715602874756,0.7393394708633423,-0.0422963872551918,0.4790712893009186,0.763201892375946,-0.08007534593343735,0.4812852144241333,0.8271165490150452,-0.06988081336021423,0.4800052046775818,0.8410739302635193,-0.05608467385172844,0.4307399392127991,0.7588562965393066,-0.050212692469358444,0.4455588757991791,0.7798685431480408,-0.07530353218317032,0.45178863406181335,0.8293887376785278,-0.06579925864934921,0.452008992433548,0.8420794010162354,-0.05283056199550629
lead,0.48014435172080994,0.9228836297988892,2.438311526020698e-07,0.5132290124893188,0.9289956092834473,-0.04120739921927452,0.5492983460426331,0.8957786560058594,-0.07129192352294922,0.5436081290245056,0.8464053869247437,-0.09755903482437134,0.5154209136962891,0.806927502155304,-0.12159609794616699,0.5546817779541016,0.7575320601463318,-0.04944494739174843,0.5673201680183411,0.6732563972473145,-0.08333375304937363,0.5758801102638245,0.6097598671913147,-0.09973911195993423,0.5775790810585022,0.560113251209259,-0.10949485003948212,0.5128260254859924,0.7345806360244751,-0.044743478298187256,0.5283219218254089,0.7390244007110596,-0.08613346517086029,0.5218654870986938,0.8165965676307678,-0.08643724769353867,0.5148381590843201,0.8354986906051636,-0.07703579217195511,0.47477996349334717,0.7345818281173706,-0.04479570314288139,0.4864516854286194,0.7659326195716858,-0.08416999131441116,0.48645341396331787,0.8271358013153076,-0.06947366148233414,0.4838544428348541,0.837765634059906,-0.05105670914053917,0.43713703751564026,0.750056266784668,-0.04881409555673599,0.4498293399810791,0.7797338962554932,-0.07536851614713669,0.45443910360336304,0.8263498544692993,-0.06576687842607498,0.4532855153083801,0.8330063819885254,-0.0518164336681366
lead,0.46946585178375244,0.9523354172706604,-5.442850437020752e-08,0.5128559470176697,0.9407647252082825,-0.02987026609480381,0.5508708357810974,0.89106285572052,-0.050857942551374435,0.5361186265945435,0.8388121128082275,-0.07129403948783875,0.5055392980575562,0.8004741072654724,-0.08999845385551453,0.5542962551116943,0.7435914278030396,-0.03653295710682869,0.5707416534423828,0.6434183716773987,-0.06333997845649719,0.5775341987609863,0.5808783769607544,-0.07810560613870621,0.5800355672836304,0.5273966789245605,-0.08897264301776886,0.5117344856262207,0.7285640835762024,-0.038124989718198776,0.5232930779457092,0.7492612600326538,-0.07876421511173248,0.5171733498573303,0.8225774168968201,-0.08649486303329468,0.5105908513069153,0.8468559980392456,-0.08444128185510635,0.4724487066268921,0.7367656230926514,-0.04254782199859619,0.48201408982276917,0.7622528076171875,-0.08015909045934677,0.48352184891700745,0.8263297080993652,-0.0702541321516037,0.48203328251838684,0.843238115310669,-0.05635226517915726,0.43430325388908386,0.7554940581321716,-0.050199829041957855,0.44778892397880554,0.7785826921463013,-0.07491723448038101,0.4537883996963501,0.8277250528335571,-0.06593924015760422,0.4545658230781555,0.8416227102279663,-0.05320141091942787
lead,0.47075769305229187,0.9501262903213501,-4.0436148651679105e-08,0.5133278965950012,0.9388817548751831,-0.02908186987042427,0.5524909496307373,0.8905577659606934,-0.04902990534901619,0.5399891138076782,0.8379697799682617,-0.06845219433307648,0.5102709531784058,0.7972115874290466,-0.08607359230518341,0.5555307865142822,0.7414168119430542,-0.034045860171318054,0.5718404054641724,0.6421123147010803,-0.06063403934240341,0.5789299011230469,0.5810903906822205,-0.07547279447317123,0.5820263028144836,0.5282601118087769,-0.086255744099617,0.5132458209991455,0.7267533540725708,-0.035902392119169235,0.5267325043678284,0.7415733337402344,-0.07730567455291748,0.5213160514831543,0.814426600933075,-0.08645307272672653,0.5141891241073608,0.842754602432251,-0.08485634624958038,0.4739835262298584,0.7344332337379456,-0.04054537042975426,0.48569998145103455,0.7586572766304016,-0.07939125597476959,0.48662930727005005,0.8237019181251526,-0.0711519867181778,0.48391586542129517,0.843887448310852,-0.05764065310359001,0.43613022565841675,0.7533684372901917,-0.04817139729857445,0.4524981677532196,0.7774887084960938,-0.0739138200879097,0.45850348472595215,0.827560305595398,-0.06603279709815979,0.4585176408290863,0.8432266116142273,-0.053679656237363815
lead,0.4807221293449402,0.9210801720619202,1.9457404221157049e-07,0.5128566026687622,0.9279848337173462,-0.04129454866051674,0.5485776662826538,0.8957085609436035,-0.06929030269384384,0.5455265641212463,0.8456503748893738,-0.09303248673677444,0.5209478139877319,0.8046013712882996,-0.11391498148441315,0.5587317943572998,0.7565258145332336,-0.04385196045041084,0.5723044872283936,0.6848120093345642,-0.0765841081738472,0.5776615142822266,0.6278056502342224,-0.09352325648069382,0.5785543322563171,0.5819773077964783,-0.10396522283554077,0.5190796256065369,0.7286334037780762,-0.038450419902801514,0.5325658917427063,0.7399535775184631,-0.07824303209781647,0.5232497453689575,0.8165460228919983,-0.07932110130786896,0.5164478421211243,0.834135890007019,-0.07092327624559402,0.48088690638542175,0.7271868586540222,-0.03821340203285217,0.49150174856185913,0.7621778249740601,-0.07732604444026947,0.4878484010696411,0.8249393701553345,-0.06393308937549591,0.4839121997356415,0.8348910808563232,-0.046397093683481216,0.441916823387146,0.7411730885505676,-0.04191632941365242,0.4555976688861847,0.776185154914856,-0.0677645280957222,0.4571073055267334,0.8236454725265503,-0.05910244211554527,0.45421311259269714,0.8297020792961121,-0.04607077315449715
lead,0.4688725769519806,0.9478928446769714,-2.8554262954116894e-08,0.5135442018508911,0.9369193911552429,-0.03132010996341705,0.553665816783905,0.8892905712127686,-0.052877724170684814,0.5424156188964844,0.8354348540306091,-0.07337156683206558,0.5130024552345276,0.7930479049682617,-0.09176882356405258,0.5570592284202576,0.7382654547691345,-0.036948367953300476,0.5733873248100281,0.6405774354934692,-0.0648098737001419,0.5804260969161987,0.5791394114494324,-0.08022478967905045,0.5831265449523926,0.5259585976600647,-0.09133610129356384,0.5141252279281616,0.7218359708786011,-0.03810031712055206,0.5296566486358643,0.7410770654678345,-0.08002546429634094,0.5241470336914062,0.8136106729507446,-0.08913666754961014,0.5162700414657593,0.8392384648323059,-0.08746308088302612,0.4744046926498413,0.7291737794876099,-0.04224817082285881,0.48919913172721863,0.7595077157020569,-0.08188599348068237,0.48921382427215576,0.8235266804695129,-0.0739479511976242,0.4855029881000519,0.8387762308120728,-0.06067216023802757,0.4369833469390869,0.7474336624145508,-0.04956652969121933,0.45622947812080383,0.7766674757003784,-0.07575882226228714,0.46045243740081787,0.826621413230896,-0.06823595613241196,0.45832690596580505,0.8382365703582764,-0.05619923397898674
lead,0.4737517535686493,0.9449436664581299,-4.7657035651127444e-08,0.5181082487106323,0.9321418404579163,-0.029126115143299103,0.5553289651870728,0.8819639682769775,-0.04932853579521179,0.5426352620124817,0.8306713700294495,-0.06886351108551025,0.5117793679237366,0.7920457720756531,-0.08663322031497955,0.5572664737701416,0.7349266409873962,-0.03572530299425125,0.5729201436042786,0.6384685635566711,-0.062335435301065445,0.5791251063346863,0.5776121020317078,-0.07769858837127686,0.58163982629776,0.5245590806007385,-0.08920290321111679,0.5140103697776794,0.7196482419967651,-0.03766715154051781,0.5286462903022766,0.7408435344696045,-0.07853449881076813,0.5231917500495911,0.811802327632904,-0.08830700814723969,0.5152009129524231,0.837406575679779,-0.08772175759077072,0.47441110014915466,0.7291831374168396,-0.04220862314105034,0.48797163367271423,0.7583024501800537,-0.08000637590885162,0.4888077974319458,0.8203869462013245,-0.0726463720202446,0.48563963174819946,0.8359754085540771,-0.06042768433690071,0.4375019073486328,0.7497385144233704,-0.0497681125998497,0.4553101360797882,0.7768270373344421,-0.07461372017860413,0.4605742394924164,0.8235188722610474,-0.06733930855989456,0.45946264266967773,0.8346970677375793,-0.05598115548491478
lead,0.48601701855659485,0.9145782589912415,2.3659492853767006e-07,0.5172731876373291,0.9201570153236389,-0.03897955268621445,0.5521929264068604,0.8853641152381897,-0.06664765626192093,0.5489228963851929,0.8364439010620117,-0.09086767584085464,0.5223031044006348,0.7969084978103638,-0.11255712807178497,0.5612049698829651,0.7486218810081482,-0.043978430330753326,0.5740482211112976,0.6688661575317383,-0.07843977957963943,0.5798773169517517,0.6089996695518494,-0.09626203030347824,0.5786879658699036,0.5595629215240479,-0.10712375491857529,0.5203162431716919,0.7245792746543884,-0.04027864336967468,0.5365005731582642,0.7261771559715271,-0.08193525671958923,0.5322986245155334,0.8024328351020813,-0.08380699902772903,0.5268423557281494,0.820164144039154,-0.07543675601482391,0.48184657096862793,0.7247015833854675,-0.04142208769917488,0.4936555325984955,0.7543376684188843,-0.08205565810203552,0.4941045045852661,0.8182428479194641,-0.06818321347236633,0.4916624426841736,0.8293530344963074,-0.0497438982129097,0.44369417428970337,0.7407177090644836,-0.04627208411693573,0.45725271105766296,0.7712482810020447,-0.07383638620376587,0.4613017141819,0.8190843462944031,-0.06453845649957657,0.4597800076007843,0.8263746500015259,-0.050457630306482315
lead,0.47024932503700256,0.9448317885398865,-4.609237791441956e-08,0.5153090953826904,0.9346056580543518,-0.03023977018892765,0.5564199090003967,0.8866310715675354,-0.051174577325582504,0.547180712223053,0.8309528231620789,-0.07160824537277222,0.5163604617118835,0.7895112037658691,-0.09032601863145828,0.5589649677276611,0.736780047416687,-0.03461606428027153,0.5753333568572998,0.6385478377342224,-0.062311988323926926,0.5826420187950134,0.5766445994377136,-0.07757560163736343,0.5852715969085693,0.5227147936820984,-0.08856331557035446,0.5164817571640015,0.7205495238304138,-0.03609183430671692,0.5314524173736572,0.7361831068992615,-0.07784923166036606,0.5253400206565857,0.8104564547538757,-0.08647071570158005,0.516631007194519,0.8356662392616272,-0.08439376205205917,0.4771401584148407,0.7277660965919495,-0.04056814685463905,0.4906282424926758,0.7540097832679749,-0.08010030537843704,0.4904525578022003,0.8195787072181702,-0.07113253325223923,0.48595306277275085,0.8368761539459229,-0.05701356381177902,0.43951186537742615,0.7462697625160217,-0.04816664010286331,0.45739054679870605,0.771962583065033,-0.07419607788324356,0.4619859457015991,0.8219836354255676,-0.06598501652479172,0.4593598246574402,0.8356695771217346,-0.05341530591249466
lead,0.473422110080719,0.9419567584991455,-5.617811638103376e-08,0.5187416672706604,0.930020809173584,-0.028632501140236855,0.5568501353263855,0.8815215229988098,-0.04846218600869179,0.5484122037887573,0.8286054134368896,-0.0677107721567154,0.5213464498519897,0.7871534824371338,-0.08508216589689255,0.5589228272438049,0.7320593595504761,-0.03457222133874893,0.5746043920516968,0.6355241537094116,-0.060598768293857574,0.5806736946105957,0.5746769905090332,-0.07541419565677643,0.5826433300971985,0.5225504636764526,-0.08621180057525635,0.5159093737602234,0.7170893549919128,-0.036378391087055206,0.5311979055404663,0.7348263263702393,-0.07729622721672058,0.5258452892303467,0.8059787154197693,-0.08698651194572449,0.5171777009963989,0.8347987532615662,-0.08577428758144379,0.476503849029541,0.7255752086639404,-0.0407225675880909,0.4914780259132385,0.7534539103507996,-0.07849862426519394,0.49231356382369995,0.8160532712936401,-0.07126937061548233,0.4885564148426056,0.8345983624458313,-0.05856485664844513,0.43991637229919434,0.7450080513954163,-0.048019614070653915,0.4590258002281189,0.7703768014907837,-0.07248631864786148,0.46389010548591614,0.8169762492179871,-0.06528668850660324,0.4620090425014496,0.8298295736312866,-0.053703244775533676
lead,0.48869016766548157,0.9136791229248047,1.625774785907197e-07,0.5210127830505371,0.9175320267677307,-0.038772329688072205,0.5543453097343445,0.8846091032028198,-0.064707450568676,0.5497021675109863,0.837924063205719,-0.08660678565502167,0.5260624289512634,0.7994240522384644,-0.106130450963974,0.5614635944366455,0.7484748363494873,-0.042334891855716705,0.5734550356864929,0.6784110069274902,-0.07461747527122498,0.5769361257553101,0.6231409311294556,-0.09234587848186493,0.5765773057937622,0.5784926414489746,-0.10323234647512436,0.5207804441452026,0.7231616377830505,-0.037118297070264816,0.5310527086257935,0.7330220937728882,-0.07637796550989151,0.5231298804283142,0.808929979801178,-0.07886213064193726,0.5182054042816162,0.8288601636886597,-0.071588896214962,0.48213300108909607,0.723330020904541,-0.03663818910717964,0.4890490472316742,0.7557823061943054,-0.07338039577007294,0.48779964447021484,0.8154264092445374,-0.06090434268116951,0.48679986596107483,0.8268829584121704,-0.04437687620520592,0.44379922747612,0.7397151589393616,-0.03995396941900253,0.4543684422969818,0.7703668475151062,-0.06355452537536621,0.45809465646743774,0.8144246339797974,-0.05467546358704567,0.4579378068447113,0.8217248320579529,-0.04169182479381561
lead,0.4760891795158386,0.9395014047622681,-7.359955134234042e-08,0.5209540128707886,0.9266693592071533,-0.02799188531935215,0.5599105954170227,0.8777632713317871,-0.04739617556333542,0.5478207468986511,0.8270347714424133,-0.0665874257683754,0.5176665186882019,0.7874756455421448,-0.0843077078461647,0.5607901215553284,0.7309921979904175,-0.03273607790470123,0.5757567882537842,0.632238507270813,-0.05832923203706741,0.581108808517456,0.5720183849334717,-0.07335903495550156,0.5831016302108765,0.5201694369316101,-0.08431181311607361,0.5183907151222229,0.7189072370529175,-0.03481675311923027,0.5312580466270447,0.7342556715011597,-0.07522104680538177,0.5249868035316467,0.8058486580848694,-0.08536961674690247,0.517250120639801,0.8336619138717651,-0.084730364382267,0.4792138636112213,0.7293515801429749,-0.039371367543935776,0.49093690514564514,0.7475154995918274,-0.0773022323846817,0.49243125319480896,0.8115441799163818,-0.0695648044347763,0.49026474356651306,0.831737220287323,-0.05647478252649307,0.44126075506210327,0.7498812675476074,-0.04667172580957413,0.45690983533859253,0.7624396085739136,-0.07178864628076553,0.46363624930381775,0.8100096583366394,-0.06318638473749161,0.4644213616847992,0.8265674710273743,-0.05036819353699684
lead,0.47618287801742554,0.9374982118606567,-6.420793141614922e-08,0.5211037397384644,0.9265986084938049,-0.029301321133971214,0.5609747171401978,0.8796130418777466,-0.050418585538864136,0.5509047508239746,0.8255490660667419,-0.07108581066131592,0.5202787518501282,0.7848456501960754,-0.09000463038682938,0.5616260766983032,0.730697751045227,-0.03571606054902077,0.5765789747238159,0.6323659420013428,-0.06222083792090416,0.5814076662063599,0.5719319581985474,-0.07735078781843185,0.5827906727790833,0.5198109745979309,-0.08843164891004562,0.5188000798225403,0.7166124582290649,-0.03763139992952347,0.5348005294799805,0.7354180812835693,-0.07863175868988037,0.5282588005065918,0.805661141872406,-0.08857840299606323,0.5192146897315979,0.8304701447486877,-0.08792898058891296,0.47958528995513916,0.726157009601593,-0.04204314574599266,0.4948425889015198,0.749468207359314,-0.08001788705587387,0.4954178035259247,0.8112888336181641,-0.07236769795417786,0.49144139885902405,0.8280951976776123,-0.05968394875526428,0.4422864019870758,0.7461773753166199,-0.04943042993545532,0.4612348973751068,0.7674342393875122,-0.07449008524417877,0.4669370949268341,0.8129656314849854,-0.0668376013636589,0.46574196219444275,0.8253934383392334,-0.05496128275990486
lead,0.4872840940952301,0.9122706651687622,1.721557509881677e-07,0.5223867297172546,0.9170714020729065,-0.037712983787059784,0.557077169418335,0.8835034370422363,-0.06452000141143799,0.5536641478538513,0.8334650993347168,-0.08795790374279022,0.5271521806716919,0.794206976890564,-0.10873863101005554,0.5654090046882629,0.745431661605835,-0.041941482573747635,0.5770436525344849,0.6685877442359924,-0.07512590289115906,0.580933153629303,0.6108751893043518,-0.09194042533636093,0.579805850982666,0.5649948716163635,-0.1018952801823616,0.5242546200752258,0.7206339240074158,-0.037733569741249084,0.5393314361572266,0.7286393642425537,-0.07772092521190643,0.5323717594146729,0.8064160943031311,-0.07839789241552353,0.5251026153564453,0.8239050507545471,-0.06950458139181137,0.4856739938259125,0.7214586138725281,-0.03843642771244049,0.4985177218914032,0.7535208463668823,-0.07723681628704071,0.4966166913509369,0.8156964778900146,-0.06364776194095612,0.4921007752418518,0.8248706459999084,-0.04582536965608597,0.446890652179718,0.737738847732544,-0.042722903192043304,0.4636760354042053,0.7706055045127869,-0.06719464063644409,0.46592018008232117,0.8157047629356384,-0.05794244632124901,0.46132707595825195,0.8200711011886597,-0.04464254528284073
lead,0.4774678349494934,0.9368395805358887,-6.346967040826712e-08,0.5230013132095337,0.9253864288330078,-0.027992598712444305,0.5614259839057922,0.8770648837089539,-0.04752654209733009,0.5521655082702637,0.8233725428581238,-0.06676924973726273,0.5237230062484741,0.7829239368438721,-0.08437977731227875,0.5602647662162781,0.728546142578125,-0.03327915072441101,0.5763372182846069,0.6312181949615479,-0.05914505943655968,0.5820693373680115,0.5716155767440796,-0.07433577626943588,0.5842524766921997,0.5202395915985107,-0.08540257066488266,0.5182420611381531,0.715661883354187,-0.03532390668988228,0.5338578224182129,0.7312244772911072,-0.07611297070980072,0.5280243158340454,0.8010413646697998,-0.08646617084741592,0.5196098685264587,0.8289098739624023,-0.08595514297485352,0.47963279485702515,0.7255809903144836,-0.039794161915779114,0.49467387795448303,0.7461057305335999,-0.07724002003669739,0.49557065963745117,0.8079019784927368,-0.06983534246683121,0.49240079522132874,0.8278571963310242,-0.05713576450943947,0.44305679202079773,0.7464243173599243,-0.04714593663811684,0.4611876606941223,0.7649688720703125,-0.0716148242354393,0.46752187609672546,0.810255765914917,-0.06393952667713165,0.46775126457214355,0.8252688646316528,-0.051982033997774124
lead,0.47581496834754944,0.9321277737617493,-6.713496247812145e-08,0.5220925211906433,0.922444224357605,-0.02848103642463684,0.5615361332893372,0.8759731650352478,-0.048149801790714264,0.5519995093345642,0.8225337266921997,-0.06716534495353699,0.5244995951652527,0.7815542221069336,-0.08423878997564316,0.5625671744346619,0.7258243560791016,-0.033501219004392624,0.5767847299575806,0.6297323107719421,-0.05934659764170647,0.5818921327590942,0.5703211426734924,-0.0741787701845169,0.5834237933158875,0.5196008086204529,-0.08488116413354874,0.5205550789833069,0.7101026177406311,-0.03531745821237564,0.5383020639419556,0.7316390872001648,-0.07588596642017365,0.5322827696800232,0.8000752925872803,-0.08629893511533737,0.5230253338813782,0.8269561529159546,-0.08557455241680145,0.48167604207992554,0.7185760140419006,-0.03963563218712807,0.49859705567359924,0.7505341172218323,-0.07736510038375854,0.49813389778137207,0.8102625608444214,-0.0713682472705841,0.49341168999671936,0.8263319134712219,-0.05944395065307617,0.4453323185443878,0.7376030683517456,-0.046794988214969635,0.46570196747779846,0.7670077681541443,-0.07100221514701843,0.46980178356170654,0.8129386901855469,-0.064144566655159,0.4673066735267639,0.8248154520988464,-0.05274682864546776
lead,0.49452272057533264,0.9108867645263672,2.1345640277559141e-07,0.5250818729400635,0.9156618714332581,-0.041285984218120575,0.5590603351593018,0.8782030344009399,-0.07062636315822601,0.5571995973587036,0.827214241027832,-0.09648869186639786,0.5310086607933044,0.7871674299240112,-0.11917269229888916,0.5678139925003052,0.739578127861023,-0.043496131896972656,0.5791629552841187,0.6626827716827393,-0.07967270165681839,0.583178699016571,0.6034268140792847,-0.09700874984264374,0.5815455317497253,0.5560023784637451,-0.1065470352768898,0.5272507667541504,0.7170198559761047,-0.038301777094602585,0.5419846773147583,0.7241765856742859,-0.08040253072977066,0.5346304178237915,0.8055888414382935,-0.07853049784898758,0.5279287695884705,0.8181669116020203,-0.06678794324398041,0.4888854920864105,0.7181274890899658,-0.03899315744638443,0.5003796219825745,0.7494825720787048,-0.08019115030765533,0.49830710887908936,0.8148214817047119,-0.06354394555091858,0.494309663772583,0.821376383304596,-0.04282506927847862,0.44980359077453613,0.7336390018463135,-0.043722037225961685,0.46382996439933777,0.7676885724067688,-0.06947561353445053,0.46623495221138,0.8151673078536987,-0.058559857308864594,0.46355828642845154,0.8183861970901489,-0.04351735860109329
lead,0.4816373884677887,0.9331157207489014,-5.1659920785596114e-08,0.5257629156112671,0.9214644432067871,-0.028724659234285355,0.5648125410079956,0.8743884563446045,-0.04995911940932274,0.5556506514549255,0.8199952840805054,-0.07088027149438858,0.5257748961448669,0.7790270447731018,-0.08998727798461914,0.5647356510162354,0.7251898050308228,-0.03505377098917961,0.5791943669319153,0.6298502087593079,-0.061752740293741226,0.5838918089866638,0.5693217515945435,-0.07631171494722366,0.585004448890686,0.5178709030151367,-0.08698335289955139,0.5223544239997864,0.7110276222229004,-0.037289731204509735,0.5368714332580566,0.729998767375946,-0.07772591710090637,0.530538022518158,0.8015676736831665,-0.0860808864235878,0.5230362415313721,0.8241177201271057,-0.08425764739513397,0.4838887155056,0.7199892997741699,-0.042204972356557846,0.4975678324699402,0.74684739112854,-0.07955659180879593,0.49786120653152466,0.8082127571105957,-0.07091937959194183,0.4948975145816803,0.8212710618972778,-0.057926326990127563,0.4474344253540039,0.7395924925804138,-0.05017365142703056,0.4643591344356537,0.7658413648605347,-0.07428642362356186,0.4697194993495941,0.8115724921226501,-0.06644512712955475,0.46969306468963623,0.8206753730773926,-0.05485795810818672
lead,0.47841376066207886,0.9296764135360718,-5.2144887519034455e-08,0.5247359871864319,0.9192321300506592,-0.028611883521080017,0.564960241317749,0.8724665641784668,-0.04908033832907677,0.5578094720840454,0.8194496035575867,-0.06913996487855911,0.5272781252861023,0.7807648181915283,-0.08757363259792328,0.5643349885940552,0.7241076231002808,-0.03486201539635658,0.5790576338768005,0.6278996467590332,-0.06146495044231415,0.5841989517211914,0.5681642293930054,-0.07694705575704575,0.5859283804893494,0.5171563625335693,-0.0880194753408432,0.5218302607536316,0.7106142640113831,-0.03686925768852234,0.5395343899726868,0.7273277640342712,-0.07859466969966888,0.5333617925643921,0.7970194220542908,-0.08922531455755234,0.5240930914878845,0.8250511884689331,-0.08849536627531052,0.48246532678604126,0.7198947668075562,-0.04125986993312836,0.5000465512275696,0.7429764866828918,-0.07954466342926025,0.49982574582099915,0.8046903014183044,-0.07249533385038376,0.49502629041671753,0.8239347338676453,-0.05965482071042061,0.4453909695148468,0.7396636009216309,-0.048501260578632355,0.4660593271255493,0.7595289945602417,-0.0731138363480568,0.4713932275772095,0.8047627210617065,-0.06544358283281326,0.46986955404281616,0.8188968300819397,-0.05335991084575653
lead,0.49145641922950745,0.9058325290679932,2.0964310465387825e-07,0.5254833102226257,0.9105174541473389,-0.03950589522719383,0.5611000061035156,0.8724191188812256,-0.06853058934211731,0.5586603283882141,0.8216798901557922,-0.09479040652513504,0.5324188470840454,0.782290518283844,-0.11800536513328552,0.5665901303291321,0.7349689602851868,-0.04317004233598709,0.5792451500892639,0.6543593406677246,-0.07982257008552551,0.5852344036102295,0.5930793881416321,-0.09741610288619995,0.5848662853240967,0.5432482957839966,-0.10736152529716492,0.5261048674583435,0.7123361229896545,-0.03922966867685318,0.5437003970146179,0.7204103469848633,-0.0815889835357666,0.5377919673919678,0.7986683249473572,-0.0807059183716774,0.5296338796615601,0.8081589341163635,-0.07012618333101273,0.4889802634716034,0.7137516736984253,-0.040869832038879395,0.5026341676712036,0.7481843829154968,-0.08166202157735825,0.501659631729126,0.8102167844772339,-0.06539405882358551,0.49682891368865967,0.8134015798568726,-0.04548044130206108,0.45255589485168457,0.7293341755867004,-0.0465073436498642,0.46838101744651794,0.764376699924469,-0.0723612979054451,0.47048449516296387,0.8101562857627869,-0.061792124062776566,0.46590718626976013,0.812055230140686,-0.04716389626264572
lead,0.4810493290424347,0.9313685894012451,-5.8315777096140664e-08,0.5257178544998169,0.9197069406509399,-0.027456648647785187,0.564702033996582,0.8720887303352356,-0.048060640692710876,0.5572389364242554,0.8178271055221558,-0.06862862408161163,0.5284615755081177,0.7782732844352722,-0.08736591041088104,0.5649961233139038,0.7241970896720886,-0.03346746042370796,0.579069972038269,0.6284827589988708,-0.059649206697940826,0.5838961601257324,0.5681606531143188,-0.07386983931064606,0.5848267674446106,0.5176177620887756,-0.0842142328619957,0.5229584574699402,0.7095981240272522,-0.03613867238163948,0.5390105843544006,0.7297596335411072,-0.07614802569150925,0.5327025055885315,0.8004497289657593,-0.08427689969539642,0.5245702862739563,0.8213624954223633,-0.08220981806516647,0.4845184087753296,0.7181763052940369,-0.041409559547901154,0.4993599057197571,0.7462618350982666,-0.0780486986041069,0.4995037615299225,0.8064964413642883,-0.06944940984249115,0.4959343373775482,0.8181816935539246,-0.05647056922316551,0.44803863763809204,0.7372628450393677,-0.04967142269015312,0.465432733297348,0.7651504874229431,-0.07296265661716461,0.470939964056015,0.8093363046646118,-0.06505588442087173,0.4707834720611572,0.8169528245925903,-0.05344264209270477
lead,0.47909215092658997,0.9289801120758057,-5.788162127373653e-08,0.5249736905097961,0.9188513159751892,-0.028005262836813927,0.5648525357246399,0.8730050921440125,-0.04852503910660744,0.558623194694519,0.8190872073173523,-0.06867517530918121,0.5291727185249329,0.7794668078422546,-0.08705198764801025,0.5641603469848633,0.7241876125335693,-0.03491732478141785,0.5790953040122986,0.6271128058433533,-0.06221560761332512,0.5840954780578613,0.5679498910903931,-0.07777837663888931,0.5848290920257568,0.5171236991882324,-0.08888552337884903,0.5226565599441528,0.710013747215271,-0.037326205521821976,0.540884256362915,0.7243911027908325,-0.07894942909479141,0.5355117917060852,0.7946484684944153,-0.08878971636295319,0.525969922542572,0.8208779096603394,-0.0877707228064537,0.48391368985176086,0.7187480926513672,-0.042220618575811386,0.5017237067222595,0.7428184747695923,-0.08029624819755554,0.501358687877655,0.8038394451141357,-0.07268766313791275,0.4959142506122589,0.8201847672462463,-0.059826478362083435,0.4474110007286072,0.7384483814239502,-0.049962133169174194,0.46835124492645264,0.7615728974342346,-0.07414759695529938,0.473162978887558,0.8057821989059448,-0.06645034998655319,0.4704175591468811,0.8168538808822632,-0.05472515523433685
lead,0.4903301000595093,0.8972254395484924,2.258745723793254e-07,0.522605836391449,0.9041024446487427,-0.03700531646609306,0.5598108172416687,0.8708295822143555,-0.06558133661746979,0.5591453313827515,0.8209708333015442,-0.0916859433054924,0.5314707159996033,0.782248854637146,-0.11517597734928131,0.5651721954345703,0.7358010411262512,-0.04443094879388809,0.5764982104301453,0.6485374569892883,-0.07848861068487167,0.5827454924583435,0.5868274569511414,-0.09380949288606644,0.5820145606994629,0.5369237065315247,-0.10280408710241318,0.5254771709442139,0.7128347754478455,-0.041765689849853516,0.5443354249000549,0.7187755107879639,-0.08186732232570648,0.5382571816444397,0.7949764132499695,-0.0808296948671341,0.5296036601066589,0.8039697408676147,-0.07120964676141739,0.48907577991485596,0.7137433290481567,-0.043857257813215256,0.5035585165023804,0.7461504936218262,-0.08331631869077682,0.5030620694160461,0.8074328899383545,-0.06744471192359924,0.4978558123111725,0.8103427886962891,-0.04869697242975235,0.45276951789855957,0.7287575006484985,-0.04950915649533272,0.4686235189437866,0.7627256512641907,-0.07563783973455429,0.4718470871448517,0.8077982664108276,-0.06532017141580582,0.46677878499031067,0.808985710144043,-0.05124066397547722
lead,0.48087751865386963,0.9281489849090576,-6.932807394832707e-08,0.5255605578422546,0.917262613773346,-0.027820277959108353,0.564537763595581,0.869848906993866,-0.04750772565603256,0.5567810535430908,0.8165308237075806,-0.06685531139373779,0.5276995897293091,0.7781972885131836,-0.0846526026725769,0.5629371404647827,0.7228884696960449,-0.03428363427519798,0.578472912311554,0.6253432631492615,-0.05961357429623604,0.5834894180297852,0.5665234327316284,-0.07469788938760757,0.5852940678596497,0.5153814554214478,-0.08588947355747223,0.5218594074249268,0.7100224494934082,-0.03647645562887192,0.5375708341598511,0.7277413606643677,-0.07675749808549881,0.5312215685844421,0.7957868576049805,-0.08759454637765884,0.5221988558769226,0.8211472034454346,-0.08780054748058319,0.483680784702301,0.7202150821685791,-0.0408458337187767,0.498586505651474,0.74085533618927,-0.07780733704566956,0.499407023191452,0.8013862371444702,-0.0708388239145279,0.4962388575077057,0.8193653225898743,-0.058722514659166336,0.44724947214126587,0.7407023906707764,-0.048035964369773865,0.464618057012558,0.7577146291732788,-0.07226341962814331,0.4717627763748169,0.8016296029090881,-0.06460396200418472,0.4731541872024536,0.8159886598587036,-0.05281230807304382
lead,0.4789590537548065,0.9287068247795105,-7.560910120218978e-08,0.5249308943748474,0.9175511002540588,-0.02826753817498684,0.5646225214004517,0.8684563636779785,-0.047008201479911804,0.5551491975784302,0.8143301010131836,-0.06525220721960068,0.5251896977424622,0.7755046486854553,-0.08184482157230377,0.562955915927887,0.7232702970504761,-0.03158426657319069,0.5777875185012817,0.6267260313034058,-0.0557996965944767,0.5830081105232239,0.5679548978805542,-0.06988853961229324,0.5850086808204651,0.5174961090087891,-0.08033978193998337,0.5224462151527405,0.7097097635269165,-0.033036623150110245,0.5363948345184326,0.7259133458137512,-0.0725320503115654,0.5302648544311523,0.794019877910614,-0.08291339129209518,0.5222374200820923,0.8209438920021057,-0.08238879591226578,0.4846072196960449,0.719005286693573,-0.036924269050359726,0.49710237979888916,0.7392401099205017,-0.07381436228752136,0.49830111861228943,0.7997034788131714,-0.06754574924707413,0.4961472749710083,0.8186743855476379,-0.05552029237151146,0.44852814078330994,0.7380998134613037,-0.043640993535518646,0.4642481505870819,0.7567335963249207,-0.06823288649320602,0.4710329473018646,0.8011027574539185,-0.061594728380441666,0.4726356267929077,0.815380871295929,-0.05029505491256714
lead,0.4852992296218872,0.9004439115524292,2.075848897220567e-07,0.5184375643730164,0.9065067172050476,-0.03614151105284691,0.5555059909820557,0.8695643544197083,-0.06295429915189743,0.5565933585166931,0.8203403949737549,-0.08763100951910019,0.5305196642875671,0.7818096280097961,-0.10954821109771729,0.5642728209495544,0.735622763633728,-0.03972531110048294,0.5757865309715271,0.6518129706382751,-0.07369889318943024,0.5814287662506104,0.5913285613059998,-0.08937975764274597,0.5800334215164185,0.5417995452880859,-0.09848316013813019,0.5250369310379028,0.7131597399711609,-0.037357453256845474,0.542424738407135,0.7167149186134338,-0.07819921523332596,0.5373308658599854,0.7937930822372437,-0.07780738174915314,0.5298838019371033,0.8039813041687012,-0.06792919337749481,0.4883406460285187,0.7140628099441528,-0.040011100471019745,0.5021167993545532,0.7442145347595215,-0.07993566244840622,0.501419186592102,0.8079495429992676,-0.06374732404947281,0.496555894613266,0.8125203847885132,-0.044086311012506485,0.45122867822647095,0.7286750078201294,-0.0463101752102375,0.4671925902366638,0.7629225254058838,-0.07207611948251724,0.46984371542930603,0.8096691370010376,-0.06144193187355995,0.4652530252933502,0.8113122582435608,-0.046893101185560226
lead,0.47923266887664795,0.9282000064849854,-7.32237950273884e-08,0.5235348343849182,0.915791928768158,-0.026311999186873436,0.5607043504714966,0.8677469491958618,-0.045513298362493515,0.5554770827293396,0.8152831196784973,-0.06491100043058395,0.5266784429550171,0.7773082256317139,-0.08273936063051224,0.5618114471435547,0.7235898971557617,-0.03260182961821556,0.5772797465324402,0.626984179019928,-0.057406652718782425,0.5823153257369995,0.5678004622459412,-0.0713440477848053,0.5837071537971497,0.5166594982147217,-0.08165942877531052,0.520476222038269,0.7095544934272766,-0.035293884575366974,0.5344629287719727,0.7268308997154236,-0.07489269226789474,0.5282406210899353,0.7966397404670715,-0.08400072902441025,0.5196579694747925,0.8223488330841064,-0.08278532326221466,0.48217812180519104,0.7181360721588135,-0.040204968303442,0.4963512420654297,0.74165278673172,-0.07645349204540253,0.4967994689941406,0.8027965426445007,-0.06857191771268845,0.4931640923023224,0.8207964301109314,-0.05578378587961197,0.44618284702301025,0.7372417449951172,-0.04792660102248192,0.46369311213493347,0.7581254839897156,-0.07125216722488403,0.46954452991485596,0.8019546270370483,-0.06356994062662125,0.4693097174167633,0.8151439428329468,-0.05187341943383217
lead,0.4770509600639343,0.9247295260429382,-5.753138410113934e-08,0.5226212739944458,0.9136463403701782,-0.027397846803069115,0.5604855418205261,0.8666912317276001,-0.04653807356953621,0.5528097748756409,0.8147287368774414,-0.06532205641269684,0.52385014295578,0.7765299677848816,-0.08245784044265747,0.5606436729431152,0.7207940220832825,-0.03286924958229065,0.5757508277893066,0.6253800392150879,-0.0577368289232254,0.5809253454208374,0.5670976638793945,-0.07228297740221024,0.5825762152671814,0.5174732208251953,-0.08284603804349899,0.5197362303733826,0.7078226804733276,-0.03474903851747513,0.5362086296081543,0.7236097455024719,-0.07433691620826721,0.5302427411079407,0.790861964225769,-0.08435796946287155,0.5211653113365173,0.8194630146026611,-0.08359324932098389,0.481328547000885,0.7173326015472412,-0.03894153609871864,0.49751922488212585,0.7392547130584717,-0.07520834356546402,0.4978380799293518,0.7987762093544006,-0.06862352043390274,0.4936741292476654,0.8181643486022949,-0.05654118210077286,0.44506096839904785,0.7367023229598999,-0.04591470956802368,0.46463730931282043,0.7575402855873108,-0.06922607868909836,0.47009748220443726,0.800871729850769,-0.06214522197842598,0.46912217140197754,0.8142434358596802,-0.0508071631193161
lead,0.4849485754966736,0.8963826298713684,1.6514917433596565e-07,0.5181174278259277,0.9026397466659546,-0.03436719998717308,0.5557807683944702,0.8663356900215149,-0.05915500596165657,0.5531821846961975,0.8184267282485962,-0.081602543592453,0.527808666229248,0.7814592123031616,-0.1015191376209259,0.5610299706459045,0.7319433093070984,-0.03674022853374481,0.573833167552948,0.6542649865150452,-0.06807897239923477,0.5792133212089539,0.5977212190628052,-0.08353378623723984,0.5796301364898682,0.5524364113807678,-0.09283170104026794,0.5214847922325134,0.709870457649231,-0.03434089571237564,0.5403196811676025,0.7176527976989746,-0.07383516430854797,0.5339755415916443,0.7929311394691467,-0.0754445493221283,0.525879979133606,0.8088408708572388,-0.0674053207039833,0.484672486782074,0.7120899558067322,-0.036587610840797424,0.5008857250213623,0.7438117861747742,-0.0745362862944603,0.49860459566116333,0.8044494390487671,-0.061205003410577774,0.49291059374809265,0.8122011423110962,-0.04394100606441498,0.44742244482040405,0.7284756898880005,-0.04224242642521858,0.4657066762447357,0.7622247934341431,-0.06606792658567429,0.46748560667037964,0.8068963289260864,-0.056937865912914276,0.46170082688331604,0.810060441493988,-0.044020336121320724
lead,0.4780779778957367,0.9228506684303284,-7.510585930958769e-08,0.521221399307251,0.9100551605224609,-0.026781326159834862,0.5587857365608215,0.8620918989181519,-0.045654021203517914,0.5512633323669434,0.8102755546569824,-0.06441811472177505,0.5204026699066162,0.7737781405448914,-0.08183381706476212,0.5593417882919312,0.7219123840332031,-0.032787274569272995,0.5742439031600952,0.6249304413795471,-0.05680472403764725,0.5795822143554688,0.56733638048172,-0.07087989896535873,0.5818880200386047,0.5177256464958191,-0.08119568228721619,0.5192025303840637,0.7095800638198853,-0.03490644693374634,0.533415675163269,0.7244360446929932,-0.07442332059144974,0.5269584059715271,0.7925747632980347,-0.08478309959173203,0.5185093879699707,0.821225643157959,-0.08426525443792343,0.4816631078720093,0.7185296416282654,-0.039039161056280136,0.49379658699035645,0.7356039881706238,-0.07534845918416977,0.4946634769439697,0.7963340282440186,-0.06825578212738037,0.4923102557659149,0.8185485601425171,-0.055639736354351044,0.44566673040390015,0.7369288206100464,-0.04585125669836998,0.45955362915992737,0.7490691542625427,-0.06973618268966675,0.4668430685997009,0.7936673164367676,-0.06171704828739166,0.46929529309272766,0.8122711181640625,-0.049370210617780685
lead,0.4771159887313843,0.9192579388618469,-6.080041003997394e-08,0.5210338830947876,0.9060885310173035,-0.02631732076406479,0.5569579005241394,0.8588200211524963,-0.045127544552087784,0.5504512786865234,0.8081880211830139,-0.0639013722538948,0.5212137699127197,0.7711357474327087,-0.08116760104894638,0.5567487478256226,0.71818608045578,-0.032301779836416245,0.5717276334762573,0.6236077547073364,-0.05631447210907936,0.5773897767066956,0.5668385028839111,-0.06995797902345657,0.5797218084335327,0.5176864266395569,-0.08007707446813583,0.5165982842445374,0.7062698602676392,-0.03458923473954201,0.5306961536407471,0.720183253288269,-0.07325326651334763,0.524610161781311,0.7877860069274902,-0.08254262804985046,0.5160908699035645,0.8145381808280945,-0.08162368088960648,0.47911593317985535,0.7156797051429749,-0.03906247392296791,0.4930633008480072,0.7357761263847351,-0.07493564486503601,0.49386319518089294,0.7958786487579346,-0.0677131712436676,0.49048876762390137,0.8148971796035767,-0.055400289595127106,0.44373396039009094,0.7348239421844482,-0.04623326659202576,0.46043020486831665,0.7524476647377014,-0.06984128803014755,0.4668594300746918,0.796035647392273,-0.06265483796596527,0.46708500385284424,0.8104590177536011,-0.051324278116226196
lead,0.4824921786785126,0.8873186111450195,1.996860277131418e-07,0.5156893730163574,0.8922330737113953,-0.03796344995498657,0.5512710809707642,0.8579142093658447,-0.06565109640359879,0.5482749938964844,0.8108765482902527,-0.09046708047389984,0.5213666558265686,0.773298442363739,-0.11271151155233383,0.5559417009353638,0.7233293652534485,-0.04419037699699402,0.5685043931007385,0.6377370357513428,-0.07758423686027527,0.5733684301376343,0.5765439867973328,-0.09369385242462158,0.5718253254890442,0.5263255834579468,-0.1034623309969902,0.5163106918334961,0.7015364170074463,-0.04047249257564545,0.5316256880760193,0.7120286822319031,-0.08101864159107208,0.5247054100036621,0.788057804107666,-0.08143078535795212,0.516667902469635,0.8000458478927612,-0.07275249063968658,0.4798281192779541,0.7038217186927795,-0.04149195924401283,0.4912440776824951,0.7385494709014893,-0.08020663261413574,0.4910987913608551,0.7993136048316956,-0.06501228362321854,0.4881516695022583,0.804477334022522,-0.04672456905245781,0.444021999835968,0.7201167941093445,-0.04630158841609955,0.458045095205307,0.755683958530426,-0.07144534587860107,0.46122562885284424,0.8006918430328369,-0.061264533549547195,0.4587867558002472,0.8039684891700745,-0.04725714027881622
lead,0.4783652126789093,0.9139964580535889,-5.03091399650657e-08,0.5191639065742493,0.9016022682189941,-0.02819342538714409,0.554039716720581,0.8566309809684753,-0.04846607521176338,0.5460255742073059,0.8065630793571472,-0.06815265864133835,0.5172824263572693,0.7684438228607178,-0.08613260090351105,0.5549716353416443,0.7158374190330505,-0.03560725599527359,0.5684806108474731,0.6204962730407715,-0.060129933059215546,0.5732934474945068,0.5632829666137695,-0.07419881969690323,0.5755396485328674,0.514045238494873,-0.08446794003248215,0.5146680474281311,0.703163743019104,-0.03707616776227951,0.5276215672492981,0.7190133929252625,-0.07616420835256577,0.5214719176292419,0.78600013256073,-0.0858776792883873,0.5137361884117126,0.8143829107284546,-0.08519549667835236,0.4770874083042145,0.7123700976371765,-0.04066894203424454,0.489934504032135,0.7327712178230286,-0.07648541778326035,0.49069130420684814,0.7923719882965088,-0.06918084621429443,0.488169401884079,0.8128708004951477,-0.05679092928767204,0.44167107343673706,0.7314667105674744,-0.04710450395941734,0.4572519063949585,0.746675968170166,-0.07070107758045197,0.4640677273273468,0.7905811071395874,-0.06313654780387878,0.46557697653770447,0.8073028922080994,-0.0513191856443882
lead,0.47281038761138916,0.9097243547439575,-4.2492366958413186e-08,0.515129566192627,0.8961887955665588,-0.02676117792725563,0.550869345664978,0.8507585525512695,-0.04653297737240791,0.5434281229972839,0.8016735911369324,-0.06615281105041504,0.5117461681365967,0.767500102519989,-0.08431443572044373,0.551159679889679,0.7144144177436829,-0.03377382829785347,0.5640645623207092,0.6192434430122375,-0.05815925449132919,0.5681535005569458,0.5618157386779785,-0.07183752208948135,0.5690534114837646,0.5121610760688782,-0.08188725262880325,0.5113717317581177,0.7024283409118652,-0.03600762039422989,0.5257957577705383,0.7152113318443298,-0.07445060461759567,0.5200018882751465,0.7813690304756165,-0.08360264450311661,0.5113951563835144,0.8070533275604248,-0.08278106153011322,0.47418272495269775,0.7113132476806641,-0.04041193425655365,0.48799216747283936,0.7313227653503418,-0.07594315707683563,0.4882069528102875,0.7896875143051147,-0.06869454681873322,0.483914852142334,0.8075631856918335,-0.056625284254550934,0.4389951825141907,0.7296521663665771,-0.04750978946685791,0.45560401678085327,0.7454218864440918,-0.0703384280204773,0.4619331359863281,0.788632333278656,-0.0625438317656517,0.4615430235862732,0.803610622882843,-0.051031485199928284
lead,0.48382237553596497,0.8811911344528198,2.1042453113295778e-07,0.5138736963272095,0.8833340406417847,-0.03337766230106354,0.5440048575401306,0.8447758555412292,-0.05600674822926521,0.5377712249755859,0.8008947372436523,-0.07598540931940079,0.5135806798934937,0.7656146287918091,-0.09346367418766022,0.5471963286399841,0.7199881672859192,-0.035392895340919495,0.5576967597007751,0.6442269086837769,-0.06550691276788712,0.562303364276886,0.5885134339332581,-0.08041737228631973,0.5612107515335083,0.5422155261039734,-0.08947278559207916,0.5098088383674622,0.7026196718215942,-0.03265291079878807,0.5264394283294678,0.7005323767662048,-0.07046647369861603,0.524673581123352,0.7685430645942688,-0.07240568846464157,0.5201522707939148,0.7840691804885864,-0.06483053416013718,0.4746112525463104,0.7060080170631409,-0.03435077145695686,0.4881994128227234,0.7324128150939941,-0.07095018029212952,0.48937949538230896,0.790657103061676,-0.05841218680143356,0.4868506193161011,0.7982163429260254,-0.04173814877867699,0.4397578239440918,0.723010778427124,-0.03934469074010849,0.45500510931015015,0.7504323124885559,-0.06320614367723465,0.4598087966442108,0.7938741445541382,-0.05472376570105553,0.45806559920310974,0.7974903583526611,-0.042256180197000504
lead,0.4704986810684204,0.904913604259491,-2.8989239453380833e-08,0.5123205184936523,0.8897988200187683,-0.027038417756557465,0.5461345314979553,0.84367835521698,-0.04667630046606064,0.5382869243621826,0.7959489822387695,-0.0661013275384903,0.5076894164085388,0.7642894387245178,-0.08408055454492569,0.5467453002929688,0.7095491886138916,-0.033702302724123,0.5589134693145752,0.6171320080757141,-0.05816473439335823,0.5632988214492798,0.5611913204193115,-0.07193513214588165,0.5649983286857605,0.5133383274078369,-0.08189790695905685,0.5067539215087891,0.6981942653656006,-0.03562866523861885,0.5187485814094543,0.7104277610778809,-0.07488694041967392,0.5130792856216431,0.7763946056365967,-0.08420051634311676,0.5057538747787476,0.8038833141326904,-0.08292128145694733,0.4697050452232361,0.7070309519767761,-0.03977607190608978,0.48183295130729675,0.727357029914856,-0.07549066096544266,0.48258185386657715,0.7854661345481873,-0.06845802813768387,0.4799129068851471,0.8057652711868286,-0.05606631189584732,0.4351705312728882,0.725521445274353,-0.04672830179333687,0.4510272741317749,0.7428367733955383,-0.06969569623470306,0.45691266655921936,0.786056637763977,-0.06253644078969955,0.4572680592536926,0.8020761013031006,-0.051213331520557404
lead,0.466336190700531,0.9014133810997009,-5.536832858865637e-08,0.5081877112388611,0.8876093626022339,-0.027065809816122055,0.5439414978027344,0.8408846855163574,-0.046290166676044464,0.5338793396949768,0.7924894690513611,-0.06490760296583176,0.5014123320579529,0.7614079117774963,-0.08212169259786606,0.5444119572639465,0.709750235080719,-0.03497104346752167,0.5558151602745056,0.6156597137451172,-0.059170063585042953,0.5585806369781494,0.559157133102417,-0.07320735603570938,0.558650553226471,0.5102012157440186,-0.08359629660844803,0.5045613050460815,0.6970106363296509,-0.036862727254629135,0.5167711973190308,0.7110443711280823,-0.07555057853460312,0.5104414224624634,0.775132954120636,-0.08562962710857391,0.5021869540214539,0.8013735413551331,-0.08545177429914474,0.4676128327846527,0.7061434388160706,-0.040727827697992325,0.4794779121875763,0.7260782122612,-0.07587463408708572,0.4795287847518921,0.7827906608581543,-0.06929384171962738,0.47637423872947693,0.8011606931686401,-0.05769911780953407,0.43299126625061035,0.7245745062828064,-0.0472756065428257,0.4479036033153534,0.7394199371337891,-0.06975483149290085,0.45390379428863525,0.7809293866157532,-0.06217004358768463,0.454514741897583,0.7957739233970642,-0.0507962740957737
lead,0.46410301327705383,0.8714644312858582,2.1586599530110107e-07,0.49839362502098083,0.8810366988182068,-0.03698933869600296,0.5367975831031799,0.8490884304046631,-0.06241149455308914,0.5320568680763245,0.8000819087028503,-0.08460482954978943,0.5055546164512634,0.7607178688049316,-0.10430502891540527,0.5385565757751465,0.7234618067741394,-0.04090674966573715,0.5489469766616821,0.6451386213302612,-0.07134567946195602,0.5539495944976807,0.5910513401031494,-0.08518756926059723,0.5536186099052429,0.5444162487983704,-0.09345529228448868,0.5012688636779785,0.7018342614173889,-0.03719722852110863,0.5183072686195374,0.697252631187439,-0.07622408866882324,0.5132378935813904,0.7673351168632507,-0.07799619436264038,0.5070178508758545,0.7835876941680908,-0.06989045441150665,0.46638280153274536,0.7012442946434021,-0.03792163357138634,0.47781985998153687,0.725574254989624,-0.07579676806926727,0.4789322018623352,0.7848813533782959,-0.06287664920091629,0.47743338346481323,0.7950406074523926,-0.04560069367289543,0.4317631125450134,0.7141605019569397,-0.04213613644242287,0.44510844349861145,0.7421568632125854,-0.06710753589868546,0.4513833522796631,0.7856580018997192,-0.058734793215990067,0.4507404863834381,0.7913150787353516,-0.04612862318754196
lead,0.4638541042804718,0.899091362953186,-4.9128530577036145e-08,0.5055403709411621,0.8844484090805054,-0.026497066020965576,0.5400397777557373,0.8371051549911499,-0.04494403302669525,0.5296701192855835,0.7893317937850952,-0.06294289976358414,0.49882543087005615,0.7562957406044006,-0.07954540103673935,0.5387453436851501,0.7063891887664795,-0.03243086487054825,0.5499185919761658,0.6136798858642578,-0.05542517453432083,0.5537051558494568,0.5577758550643921,-0.06892433017492294,0.5549572110176086,0.510109007358551,-0.07892812043428421,0.4994145631790161,0.6952155232429504,-0.03411264345049858,0.5114105939865112,0.7058731913566589,-0.07230254262685776,0.5061530470848083,0.7693091630935669,-0.08266492187976837,0.4979981482028961,0.7981563806533813,-0.0824083462357521,0.4632454812526703,0.7046946883201599,-0.03775915876030922,0.4751240313053131,0.7208633422851562,-0.07245134562253952,0.4769049882888794,0.7772802114486694,-0.0665217787027359,0.4740460515022278,0.7991746068000793,-0.05507924407720566,0.4291017949581146,0.7236112952232361,-0.044053610414266586,0.4436424970626831,0.7351251244544983,-0.06697747111320496,0.45124688744544983,0.7760289311408997,-0.06046784669160843,0.4527946412563324,0.792930543422699,-0.04965072497725487
lead,0.4621204733848572,0.9005956053733826,-5.9416276343426944e-08,0.5025597810745239,0.8857269287109375,-0.02583548054099083,0.5368735790252686,0.8360616564750671,-0.04464923217892647,0.5257607698440552,0.7872821688652039,-0.06300098448991776,0.4930068552494049,0.7574276328086853,-0.08002717047929764,0.5368720293045044,0.7067135572433472,-0.034244511276483536,0.5484248399734497,0.6151252388954163,-0.05774885416030884,0.5514585971832275,0.5580657720565796,-0.07124654948711395,0.5513485074043274,0.5081586241722107,-0.08172652125358582,0.4971561133861542,0.6932060718536377,-0.03672654181718826,0.5092355012893677,0.7124117016792297,-0.07365076243877411,0.5034891366958618,0.7767256498336792,-0.082068532705307,0.4956095814704895,0.7974502444267273,-0.08148511499166489,0.46051886677742004,0.7025507092475891,-0.04116831719875336,0.4716501533985138,0.7254574298858643,-0.0751749649643898,0.4728907644748688,0.781989336013794,-0.06727505475282669,0.47007888555526733,0.7962566614151001,-0.055573876947164536,0.4260287284851074,0.7212907671928406,-0.04833780229091644,0.4406863749027252,0.7384690046310425,-0.07071048021316528,0.4474457800388336,0.7805811762809753,-0.06279577314853668,0.448381632566452,0.7931110858917236,-0.05158038064837456
lead,0.46530550718307495,0.8764492869377136,2.049810206017355e-07,0.4976659119129181,0.8803208470344543,-0.036279402673244476,0.5300833582878113,0.8451048135757446,-0.06223491579294205,0.5252492427825928,0.7981451153755188,-0.08522719144821167,0.49847567081451416,0.7621791362762451,-0.10589586943387985,0.5360146164894104,0.7204567790031433,-0.04375269263982773,0.5427802801132202,0.6348287463188171,-0.076935313642025,0.5480567216873169,0.5728672742843628,-0.09358754754066467,0.5471758246421814,0.522827684879303,-0.10404156148433685,0.4982428550720215,0.7012578845024109,-0.041401248425245285,0.5144025683403015,0.6998176574707031,-0.08366724103689194,0.5084139704704285,0.7695344686508179,-0.0861014649271965,0.5011376738548279,0.7849699854850769,-0.07853063941001892,0.4624839425086975,0.702964186668396,-0.043501418083906174,0.4749869108200073,0.7259191274642944,-0.08213739842176437,0.47471922636032104,0.7824447751045227,-0.0686299204826355,0.4710419178009033,0.7892413139343262,-0.05158824473619461,0.42696288228034973,0.7182737588882446,-0.04933769628405571,0.4402785897254944,0.7476993203163147,-0.0746593028306961,0.44558924436569214,0.7884171009063721,-0.06634794175624847,0.44498175382614136,0.7880363464355469,-0.054316405206918716
lead,0.45940887928009033,0.9012537598609924,-3.5472002224423704e-08,0.4991392493247986,0.88541579246521,-0.026158709079027176,0.5323337316513062,0.8376613259315491,-0.04557766020298004,0.5230538845062256,0.7901208400726318,-0.06476551294326782,0.4917299151420593,0.7576614618301392,-0.08272106945514679,0.532103955745697,0.7102867364883423,-0.03416255861520767,0.544044554233551,0.6177099943161011,-0.0583656020462513,0.5482328534126282,0.560504674911499,-0.07221321761608124,0.5489971041679382,0.5111703872680664,-0.08253216743469238,0.49314120411872864,0.6994279026985168,-0.03648599982261658,0.5070759057998657,0.7075739502906799,-0.07411342114210129,0.5029189586639404,0.7728348970413208,-0.08240091800689697,0.4958829879760742,0.7971605658531189,-0.08130886405706406,0.4572474956512451,0.7085505127906799,-0.04090980067849159,0.4696131944656372,0.7204041481018066,-0.07528640329837799,0.47164082527160645,0.7780112028121948,-0.06674671173095703,0.46864956617355347,0.7963874340057373,-0.05423855781555176,0.4229852557182312,0.7269348502159119,-0.04803980514407158,0.4377988874912262,0.734198808670044,-0.07041715085506439,0.44548195600509644,0.7760067582130432,-0.06187199056148529,0.44655606150627136,0.7918016314506531,-0.05010812729597092
lead,0.4556003510951996,0.8988553881645203,-3.286643845967774e-08,0.49614593386650085,0.8833652138710022,-0.026709845289587975,0.5294535756111145,0.8358312845230103,-0.046215638518333435,0.5186929702758789,0.7888591289520264,-0.0651325136423111,0.48585063219070435,0.7588967680931091,-0.08265750110149384,0.5300635695457458,0.7086523175239563,-0.03504788503050804,0.5408867597579956,0.6164913177490234,-0.059535373002290726,0.544842541217804,0.5595505237579346,-0.07333950698375702,0.5449489951133728,0.5104413032531738,-0.08370797336101532,0.49045825004577637,0.6971203088760376,-0.03724556788802147,0.5042837262153625,0.7071313858032227,-0.07494070380926132,0.4994909465312958,0.773518979549408,-0.0827968642115593,0.49180489778518677,0.7969473600387573,-0.08136167377233505,0.4542523920536041,0.7065142393112183,-0.04166363552212715,0.46652430295944214,0.7237871885299683,-0.07639151811599731,0.46771109104156494,0.7814571261405945,-0.06813996285200119,0.46420228481292725,0.7967079877853394,-0.055818527936935425,0.4201946556568146,0.7249619960784912,-0.048793643712997437,0.4350936710834503,0.737456202507019,-0.0712321400642395,0.4415559470653534,0.779166579246521,-0.06308060884475708,0.4414331316947937,0.7917126417160034,-0.05170807987451553
lead,0.4595811665058136,0.875238835811615,2.1907447944613523e-07,0.49058786034584045,0.8787907361984253,-0.03703548386693001,0.5226086378097534,0.8454261422157288,-0.06387441605329514,0.5148329138755798,0.7996349930763245,-0.08733414113521576,0.4906248450279236,0.7618045806884766,-0.10869185626506805,0.5290898084640503,0.7229177355766296,-0.045304201543331146,0.5364468097686768,0.640286922454834,-0.07956837117671967,0.5416215062141418,0.5788469314575195,-0.09820082038640976,0.5405998826026917,0.5288358926773071,-0.10975656658411026,0.4910599887371063,0.7027576565742493,-0.041659340262413025,0.502979040145874,0.7049095034599304,-0.08280009031295776,0.49441850185394287,0.77474045753479,-0.08473213762044907,0.4875136911869049,0.7903305292129517,-0.07680100947618484,0.4553682506084442,0.7026766538619995,-0.042502857744693756,0.46442434191703796,0.7280316352844238,-0.08031956851482391,0.46353307366371155,0.7839190363883972,-0.06631629914045334,0.4612753689289093,0.791140079498291,-0.048680342733860016,0.4203532040119171,0.7168289422988892,-0.04703421890735626,0.43154069781303406,0.7450294494628906,-0.07171603292226791,0.4353838860988617,0.7868877649307251,-0.06192074716091156,0.4349418878555298,0.7890917062759399,-0.04839484021067619
lead,0.45490530133247375,0.8991546630859375,-3.879104681914214e-08,0.4926096200942993,0.8828673362731934,-0.02540898136794567,0.5239450931549072,0.8356351852416992,-0.04389460012316704,0.5131207704544067,0.7906966209411621,-0.06206114962697029,0.4836250841617584,0.7585426568984985,-0.07856661081314087,0.5261117815971375,0.7079114317893982,-0.03273458406329155,0.5365933775901794,0.6165681481361389,-0.05626421794295311,0.5403863787651062,0.5597696304321289,-0.06949812918901443,0.5410401225090027,0.5113798379898071,-0.07948996126651764,0.487476110458374,0.6942995190620422,-0.03491947054862976,0.4968372881412506,0.7131065726280212,-0.07133111357688904,0.4917382001876831,0.7766807079315186,-0.07903989404439926,0.48632022738456726,0.7981123924255371,-0.07770620286464691,0.45144376158714294,0.7032570242881775,-0.03930256888270378,0.4592231810092926,0.7297775745391846,-0.07199031859636307,0.4615774154663086,0.7834445238113403,-0.06428875774145126,0.46170175075531006,0.7956205606460571,-0.05289950966835022,0.4176803529262543,0.7212929725646973,-0.04652285948395729,0.429384708404541,0.7449530363082886,-0.0673612505197525,0.4360935091972351,0.7849093675613403,-0.06005252152681351,0.43865060806274414,0.7941038608551025,-0.04947468638420105
lead,0.44435712695121765,0.8985645771026611,-3.994858133182788e-08,0.4862869083881378,0.8855343461036682,-0.02763262391090393,0.5201303958892822,0.8385295271873474,-0.0461999773979187,0.5086675882339478,0.7938297390937805,-0.06382440030574799,0.4792865812778473,0.7625522017478943,-0.07987451553344727,0.5222272872924805,0.7120620012283325,-0.03419012576341629,0.53167325258255,0.6184855699539185,-0.05848437920212746,0.5356696844100952,0.5613099932670593,-0.07276105135679245,0.5363767743110657,0.5124475955963135,-0.08339343219995499,0.48365768790245056,0.6985154151916504,-0.03535564988851547,0.4941868484020233,0.7124463319778442,-0.07379462569952011,0.4879071116447449,0.7756110429763794,-0.08328873664140701,0.48105281591415405,0.7989567518234253,-0.08262771368026733,0.4472821056842804,0.7067869305610657,-0.03884262591600418,0.4550696313381195,0.729129433631897,-0.07375876605510712,0.4565134048461914,0.7835984826087952,-0.06740839779376984,0.4560214877128601,0.7974615693092346,-0.056119441986083984,0.4129197895526886,0.7235325574874878,-0.04513011500239372,0.42471712827682495,0.7435384392738342,-0.06786759197711945,0.4316056966781616,0.7841755747795105,-0.06117134913802147,0.4344477951526642,0.7949896454811096,-0.0505133755505085
lead,0.44486725330352783,0.8727506399154663,1.7729463763771491e-07,0.478969544172287,0.881209135055542,-0.03572892025113106,0.5128868222236633,0.8477965593338013,-0.059533458203077316,0.5065038800239563,0.8020517826080322,-0.0797661766409874,0.4805469214916229,0.7662104368209839,-0.09823653101921082,0.5192874073982239,0.7266455888748169,-0.04449174553155899,0.5279361605644226,0.6404970288276672,-0.07639680802822113,0.5328434705734253,0.5804177522659302,-0.09397971630096436,0.5323683619499207,0.5306216478347778,-0.10515845566987991,0.4826461672782898,0.7053776979446411,-0.03991992771625519,0.48846861720085144,0.7112536430358887,-0.07867159694433212,0.4807743430137634,0.7783904671669006,-0.08077922463417053,0.47679996490478516,0.7969260215759277,-0.07399387657642365,0.447125643491745,0.7055506706237793,-0.0394229032099247,0.45128676295280457,0.7341517210006714,-0.07545123249292374,0.45100677013397217,0.7880404591560364,-0.06227228417992592,0.4524255394935608,0.7992238402366638,-0.04571278393268585,0.41260138154029846,0.7184951901435852,-0.04239369183778763,0.4209293723106384,0.7469348907470703,-0.06682133674621582,0.4250059127807617,0.7899183034896851,-0.057755764573812485,0.4272664487361908,0.7975306510925293,-0.04468230530619621
lead,0.44238537549972534,0.9011585712432861,-6.197088708859155e-08,0.4830664396286011,0.8865315318107605,-0.025326214730739594,0.515879213809967,0.837290346622467,-0.041560810059309006,0.5019152760505676,0.7919878959655762,-0.05711723119020462,0.47152119874954224,0.7634862065315247,-0.07115066051483154,0.5160599946975708,0.7123666405677795,-0.030091755092144012,0.5260072946548462,0.619854748249054,-0.05148489773273468,0.5294893980026245,0.5640870928764343,-0.0640978068113327,0.5300545692443848,0.5160539746284485,-0.07398516684770584,0.47806936502456665,0.7003642320632935,-0.03171366825699806,0.48469609022140503,0.7170752882957458,-0.06674159318208694,0.4800426661968231,0.7786634564399719,-0.07543133199214935,0.4751412272453308,0.8007491827011108,-0.07508337497711182,0.4424689710140228,0.7098435759544373,-0.03547900170087814,0.4471494257450104,0.732785701751709,-0.06772571802139282,0.45008331537246704,0.7862522602081299,-0.061698704957962036,0.45157569646835327,0.7992110252380371,-0.05138084292411804,0.4090910255908966,0.727526843547821,-0.04190767556428909,0.41773250699043274,0.7457880973815918,-0.06295304745435715,0.42469123005867004,0.7865315675735474,-0.05614729970693588,0.4286484122276306,0.7978159189224243,-0.04592176154255867
lead,0.4389339089393616,0.9039225578308105,-4.504455475284885e-08,0.4778349995613098,0.8883637189865112,-0.027165202423930168,0.5087637901306152,0.8406853079795837,-0.04497963562607765,0.4955110251903534,0.7961534857749939,-0.06186545267701149,0.46728506684303284,0.7651772499084473,-0.07696264982223511,0.5120049715042114,0.7157986164093018,-0.03212161734700203,0.5209723711013794,0.6223456859588623,-0.05501547455787659,0.5248634219169617,0.5657401084899902,-0.06830897182226181,0.5260615348815918,0.5173622965812683,-0.0784321203827858,0.47421637177467346,0.7028127908706665,-0.033005110919475555,0.4808908700942993,0.7170999050140381,-0.07003365457057953,0.4756406247615814,0.779040515422821,-0.07894405722618103,0.47085967659950256,0.8024312853813171,-0.07811995595693588,0.4387471079826355,0.7108907699584961,-0.03629747033119202,0.4428636431694031,0.7335797548294067,-0.06956149637699127,0.44570791721343994,0.786813497543335,-0.0633067712187767,0.4474937617778778,0.8004684448242188,-0.05251869186758995,0.4056519865989685,0.7277455925941467,-0.04251110181212425,0.4141741394996643,0.7483449578285217,-0.06421125680208206,0.42074334621429443,0.7887132167816162,-0.057987991720438004,0.4245443642139435,0.7994939088821411,-0.04793427139520645
lead,0.4319693148136139,0.9055226445198059,-4.1580332066359915e-08,0.4713175892829895,0.8919754028320312,-0.028056781738996506,0.5041617751121521,0.846787691116333,-0.045920465141534805,0.4920353591442108,0.8018885850906372,-0.06262107193470001,0.46618807315826416,0.7672890424728394,-0.0773925632238388,0.5078161954879761,0.720123827457428,-0.032395847141742706,0.5166423320770264,0.6256532669067383,-0.05636439099907875,0.5204246044158936,0.5683826208114624,-0.07046961784362793,0.5214627385139465,0.5193923711776733,-0.08090171962976456,0.47032514214515686,0.7067415118217468,-0.032877665013074875,0.475674033164978,0.7192119359970093,-0.07100347429513931,0.46978816390037537,0.7811946272850037,-0.08049895614385605,0.4656815230846405,0.8068228363990784,-0.07975443452596664,0.43450233340263367,0.7142806649208069,-0.03596483916044235,0.437992662191391,0.7368308901786804,-0.07001100480556488,0.4398593008518219,0.7896730899810791,-0.06402407586574554,0.44206541776657104,0.8037763237953186,-0.05312778428196907,0.40087348222732544,0.7306480407714844,-0.04200214147567749,0.40955597162246704,0.753013551235199,-0.06382587552070618,0.41572150588035583,0.7932848930358887,-0.05765629932284355,0.4198998212814331,0.803257942199707,-0.04748675599694252
lead,0.43726542592048645,0.9095726609230042,-4.6135276932091074e-08,0.47358042001724243,0.8920208215713501,-0.02678382210433483,0.5030176043510437,0.844412088394165,-0.04498792067170143,0.4877873361110687,0.8008301258087158,-0.06231139600276947,0.45769909024238586,0.7719371914863586,-0.07802534848451614,0.502571702003479,0.7204983234405518,-0.03420766070485115,0.5123396515846252,0.6265835165977478,-0.057628124952316284,0.516431450843811,0.5707036852836609,-0.07158276438713074,0.517845094203949,0.5222225785255432,-0.08222534507513046,0.4651794135570526,0.709437370300293,-0.035551756620407104,0.4721422791481018,0.7242469787597656,-0.07336899638175964,0.4669760465621948,0.7871230840682983,-0.0829898789525032,0.46215254068374634,0.811669111251831,-0.08281680941581726,0.4301796555519104,0.7189745903015137,-0.039006683975458145,0.4346194267272949,0.738254964351654,-0.07275212556123734,0.43801936507225037,0.7925778031349182,-0.06659875065088272,0.4406689703464508,0.8080925345420837,-0.055765073746442795,0.3973524272441864,0.7373216152191162,-0.04523961991071701,0.40365391969680786,0.7515731453895569,-0.06743959337472916,0.4130452573299408,0.7914204001426697,-0.06100954860448837,0.4202924370765686,0.8045352101325989,-0.050708428025245667
lead,0.43569228053092957,0.9109531044960022,-2.8596291556937103e-08,0.47084447741508484,0.8947447538375854,-0.028906865045428276,0.4989451467990875,0.8474273681640625,-0.04881339520215988,0.486258327960968,0.8051358461380005,-0.06764355301856995,0.45561283826828003,0.774917483329773,-0.08482527732849121,0.501693844795227,0.7227528691291809,-0.03689495101571083,0.5102895498275757,0.6292581558227539,-0.06370792537927628,0.5153483152389526,0.5716385841369629,-0.07983426004648209,0.5168403387069702,0.521923840045929,-0.0915178433060646,0.4633170962333679,0.7089167237281799,-0.03765515983104706,0.4716009199619293,0.7243961691856384,-0.07822667062282562,0.46584567427635193,0.7899894118309021,-0.0876830592751503,0.46006593108177185,0.8151382803916931,-0.0867033526301384,0.42743855714797974,0.7161991596221924,-0.04105444625020027,0.4329591393470764,0.7426743507385254,-0.07697013020515442,0.4355786442756653,0.7983757257461548,-0.07003667205572128,0.4366530478000641,0.8135339617729187,-0.05821671709418297,0.3944256901741028,0.7324416637420654,-0.047536399215459824,0.4037650525569916,0.7569071054458618,-0.07103012502193451,0.41010576486587524,0.7994930148124695,-0.06452961266040802,0.4129568040370941,0.8115259408950806,-0.05387789011001587
lead,0.42929840087890625,0.9149733781814575,-3.669152093266348e-08,0.4677087664604187,0.9002020955085754,-0.02894233539700508,0.4981265068054199,0.8523983359336853,-0.04777732864022255,0.48413988947868347,0.8090072870254517,-0.0656387135386467,0.4550402760505676,0.7767230868339539,-0.08206013590097427,0.49954676628112793,0.7263466715812683,-0.03407870605587959,0.5090611577033997,0.6323086023330688,-0.06010112538933754,0.514876663684845,0.5739649534225464,-0.07612934708595276,0.5163652300834656,0.523592472076416,-0.08777985721826553,0.4614049792289734,0.7137477993965149,-0.03447062149643898,0.467599481344223,0.7240344285964966,-0.07460777461528778,0.46277859807014465,0.7907957434654236,-0.08450958132743835,0.4573843777179718,0.8178847432136536,-0.08361141383647919,0.42592471837997437,0.7211864590644836,-0.037597548216581345,0.42949169874191284,0.7402284145355225,-0.07349660247564316,0.43311288952827454,0.7981331944465637,-0.0665561854839325,0.4345764219760895,0.8161850571632385,-0.05439120531082153,0.39307576417922974,0.73721843957901,-0.04375242069363594,0.4010891318321228,0.7539673447608948,-0.06751907616853714,0.40840187668800354,0.7981815338134766,-0.0605769045650959,0.4120379090309143,0.8129492998123169,-0.04931640625
lead,0.4283425211906433,0.9143786430358887,-3.084553767962461e-08,0.4665051996707916,0.9002000093460083,-0.02811753749847412,0.49547240138053894,0.850525975227356,-0.04591485112905502,0.4816868305206299,0.8065345287322998,-0.0626983568072319,0.44911566376686096,0.7808818817138672,-0.07802711427211761,0.49847927689552307,0.7273486256599426,-0.03288369998335838,0.5074114203453064,0.6324581503868103,-0.05698370561003685,0.5124263763427734,0.5757812261581421,-0.07140657305717468,0.5134963393211365,0.5266484618186951,-0.08220633864402771,0.46135032176971436,0.7163921594619751,-0.033677078783512115,0.46784818172454834,0.7244568467140198,-0.07256580144166946,0.46404433250427246,0.7887746691703796,-0.0821201279759407,0.45974186062812805,0.8149135112762451,-0.08123520761728287,0.42622679471969604,0.724565863609314,-0.0370388925075531,0.42934268712997437,0.7413292527198792,-0.07227527350187302,0.43346482515335083,0.798025369644165,-0.06610966473817825,0.4355722665786743,0.8159103393554688,-0.0545196458697319,0.39316144585609436,0.740853488445282,-0.04328523576259613,0.40026262402534485,0.755723237991333,-0.06652286648750305,0.40815290808677673,0.7985692620277405,-0.0600610114634037,0.4129030704498291,0.8136041164398193,-0.049407958984375
lead,0.42794936895370483,0.9168670177459717,-5.487897070111103e-08,0.4650796055793762,0.9009831547737122,-0.02704141102731228,0.4955800175666809,0.8514469861984253,-0.044307418167591095,0.4808490574359894,0.808211088180542,-0.06060410290956497,0.44872236251831055,0.7813575863838196,-0.0753612369298935,0.49735528230667114,0.7295461297035217,-0.03236890956759453,0.5062108039855957,0.6355023384094238,-0.05662344768643379,0.5110995173454285,0.5784938335418701,-0.07120311260223389,0.5128947496414185,0.5292093753814697,-0.0819564014673233,0.45932814478874207,0.7153662443161011,-0.03322629630565643,0.4662103056907654,0.7308170795440674,-0.07239354401826859,0.45961272716522217,0.794597327709198,-0.0822206661105156,0.45342567563056946,0.8214021325111389,-0.08135619014501572,0.423732727766037,0.7220968008041382,-0.036513347178697586,0.4279402494430542,0.7471985220909119,-0.07124004513025284,0.42986080050468445,0.8025959730148315,-0.06562233716249466,0.4308806359767914,0.8189374804496765,-0.05450395122170448,0.3907723128795624,0.737902820110321,-0.04263241961598396,0.39969706535339355,0.7618159651756287,-0.06480961292982101,0.40561774373054504,0.8033004999160767,-0.05882546305656433,0.40880244970321655,0.8150005340576172,-0.04862432926893234
lead,0.42188000679016113,0.9176608324050903,-4.1971023989617606e-08,0.46048927307128906,0.9031951427459717,-0.02847280725836754,0.4906621277332306,0.8547444343566895,-0.045859869569540024,0.47735729813575745,0.8112091422080994,-0.06227903068065643,0.4458061754703522,0.7842482924461365,-0.07745634764432907,0.4938138425350189,0.7332913875579834,-0.0319637805223465,0.5030820369720459,0.6369938850402832,-0.05549841374158859,0.5081118941307068,0.5794498324394226,-0.07018594443798065,0.5095192193984985,0.5303460359573364,-0.0809972733259201,0.45688357949256897,0.7241814732551575,-0.03226196765899658,0.4615632891654968,0.7269011735916138,-0.07299177348613739,0.4560506343841553,0.7910618185997009,-0.08485082536935806,0.45097997784614563,0.8240067362785339,-0.08464069664478302,0.4220329225063324,0.7324194312095642,-0.03491263464093208,0.42311352491378784,0.7406623959541321,-0.07136672735214233,0.4261764883995056,0.7972888946533203,-0.06672108918428421,0.4284157454967499,0.8220868110656738,-0.055112939327955246,0.3889537453651428,0.7481534481048584,-0.04027938470244408,0.3939909338951111,0.7530911564826965,-0.06469333916902542,0.402016818523407,0.7944632172584534,-0.058867402374744415,0.4080681800842285,0.8145247101783752,-0.0478442944586277
lead,0.41928914189338684,0.9176818132400513,-4.10420355478891e-08,0.4553919732570648,0.9017456769943237,-0.026546722277998924,0.4841950535774231,0.8546830415725708,-0.04492633789777756,0.47147297859191895,0.8107316493988037,-0.06279244273900986,0.4398108422756195,0.7866756916046143,-0.07905367761850357,0.4897679388523102,0.7319369316101074,-0.03309856727719307,0.4990607798099518,0.6389480233192444,-0.056848231703042984,0.5030825734138489,0.5822758078575134,-0.07079429924488068,0.5043123960494995,0.5338918566703796,-0.08140961080789566,0.452058881521225,0.7187166213989258,-0.034606028348207474,0.4537547826766968,0.7402433753013611,-0.07190868258476257,0.4481329321861267,0.8021761178970337,-0.08012381196022034,0.44557470083236694,0.8228305578231812,-0.07902255654335022,0.4166073799133301,0.727037250995636,-0.03849060833454132,0.41608449816703796,0.756077766418457,-0.07088690996170044,0.41991010308265686,0.80777907371521,-0.06359893828630447,0.42452895641326904,0.820275068283081,-0.0524861104786396,0.3843349814414978,0.7443420886993408,-0.04552725702524185,0.3890526592731476,0.7727206945419312,-0.06617531180381775,0.3954989016056061,0.8122569918632507,-0.05939308926463127,0.40102633833885193,0.8222543001174927,-0.04911299794912338
lead,0.41845598816871643,0.9213165044784546,-7.07525060761327e-08,0.4532451927661896,0.9054448008537292,-0.026048362255096436,0.4806968569755554,0.8576638698577881,-0.04371562600135803,0.4652276933193207,0.8146807551383972,-0.060636285692453384,0.4354051947593689,0.7862647175788879,-0.07580346614122391,0.4856001138687134,0.7335193753242493,-0.03269728645682335,0.4948490262031555,0.6424468159675598,-0.05663786828517914,0.4985542595386505,0.5850145816802979,-0.07131349295377731,0.5000913143157959,0.5360061526298523,-0.0823948085308075,0.44827356934547424,0.7180582284927368,-0.03402141109108925,0.4512013792991638,0.7452629804611206,-0.0702693983912468,0.44449418783187866,0.8060444593429565,-0.07905948162078857,0.44136008620262146,0.8268390893936157,-0.07886077463626862,0.41308295726776123,0.726199209690094,-0.037662386894226074,0.41355836391448975,0.7595304250717163,-0.06918571144342422,0.41616320610046387,0.8101798295974731,-0.062142133712768555,0.42040911316871643,0.821330726146698,-0.05166245624423027,0.38124215602874756,0.7440199851989746,-0.044390879571437836,0.3861481249332428,0.7724704146385193,-0.06448004394769669,0.39165353775024414,0.811748743057251,-0.05724712088704109,0.3962635397911072,0.8214231729507446,-0.046778757125139236
lead,0.40951696038246155,0.9199874401092529,-3.7796056062688876e-08,0.4462502598762512,0.9082646369934082,-0.02966557815670967,0.47760820388793945,0.8623780012130737,-0.04860764741897583,0.4622275233268738,0.8187233209609985,-0.06632402539253235,0.4312651455402374,0.7909373641014099,-0.08240188658237457,0.48229852318763733,0.7395789623260498,-0.035784248262643814,0.4904499351978302,0.643462061882019,-0.06190032884478569,0.4945116341114044,0.5850794911384583,-0.07740683853626251,0.49599093198776245,0.5353251695632935,-0.0886882096529007,0.4440617859363556,0.7258237600326538,-0.035735540091991425,0.4446270763874054,0.7412792444229126,-0.07663483172655106,0.43867018818855286,0.8052714467048645,-0.08628854900598526,0.43680959939956665,0.8307070732116699,-0.08517558127641678,0.40837743878364563,0.7324191927909851,-0.03843618556857109,0.40621310472488403,0.7565285563468933,-0.07410258799791336,0.40973180532455444,0.810565710067749,-0.0670970231294632,0.4152664542198181,0.8260847330093384,-0.0551442876458168,0.37551242113113403,0.7478484511375427,-0.0443735234439373,0.37945160269737244,0.771050214767456,-0.06749997287988663,0.38537341356277466,0.8122345209121704,-0.06099419668316841,0.3909841477870941,0.8240938186645508,-0.05020526796579361
lead,0.4053507149219513,0.9221623539924622,-3.4033263318633544e-08,0.4411839544773102,0.9101340174674988,-0.028823286294937134,0.47151070833206177,0.8646268844604492,-0.04740053787827492,0.45450103282928467,0.8202870488166809,-0.06496300548315048,0.4234362542629242,0.7909089922904968,-0.0809330940246582,0.4762125611305237,0.7391282320022583,-0.03393610194325447,0.48611414432525635,0.6451553702354431,-0.05878806859254837,0.489848256111145,0.5879968404769897,-0.07342862337827682,0.49115532636642456,0.5381366610527039,-0.08447296917438507,0.43906378746032715,0.7269304394721985,-0.03460165485739708,0.4367353320121765,0.7430626153945923,-0.0735585168004036,0.4314808249473572,0.8062422871589661,-0.08278495818376541,0.43145009875297546,0.829116702079773,-0.08200594782829285,0.40410566329956055,0.7354435920715332,-0.03797118738293648,0.39957791566848755,0.7589173913002014,-0.07233291864395142,0.40394312143325806,0.8127434253692627,-0.06490057706832886,0.41136372089385986,0.8267552256584167,-0.053177233785390854,0.3717916011810303,0.7531076073646545,-0.0445830337703228,0.37248843908309937,0.7762120366096497,-0.0672573670744896,0.37960052490234375,0.8180770874023438,-0.06030872464179993,0.38794630765914917,0.8298664689064026,-0.04939764365553856
lead,0.3981432020664215,0.9257542490959167,-3.9494668868655936e-08,0.4354453980922699,0.9129163026809692,-0.027554014697670937,0.46323132514953613,0.8644605875015259,-0.04433958977460861,0.44643035531044006,0.8186809420585632,-0.06037715822458267,0.4142818748950958,0.7938582301139832,-0.0750056803226471,0.47164079546928406,0.7436127066612244,-0.030848534777760506,0.48126211762428284,0.6459295749664307,-0.055015888065099716,0.4853699803352356,0.5882182121276855,-0.06915228813886642,0.4867565631866455,0.5380463004112244,-0.07962168753147125,0.4350665211677551,0.7339015603065491,-0.03184652328491211,0.4321296811103821,0.7371645569801331,-0.07201132923364639,0.4266494810581207,0.8021608591079712,-0.08173818141222,0.4265819191932678,0.8296706676483154,-0.08021451532840729,0.4001731872558594,0.7414373755455017,-0.03550378978252411,0.3942427933216095,0.7545491456985474,-0.07070817798376083,0.3985494077205658,0.810706377029419,-0.06373076885938644,0.4060957431793213,0.8293091058731079,-0.05124511569738388,0.36756137013435364,0.7579922676086426,-0.04219236597418785,0.3666017949581146,0.7722421288490295,-0.06466654688119888,0.37326937913894653,0.8146132230758667,-0.057421837002038956,0.38128727674484253,0.8305667638778687,-0.04593320190906525
lead,0.3923615515232086,0.8984239101409912,1.4289899752384372e-07,0.4261951744556427,0.9065021872520447,-0.03898917883634567,0.4584711790084839,0.8754013180732727,-0.0652671530842781,0.4501795172691345,0.8305973410606384,-0.08675789088010788,0.42270952463150024,0.7963554859161377,-0.10587013512849808,0.4734503924846649,0.7522714138031006,-0.051440704613924026,0.48029911518096924,0.6614210605621338,-0.0881248489022255,0.4824286997318268,0.5998743772506714,-0.1077040508389473,0.48054036498069763,0.5466479659080505,-0.11990939825773239,0.4356509745121002,0.7282668352127075,-0.045866645872592926,0.4337944984436035,0.7395579218864441,-0.08668959885835648,0.4295937418937683,0.8107150197029114,-0.08765712380409241,0.4300561547279358,0.8205975294113159,-0.08045951277017593,0.39816388487815857,0.7290094494819641,-0.04481809586286545,0.3922913074493408,0.7650074362754822,-0.08059348911046982,0.3951079547405243,0.8204097151756287,-0.06393729150295258,0.3991391658782959,0.8220850825309753,-0.04633951932191849,0.36187759041786194,0.7436849474906921,-0.04783410206437111,0.3614192605018616,0.7816959023475647,-0.07112934440374374,0.36707764863967896,0.8259080648422241,-0.059817761182785034,0.3712118864059448,0.8280775547027588,-0.045712415128946304
lead,0.39265984296798706,0.9233400225639343,-2.05589589796773e-08,0.430817574262619,0.9111929535865784,-0.030058929696679115,0.46152713894844055,0.8657925128936768,-0.04886700585484505,0.44180718064308167,0.8228456377983093,-0.0665052980184555,0.4096641540527344,0.7987518310546875,-0.08253155648708344,0.46663737297058105,0.7405150532722473,-0.035053182393312454,0.47729596495628357,0.6444821953773499,-0.060288045555353165,0.4810529351234436,0.5860951542854309,-0.07469999045133591,0.4822966456413269,0.5358055830001831,-0.08558769524097443,0.4290156364440918,0.729379415512085,-0.035333551466464996,0.4261360764503479,0.743480920791626,-0.07473140209913254,0.42144307494163513,0.80824875831604,-0.08324446529150009,0.4223708510398865,0.8304873704910278,-0.08177142590284348,0.39406365156173706,0.7377864718437195,-0.038585368543863297,0.3887298107147217,0.7602270245552063,-0.07309216260910034,0.3935585618019104,0.8147609829902649,-0.06545610725879669,0.4011591076850891,0.8283169269561768,-0.05354837700724602,0.36162978410720825,0.7553253173828125,-0.04530307278037071,0.3613186478614807,0.779493510723114,-0.06800120323896408,0.3683030605316162,0.8211657404899597,-0.06134432554244995,0.37615054845809937,0.8324345946311951,-0.05074404180049896
lead,0.386473685503006,0.9218085408210754,-2.2753182449264386e-08,0.4255084693431854,0.9121500849723816,-0.03185604512691498,0.46103140711784363,0.8662405610084534,-0.05026352405548096,0.4410262405872345,0.8220155239105225,-0.06673399358987808,0.40574735403060913,0.7972087860107422,-0.08134850859642029,0.46313387155532837,0.7395328879356384,-0.036923620849847794,0.47339263558387756,0.6422877311706543,-0.06275629252195358,0.4765438437461853,0.5847374796867371,-0.07734258472919464,0.477544367313385,0.5339176058769226,-0.08830679953098297,0.42462438344955444,0.7269316911697388,-0.03668038547039032,0.4217901825904846,0.7444350123405457,-0.07668060064315796,0.41763871908187866,0.8091426491737366,-0.08588334172964096,0.4188484251499176,0.8315095901489258,-0.08490797877311707,0.38875213265419006,0.7350934147834778,-0.03957728296518326,0.3840515911579132,0.7630727887153625,-0.07522890716791153,0.3892941176891327,0.8183358907699585,-0.06880631297826767,0.3972165286540985,0.8299152851104736,-0.05757846310734749,0.35605594515800476,0.7528839707374573,-0.04600334167480469,0.357652485370636,0.7832639813423157,-0.06913390010595322,0.36423105001449585,0.8256166577339172,-0.06306633353233337,0.37100154161453247,0.8346102237701416,-0.052906882017850876
lead,0.38829487562179565,0.8966916799545288,1.496300114922633e-07,0.4209688901901245,0.9040554165840149,-0.0421685166656971,0.45051684975624084,0.8748024106025696,-0.0710255354642868,0.44308629631996155,0.8305788636207581,-0.09478314965963364,0.415073037147522,0.7958971261978149,-0.11603327095508575,0.4671705365180969,0.7485219240188599,-0.05402335897088051,0.4736902117729187,0.6624462008476257,-0.09099660813808441,0.4745340645313263,0.6034031510353088,-0.10929229855537415,0.471668541431427,0.5539048910140991,-0.11986040323972702,0.42863184213638306,0.7265397310256958,-0.04703328758478165,0.4266003966331482,0.7398221492767334,-0.09031596034765244,0.4209454357624054,0.8138173818588257,-0.09091243892908096,0.4200536012649536,0.8247907757759094,-0.08192912489175797,0.39060133695602417,0.7277912497520447,-0.044790998101234436,0.38345208764076233,0.7664874792098999,-0.08345233649015427,0.3859345614910126,0.8237308859825134,-0.06754200905561447,0.3898468315601349,0.8270862698554993,-0.04881591349840164,0.3536090850830078,0.7424113750457764,-0.046606723219156265,0.35171717405319214,0.7813200354576111,-0.07118247449398041,0.3578478991985321,0.8271182179450989,-0.060308851301670074,0.3631901443004608,0.8309845328330994,-0.04553932696580887
lead,0.38599860668182373,0.9220825433731079,-1.0530449401358055e-08,0.4235456883907318,0.9113532900810242,-0.03181442245841026,0.4577089250087738,0.8668498992919922,-0.051845427602529526,0.43634462356567383,0.8234603404998779,-0.0702051967382431,0.40226536989212036,0.7966694235801697,-0.08675844967365265,0.46080440282821655,0.7379672527313232,-0.0375303216278553,0.4704529047012329,0.6431562900543213,-0.06395004689693451,0.47301986813545227,0.5852126479148865,-0.07857953011989594,0.4733978807926178,0.5340879559516907,-0.08981399238109589,0.4221680760383606,0.7248656153678894,-0.03762684762477875,0.41923996806144714,0.7427408695220947,-0.07630563527345657,0.4159241318702698,0.810163140296936,-0.08340417593717575,0.41833680868148804,0.8280704021453857,-0.08154799044132233,0.3861454427242279,0.7328967452049255,-0.04106159880757332,0.3799683451652527,0.7592613101005554,-0.07576227933168411,0.3860350251197815,0.8169623017311096,-0.06667257100343704,0.395099937915802,0.826397180557251,-0.05428449064493179,0.35223880410194397,0.7502149343490601,-0.04815778136253357,0.3511662781238556,0.7787496447563171,-0.07102145254611969,0.3593848943710327,0.8229232430458069,-0.0636335238814354,0.36817431449890137,0.8307117819786072,-0.05289172753691673
lead,0.3843320310115814,0.9226072430610657,-1.474870270357087e-08,0.4208914637565613,0.9113296270370483,-0.030447835102677345,0.45344388484954834,0.8647772669792175,-0.049106415361166,0.4342830777168274,0.8209318518638611,-0.06636200100183487,0.40008655190467834,0.7951656579971313,-0.0818595290184021,0.45774826407432556,0.7384677529335022,-0.03487604856491089,0.46723705530166626,0.6409146189689636,-0.06062041595578194,0.4700716733932495,0.5824781656265259,-0.07493842393159866,0.4707379937171936,0.5312164425849915,-0.08572369813919067,0.4197086691856384,0.7277359962463379,-0.03549657762050629,0.4180055856704712,0.7375208139419556,-0.0750521644949913,0.4134144186973572,0.804781436920166,-0.08318275213241577,0.4147128760814667,0.8264673948287964,-0.08133348077535629,0.3837831914424896,0.7358300089836121,-0.039282504469156265,0.378665030002594,0.7554522156715393,-0.07513943314552307,0.3834003508090973,0.8135762214660645,-0.06708967685699463,0.3915296196937561,0.8260442614555359,-0.05451957508921623,0.34986627101898193,0.7529630661010742,-0.04638616368174553,0.35001498460769653,0.7736819982528687,-0.06963546574115753,0.35734373331069946,0.8177333474159241,-0.06207219511270523,0.3652714788913727,0.8284026384353638,-0.05078413709998131
lead,0.38539639115333557,0.8997727632522583,1.707284980057011e-07,0.4190171957015991,0.9058171510696411,-0.046189501881599426,0.4485849440097809,0.8744295835494995,-0.07635337859392166,0.43500757217407227,0.8295694589614868,-0.10040833055973053,0.40472230315208435,0.7933263778686523,-0.12223158031702042,0.4611511826515198,0.7499432563781738,-0.06069040298461914,0.4660041630268097,0.6547197103500366,-0.10019275546073914,0.46654024720191956,0.5927690267562866,-0.12133117020130157,0.4642888903617859,0.5401460528373718,-0.13406650722026825,0.4217450022697449,0.7303155660629272,-0.05237661302089691,0.416389137506485,0.7350691556930542,-0.10000860691070557,0.41112634539604187,0.8088167309761047,-0.10367219150066376,0.41234079003334045,0.8267511129379272,-0.09645882248878479,0.3836354911327362,0.730207085609436,-0.04894755780696869,0.37395739555358887,0.7583797574043274,-0.09091160446405411,0.3782331943511963,0.8186001777648926,-0.0765749141573906,0.38543370366096497,0.8289226293563843,-0.05836708843708038,0.34825730323791504,0.7422753572463989,-0.049852512776851654,0.3440684378147125,0.7757487893104553,-0.0780988484621048,0.3521876335144043,0.8236498832702637,-0.06902286410331726,0.360822856426239,0.8319995403289795,-0.05498463287949562
lead,0.37935763597488403,0.9219627380371094,-3.582809071644988e-08,0.41805946826934814,0.9133881330490112,-0.033574238419532776,0.45299819111824036,0.867332398891449,-0.053002387285232544,0.4311751425266266,0.820641279220581,-0.06976880133152008,0.39628809690475464,0.7921117544174194,-0.08401694893836975,0.456412136554718,0.7369639873504639,-0.03816938027739525,0.4647640287876129,0.6393492817878723,-0.06512872874736786,0.4668433666229248,0.5808765888214111,-0.07980024069547653,0.4670533835887909,0.5291842222213745,-0.0906796008348465,0.4178389310836792,0.7214152216911316,-0.03743306174874306,0.4185325801372528,0.7418575882911682,-0.07707900553941727,0.41369393467903137,0.8076863288879395,-0.08547856658697128,0.413372278213501,0.8249390125274658,-0.08396034687757492,0.38149258494377136,0.7271888852119446,-0.040204524993896484,0.37921643257141113,0.7608752250671387,-0.07691502571105957,0.3834681808948517,0.8173383474349976,-0.07064058631658554,0.3897694945335388,0.8228241205215454,-0.059333521872758865,0.347739040851593,0.7423030138015747,-0.04655138775706291,0.35111647844314575,0.7766909003257751,-0.07056441903114319,0.3576671779155731,0.8200063109397888,-0.06469941139221191,0.362465500831604,0.8240208029747009,-0.05460941046476364
lead,0.37764111161231995,0.9208921194076538,-6.780614736356938e-09,0.4163739085197449,0.910747766494751,-0.03456224128603935,0.44998085498809814,0.8666231036186218,-0.054906077682971954,0.4272688031196594,0.8217813372612,-0.07276414334774017,0.3937170207500458,0.7933260202407837,-0.08841659128665924,0.45362886786460876,0.7361421585083008,-0.0392705574631691,0.4628330171108246,0.6376579999923706,-0.06667028367519379,0.4655856788158417,0.5781481862068176,-0.08198035508394241,0.4661942422389984,0.5261268615722656,-0.09327796846628189,0.41520699858665466,0.723671019077301,-0.037922222167253494,0.4115622937679291,0.7367064952850342,-0.07904735952615738,0.40766075253486633,0.8039726614952087,-0.08766090124845505,0.40966853499412537,0.8265431523323059,-0.08582354336977005,0.3790734112262726,0.7304662466049194,-0.040155909955501556,0.3725864291191101,0.7552602291107178,-0.07730834186077118,0.3777288794517517,0.8128181099891663,-0.07032714039087296,0.3863142132759094,0.824192464351654,-0.058167215436697006,0.34531110525131226,0.7463539838790894,-0.04608430340886116,0.3443392515182495,0.7727169990539551,-0.07054143399000168,0.3522033095359802,0.8164559602737427,-0.06460700184106827,0.3606022000312805,0.8250883221626282,-0.05420732498168945
lead,0.38428688049316406,0.8994615077972412,1.7147563369235286e-07,0.41620367765426636,0.9023273587226868,-0.043244846165180206,0.44293415546417236,0.8703906536102295,-0.07249279320240021,0.4297860264778137,0.8295679688453674,-0.09611727297306061,0.4019111692905426,0.7966529726982117,-0.11728760600090027,0.45792609453201294,0.7428267598152161,-0.055941954255104065,0.46357059478759766,0.6572971343994141,-0.0960797518491745,0.46407389640808105,0.5978885889053345,-0.11774443835020065,0.46308594942092896,0.5496482849121094,-0.13030441105365753,0.41694504022598267,0.7231833338737488,-0.04849820211529732,0.40883857011795044,0.7400050759315491,-0.09331447631120682,0.40523257851600647,0.815342128276825,-0.09423653781414032,0.40940988063812256,0.8270378112792969,-0.08531970530748367,0.37769806385040283,0.7258878350257874,-0.04636084660887718,0.36733174324035645,0.7619317770004272,-0.08651010692119598,0.37210938334465027,0.8181412220001221,-0.07112590223550797,0.3795267641544342,0.8199641704559326,-0.05243724584579468,0.34138166904449463,0.7426692247390747,-0.04834367707371712,0.33752164244651794,0.7818984389305115,-0.0736095979809761,0.34580811858177185,0.8246599435806274,-0.06258751451969147,0.35435956716537476,0.8252395987510681,-0.047527413815259933
lead,0.37917056679725647,0.921180009841919,-1.7077514513630376e-08,0.41627073287963867,0.9103022217750549,-0.03419383987784386,0.44882556796073914,0.8655079007148743,-0.054338835179805756,0.42577722668647766,0.8204140067100525,-0.07201359421014786,0.3917011618614197,0.7918878197669983,-0.08736064285039902,0.45181936025619507,0.735059916973114,-0.03927940875291824,0.46157485246658325,0.6367858648300171,-0.06637481600046158,0.4640378952026367,0.5774189233779907,-0.08129316568374634,0.46459031105041504,0.5253148078918457,-0.09232288599014282,0.4135017395019531,0.7221542596817017,-0.03791765496134758,0.4103158414363861,0.7393593192100525,-0.07790697365999222,0.4061361849308014,0.8065756559371948,-0.08590743690729141,0.40814897418022156,0.8268659114837646,-0.08399692177772522,0.37760627269744873,0.7285803556442261,-0.040102340281009674,0.3712199926376343,0.7556525468826294,-0.07646556943655014,0.3766273558139801,0.8134286999702454,-0.06912825256586075,0.38538941740989685,0.8236875534057617,-0.05703580006957054,0.3443056643009186,0.7442544102668762,-0.04599844291806221,0.34392762184143066,0.7720443606376648,-0.0700976699590683,0.3519335389137268,0.816323459148407,-0.06383884698152542,0.3599226772785187,0.8250991106033325,-0.05326375737786293
lead,0.37629806995391846,0.9182332754135132,-2.9315508243143995e-08,0.4139767587184906,0.908578634262085,-0.0341402105987072,0.4487484395503998,0.8645620346069336,-0.05449341610074043,0.42839956283569336,0.818932056427002,-0.07251555472612381,0.39358648657798767,0.788821816444397,-0.0882694348692894,0.45335036516189575,0.735615074634552,-0.038959138095378876,0.461271196603775,0.6358622908592224,-0.06650284677743912,0.4631667733192444,0.5766658186912537,-0.08173894137144089,0.4638683795928955,0.5245301723480225,-0.09282314032316208,0.4153127372264862,0.7226504683494568,-0.03796908259391785,0.4139781594276428,0.7374426126480103,-0.07865343987941742,0.4080033600330353,0.8044952154159546,-0.08737891912460327,0.40880417823791504,0.8245471119880676,-0.08580666780471802,0.37882199883461,0.7284349203109741,-0.04047955572605133,0.3730284571647644,0.7530231475830078,-0.07836070656776428,0.3767474889755249,0.8116724491119385,-0.07152145355939865,0.38441455364227295,0.8224958777427673,-0.05928495526313782,0.34410879015922546,0.7423630952835083,-0.04649146646261215,0.3439907133579254,0.7659503817558289,-0.07149326801300049,0.3515772223472595,0.8108593225479126,-0.064842589199543,0.35915514826774597,0.8210530877113342,-0.053726281970739365
lead,0.38611099123954773,0.8964130878448486,1.9720587829397118e-07,0.4162689745426178,0.9002193212509155,-0.045691099017858505,0.4421653151512146,0.8681859970092773,-0.07588110864162445,0.4328486919403076,0.8250658512115479,-0.10044534504413605,0.40473225712776184,0.7901111245155334,-0.12227382510900497,0.4553288221359253,0.7405776381492615,-0.056957632303237915,0.46293938159942627,0.6516004800796509,-0.09671057760715485,0.4643377959728241,0.5914176106452942,-0.11713062226772308,0.4630138874053955,0.5422170758247375,-0.1285095363855362,0.4172000586986542,0.7227310538291931,-0.048506781458854675,0.408432275056839,0.7335554361343384,-0.0934629887342453,0.4038434624671936,0.8090445399284363,-0.0934530645608902,0.4074678421020508,0.8198947906494141,-0.0835382342338562,0.3793446123600006,0.7244748473167419,-0.045644305646419525,0.36779940128326416,0.7544790506362915,-0.08629948645830154,0.3722535967826843,0.8127299547195435,-0.06998071819543839,0.38079291582107544,0.8161593675613403,-0.05034034699201584,0.3435834050178528,0.7388404011726379,-0.04711930453777313,0.33716660737991333,0.7713650465011597,-0.07252977788448334,0.3455406725406647,0.8166049122810364,-0.060675375163555145,0.3555469214916229,0.8212721347808838,-0.04485985264182091
lead,0.3758533298969269,0.9170464873313904,-1.104549607333638e-08,0.4141722321510315,0.9075195789337158,-0.03375620022416115,0.4485137164592743,0.8623639345169067,-0.05371851474046707,0.42711418867111206,0.8167040348052979,-0.07134542614221573,0.3912338316440582,0.789218008518219,-0.08679214864969254,0.4522426128387451,0.7346684336662292,-0.03913237154483795,0.4608364999294281,0.6338649988174438,-0.06733096390962601,0.46334537863731384,0.5742161273956299,-0.08279089629650116,0.4638384282588959,0.5217681527137756,-0.09405627846717834,0.41368231177330017,0.7221521735191345,-0.03834138438105583,0.4130841791629791,0.7315880060195923,-0.08024799823760986,0.40870651602745056,0.8010940551757812,-0.08858589828014374,0.4092443585395813,0.8242661356925964,-0.08637149631977081,0.37738680839538574,0.7276789546012878,-0.04112250730395317,0.37310850620269775,0.7495021224021912,-0.0789533406496048,0.37771075963974,0.809459924697876,-0.07121434062719345,0.38494277000427246,0.8214806914329529,-0.058403365314006805,0.343174010515213,0.7424643039703369,-0.04749363660812378,0.34404507279396057,0.7681330442428589,-0.07174430787563324,0.35162243247032166,0.8131502270698547,-0.0649622455239296,0.35872793197631836,0.8218485713005066,-0.05410133674740791
lead,0.3773222267627716,0.9162998795509338,-3.87220877584582e-09,0.41470658779144287,0.9054341316223145,-0.03222440183162689,0.4479527175426483,0.8610563278198242,-0.053179290145635605,0.42730000615119934,0.815972089767456,-0.07251798361539841,0.3921056389808655,0.7874965071678162,-0.0898079052567482,0.45344439148902893,0.7320972084999084,-0.03853799030184746,0.4619978070259094,0.6326350569725037,-0.06657692044973373,0.46453791856765747,0.5720134973526001,-0.08200683444738388,0.4646698236465454,0.5194370746612549,-0.09352465718984604,0.4144968092441559,0.718127965927124,-0.03875342756509781,0.41394034028053284,0.7337241172790527,-0.0801156759262085,0.40930014848709106,0.8017405271530151,-0.08801775425672531,0.4097903072834015,0.8209639191627502,-0.08598092198371887,0.3779987692832947,0.7238510251045227,-0.04238564893603325,0.3739672005176544,0.751150906085968,-0.07920172810554504,0.37895724177360535,0.8085471391677856,-0.07093315571546555,0.38621050119400024,0.817772388458252,-0.05851439759135246,0.34366804361343384,0.7386122345924377,-0.04962439090013504,0.3450884521007538,0.7694414854049683,-0.07365933805704117,0.35282525420188904,0.8134068250656128,-0.0670737624168396,0.36050036549568176,0.8199527859687805,-0.05661601200699806
lead,0.38824835419654846,0.8948614597320557,1.819113180090426e-07,0.41939592361450195,0.8985482454299927,-0.04673859849572182,0.4460703730583191,0.8647322058677673,-0.07731630653142929,0.43367794156074524,0.8219488859176636,-0.10201624780893326,0.40487024188041687,0.7861937284469604,-0.12362733483314514,0.4585746228694916,0.7357189655303955,-0.055839404463768005,0.4644901156425476,0.6481893062591553,-0.09721080213785172,0.46603143215179443,0.5900316834449768,-0.11757835000753403,0.4673483371734619,0.5430474877357483,-0.12793470919132233,0.4174993634223938,0.7214710712432861,-0.04707876220345497,0.4061630368232727,0.7332330346107483,-0.09306129813194275,0.402830570936203,0.8140255212783813,-0.09173194319009781,0.4088587462902069,0.8225642442703247,-0.08009544759988785,0.37932389974594116,0.7260270118713379,-0.04452165216207504,0.36622270941734314,0.7511841058731079,-0.08769110590219498,0.37204262614250183,0.8128132820129395,-0.07000672817230225,0.3821521997451782,0.8149762153625488,-0.0482029914855957,0.34417980909347534,0.7434735894203186,-0.046228233724832535,0.3378428518772125,0.7687045335769653,-0.07294770330190659,0.34616416692733765,0.8142780661582947,-0.059624575078487396,0.3561975657939911,0.8195363879203796,-0.04194936528801918
lead,0.3795914947986603,0.9143951535224915,-1.1680124423207872e-08,0.41550979018211365,0.90377277135849,-0.03429187834262848,0.4485713243484497,0.8596071004867554,-0.055107105523347855,0.4278217852115631,0.8145230412483215,-0.07357890158891678,0.393414705991745,0.7844823598861694,-0.08982645720243454,0.4542875587940216,0.7304974794387817,-0.04010669142007828,0.4628749489784241,0.6305537223815918,-0.06818921864032745,0.46503758430480957,0.5698035359382629,-0.08361081779003143,0.4654136300086975,0.5173271894454956,-0.09482287615537643,0.4157027006149292,0.7169617414474487,-0.039153579622507095,0.41393405199050903,0.7289331555366516,-0.08077909797430038,0.40796351432800293,0.796903133392334,-0.08904733508825302,0.40861403942108154,0.8198127150535583,-0.08702412247657776,0.3792076110839844,0.722287654876709,-0.041770774871110916,0.37321725487709045,0.7458178400993347,-0.07973219454288483,0.37694478034973145,0.8049525022506714,-0.072208933532238,0.3844873309135437,0.8177390098571777,-0.05968187376856804,0.34484437108039856,0.736577033996582,-0.04798736795783043,0.344388484954834,0.7603883743286133,-0.07271916419267654,0.35155948996543884,0.8057513236999512,-0.06605871766805649,0.3591410219669342,0.8160902261734009,-0.055218759924173355
lead,0.38213643431663513,0.9124923944473267,-1.7014189168662597e-08,0.41636762022972107,0.8996593952178955,-0.03234454244375229,0.4461289048194885,0.8537905812263489,-0.052620306611061096,0.4277013838291168,0.8088375926017761,-0.07104754447937012,0.39528894424438477,0.7803863883018494,-0.08724629133939743,0.4557521343231201,0.7273811101913452,-0.038051024079322815,0.46440720558166504,0.6279293298721313,-0.06584276258945465,0.46706336736679077,0.5673489570617676,-0.08153294026851654,0.4676065146923065,0.5151314735412598,-0.0930265337228775,0.41712307929992676,0.7136452198028564,-0.03792976215481758,0.4149874150753021,0.7264584898948669,-0.07860399782657623,0.40931645035743713,0.7946914434432983,-0.0861988216638565,0.4101361930370331,0.8169873952865601,-0.08394265174865723,0.380540132522583,0.7191247940063477,-0.041296567767858505,0.3750349283218384,0.743546724319458,-0.07793989032506943,0.3791694641113281,0.8022838234901428,-0.06940367072820663,0.38675805926322937,0.8151987195014954,-0.0565359853208065,0.3465607464313507,0.7339475154876709,-0.048271436244249344,0.34670382738113403,0.7583377957344055,-0.07204753160476685,0.3532189726829529,0.803478479385376,-0.06464758515357971,0.3601265251636505,0.8143370747566223,-0.05341940373182297
lead,0.3904593586921692,0.8909523487091064,1.516280718760754e-07,0.42298653721809387,0.8912074565887451,-0.03955880180001259,0.45105886459350586,0.8552456498146057,-0.06658609211444855,0.43654996156692505,0.8134593367576599,-0.08865649998188019,0.40386831760406494,0.7841173410415649,-0.10884324461221695,0.4613635540008545,0.7283979654312134,-0.05297102779150009,0.46897614002227783,0.64142906665802,-0.09064339846372604,0.47068989276885986,0.5812767744064331,-0.11204443126916885,0.46959158778190613,0.5315011739730835,-0.12502887845039368,0.4178563356399536,0.7102590203285217,-0.04698232561349869,0.40871527791023254,0.7319916486740112,-0.09022663533687592,0.4065447151660919,0.8058217763900757,-0.09240314364433289,0.4102320671081543,0.8195735216140747,-0.08523661643266678,0.377596378326416,0.715842604637146,-0.045483317226171494,0.36850717663764954,0.7542955279350281,-0.08410457521677017,0.3761237561702728,0.8094897866249084,-0.06933960318565369,0.38425901532173157,0.8140913844108582,-0.05168342590332031,0.3418983519077301,0.7353134155273438,-0.04774271696805954,0.3395129144191742,0.771511435508728,-0.07210946828126907,0.3495144844055176,0.8160741329193115,-0.06042737886309624,0.3581875264644623,0.8207281231880188,-0.04516065865755081
lead,0.38451191782951355,0.91416335105896,-2.823741418467307e-08,0.4205337166786194,0.9000312089920044,-0.03232840448617935,0.44961467385292053,0.8520916700363159,-0.05239930748939514,0.43250954151153564,0.8057723045349121,-0.07047014683485031,0.39810365438461304,0.7748960256576538,-0.08667798340320587,0.45814248919487,0.726373553276062,-0.03928099945187569,0.4661572575569153,0.6278780102729797,-0.06788212060928345,0.46941137313842773,0.5663515329360962,-0.08514617383480072,0.46949777007102966,0.5129979252815247,-0.097873754799366,0.419992595911026,0.7122543454170227,-0.03940211981534958,0.41928550601005554,0.7185723185539246,-0.08194691687822342,0.41350725293159485,0.7888045310974121,-0.09111116081476212,0.4119187891483307,0.8186360001564026,-0.08946344256401062,0.38302984833717346,0.718199610710144,-0.04283488914370537,0.3785899877548218,0.7378461360931396,-0.0804649367928505,0.3825283646583557,0.7970728874206543,-0.07282961905002594,0.38845863938331604,0.8149552941322327,-0.06016145274043083,0.34840166568756104,0.7342772483825684,-0.04975806921720505,0.34897905588150024,0.7537822723388672,-0.07434041053056717,0.356722354888916,0.7979663610458374,-0.06763824075460434,0.3642161190509796,0.8114657402038574,-0.05683787539601326
lead,0.386735200881958,0.9113739132881165,-2.3895598388889994e-08,0.42216071486473083,0.8966955542564392,-0.031673040241003036,0.45179441571235657,0.8474943041801453,-0.0506899431347847,0.43194904923439026,0.8006779551506042,-0.06750982254743576,0.3977613151073456,0.7739458084106445,-0.08217719197273254,0.4602476954460144,0.7214078903198242,-0.038537658751010895,0.46869754791259766,0.6232563853263855,-0.0667061135172844,0.47161561250686646,0.5628509521484375,-0.0835999846458435,0.4720863699913025,0.5094906091690063,-0.09628509730100632,0.4205450713634491,0.7063901424407959,-0.039151690900325775,0.4213560223579407,0.7170633673667908,-0.0800095722079277,0.41658902168273926,0.7859110832214355,-0.08872676640748978,0.4158034324645996,0.8115208745002747,-0.08758855611085892,0.38330405950546265,0.7128316164016724,-0.043117932975292206,0.3806284964084625,0.7385186553001404,-0.07985491305589676,0.3849605619907379,0.797235369682312,-0.07248039543628693,0.3912613093852997,0.8111940622329712,-0.060622818768024445,0.349159836769104,0.7302200198173523,-0.05059107393026352,0.35123106837272644,0.7536107301712036,-0.07441647350788116,0.35861334204673767,0.7977274060249329,-0.06765760481357574,0.36511215567588806,0.8091766238212585,-0.05725651606917381
lead,0.38879847526550293,0.8814324140548706,1.4936796333131497e-07,0.42361846566200256,0.8866952061653137,-0.04131758213043213,0.4557501971721649,0.8542479276657104,-0.06824232637882233,0.4447098672389984,0.8085088133811951,-0.08989513665437698,0.41295626759529114,0.7751682996749878,-0.10958053171634674,0.466707706451416,0.7267422676086426,-0.051245324313640594,0.47352638840675354,0.6384344696998596,-0.08563888072967529,0.4736539423465729,0.5777783989906311,-0.10396678000688553,0.4707626402378082,0.5273604989051819,-0.1152510866522789,0.4280930161476135,0.704945981502533,-0.04420270398259163,0.4244050681591034,0.716490626335144,-0.08774243295192719,0.4181087911128998,0.7872764468193054,-0.09216292202472687,0.4170098304748535,0.8058645129203796,-0.08572979271411896,0.3901675045490265,0.705601692199707,-0.041362516582012177,0.38076043128967285,0.7430157661437988,-0.08005807548761368,0.38354620337486267,0.7997584342956543,-0.06813322007656097,0.3881199359893799,0.8085601329803467,-0.051781244575977325,0.3532644808292389,0.7195262312889099,-0.042354196310043335,0.34943249821662903,0.7583512663841248,-0.06757492572069168,0.3567025661468506,0.8041118383407593,-0.059242136776447296,0.363294780254364,0.810131311416626,-0.046000320464372635
lead,0.3851073980331421,0.9106045365333557,-4.450915724873994e-08,0.4244832992553711,0.8954188823699951,-0.030820367857813835,0.45521941781044006,0.8455149531364441,-0.04938522353768349,0.43570369482040405,0.7980857491493225,-0.06582965701818466,0.40157240629196167,0.7697452306747437,-0.08022572845220566,0.4636927545070648,0.720428466796875,-0.037483297288417816,0.471070796251297,0.6219332814216614,-0.06525394320487976,0.4743939936161041,0.5602676868438721,-0.08196102827787399,0.47445082664489746,0.5060356259346008,-0.09452219307422638,0.4236357510089874,0.7047603726387024,-0.038420844823122025,0.42673060297966003,0.7135709524154663,-0.07889781147241592,0.42092013359069824,0.7824966311454773,-0.08761169016361237,0.41719138622283936,0.8095007538795471,-0.08629167824983597,0.3860395550727844,0.7113354802131653,-0.04258187487721443,0.3854498863220215,0.7353932857513428,-0.07895424216985703,0.3890095353126526,0.7940014004707336,-0.07171738892793655,0.3929569125175476,0.8076758980751038,-0.05991820991039276,0.35129469633102417,0.7285647988319397,-0.05009962618350983,0.35504579544067383,0.7523366212844849,-0.07340585440397263,0.3623145818710327,0.7963840961456299,-0.06646523624658585,0.36758434772491455,0.806307315826416,-0.05600568652153015
lead,0.38896283507347107,0.9085375070571899,-3.663504344331159e-08,0.4278446137905121,0.8919681310653687,-0.029526973143219948,0.45544517040252686,0.8407802581787109,-0.048050086945295334,0.4364641010761261,0.7925965189933777,-0.06504178792238235,0.40246665477752686,0.7679190635681152,-0.08021579682826996,0.4646557867527008,0.7178542613983154,-0.03663674369454384,0.47272440791130066,0.6174347996711731,-0.06372717022895813,0.476145476102829,0.5564239025115967,-0.08000680804252625,0.47668278217315674,0.5033785700798035,-0.09212681651115417,0.42537105083465576,0.7053415775299072,-0.03802673891186714,0.42734310030937195,0.7103311419487,-0.07898849248886108,0.4217205345630646,0.7780662775039673,-0.08808832615613937,0.41876348853111267,0.8059036731719971,-0.08682431280612946,0.3882213532924652,0.712797224521637,-0.04234037175774574,0.3873356282711029,0.7308648824691772,-0.07906443625688553,0.3909803628921509,0.789819061756134,-0.07181201130151749,0.39531004428863525,0.8076531291007996,-0.05947846919298172,0.3537720739841461,0.7307738661766052,-0.049835607409477234,0.35711097717285156,0.7453301548957825,-0.07331331819295883,0.36464932560920715,0.7892566919326782,-0.06590879708528519,0.37050387263298035,0.8046801090240479,-0.054773781448602676
lead,0.3956128656864166,0.8773375153541565,1.4682872517823853e-07,0.42879796028137207,0.8819015026092529,-0.03917815536260605,0.4574502110481262,0.8479838371276855,-0.06521156430244446,0.4476163387298584,0.8056995272636414,-0.08662543445825577,0.41996586322784424,0.7719208598136902,-0.10588271915912628,0.4704797863960266,0.717332661151886,-0.04890816658735275,0.47686558961868286,0.6292635202407837,-0.08582602441310883,0.47846516966819763,0.569961428642273,-0.10578897595405579,0.4780755639076233,0.5222684741020203,-0.11717168986797333,0.42936888337135315,0.6975600719451904,-0.042415741831064224,0.4228069484233856,0.7162065505981445,-0.08444064110517502,0.41778871417045593,0.7903707027435303,-0.08599362522363663,0.41946926712989807,0.8015111684799194,-0.07782358676195145,0.3904884159564972,0.7009449005126953,-0.04075659438967705,0.38146069645881653,0.7396509051322937,-0.07919519394636154,0.38570356369018555,0.7955883145332336,-0.06488759815692902,0.3925364315509796,0.7977967858314514,-0.0467909500002861,0.35450008511543274,0.7179486155509949,-0.042802631855010986,0.351235955953598,0.7530991435050964,-0.06689489632844925,0.3586184084415436,0.7980533242225647,-0.05530226230621338,0.3662795424461365,0.8024207949638367,-0.0395427830517292
lead,0.3897421658039093,0.908291757106781,-3.5630609573900074e-08,0.42989903688430786,0.8909423351287842,-0.02824607491493225,0.45819687843322754,0.8392409682273865,-0.04638553783297539,0.4403972327709198,0.7919752597808838,-0.06364437192678452,0.40442565083503723,0.7691078186035156,-0.0795973688364029,0.466296523809433,0.716579794883728,-0.034283533692359924,0.4753442406654358,0.6168156862258911,-0.059910014271736145,0.47923165559768677,0.5560505390167236,-0.075630322098732,0.47963887453079224,0.5034219622612,-0.0875418558716774,0.42775818705558777,0.7058361768722534,-0.035961832851171494,0.42928004264831543,0.7063267230987549,-0.07683485001325607,0.4238159954547882,0.7732189297676086,-0.08681502193212509,0.4208886921405792,0.8038550615310669,-0.0859488770365715,0.39121371507644653,0.7139836549758911,-0.04024631530046463,0.38843315839767456,0.7251076698303223,-0.07641292363405228,0.3926815092563629,0.783723771572113,-0.06948674470186234,0.3976236581802368,0.8055315017700195,-0.057219721376895905,0.35706937313079834,0.7314321994781494,-0.04753376916050911,0.35836681723594666,0.7400966286659241,-0.070669986307621,0.36610832810401917,0.7830854654312134,-0.06328435242176056,0.3731798827648163,0.800689697265625,-0.05207256227731705
lead,0.3918004631996155,0.9036914110183716,-3.042925200702484e-08,0.4327559769153595,0.8864381313323975,-0.028309335932135582,0.4621071219444275,0.8349019289016724,-0.04637809097766876,0.44473838806152344,0.787054181098938,-0.06334208697080612,0.4082430899143219,0.7638408541679382,-0.07872212678194046,0.4686504006385803,0.710778534412384,-0.03430677577853203,0.47693246603012085,0.6123135685920715,-0.05989180505275726,0.4802039563655853,0.5527298450469971,-0.07507481426000595,0.4803331196308136,0.5006684064865112,-0.08667873591184616,0.42923998832702637,0.6998414397239685,-0.03639252856373787,0.4339715838432312,0.7029697299003601,-0.07629898935556412,0.42916741967201233,0.7696372866630554,-0.0857500284910202,0.42500394582748413,0.7962944507598877,-0.08484897017478943,0.39229488372802734,0.70899498462677,-0.041200339794158936,0.39362114667892456,0.7253602147102356,-0.07730872929096222,0.39813926815986633,0.7835730314254761,-0.07102879136800766,0.4010164141654968,0.8002423048019409,-0.059469737112522125,0.35792872309684753,0.7279673218727112,-0.04898599535226822,0.3632993698120117,0.7437825202941895,-0.07186990976333618,0.3713608384132385,0.7858237624168396,-0.06509052962064743,0.3760705888271332,0.7986541986465454,-0.054683618247509
lead,0.4069051444530487,0.8756332397460938,1.692729938440607e-07,0.4355606734752655,0.8764505386352539,-0.042077794671058655,0.46159160137176514,0.8406204581260681,-0.07117721438407898,0.4533260464668274,0.7958576083183289,-0.09540805965662003,0.42322349548339844,0.7633315920829773,-0.11693680286407471,0.47505825757980347,0.7156551480293274,-0.05430074408650398,0.4817577600479126,0.624925971031189,-0.09318161010742188,0.48301219940185547,0.5651648640632629,-0.11247090995311737,0.4804570972919464,0.5147033929824829,-0.12335608899593353,0.43518421053886414,0.699002742767334,-0.04752024635672569,0.43178120255470276,0.7060524821281433,-0.09188004583120346,0.42820388078689575,0.7829414010047913,-0.09139940142631531,0.4285532534122467,0.7915974259376526,-0.08162074536085129,0.39635008573532104,0.7015402317047119,-0.04594431445002556,0.3892787992954254,0.7297663688659668,-0.08601128309965134,0.39539098739624023,0.7892876863479614,-0.06933536380529404,0.400558739900589,0.7909279465675354,-0.05004378408193588,0.3598736524581909,0.7158465385437012,-0.04839342460036278,0.358537495136261,0.7474235892295837,-0.07329467684030533,0.3676418662071228,0.7927416563034058,-0.061697185039520264,0.37411460280418396,0.7945082187652588,-0.046678103506565094
lead,0.39914223551750183,0.9029364585876465,-3.686053062779138e-08,0.4371245503425598,0.8841897249221802,-0.029123207554221153,0.4632759690284729,0.8329578042030334,-0.047764893621206284,0.44539356231689453,0.7853615880012512,-0.06498807668685913,0.4107860028743744,0.7606731653213501,-0.08026712387800217,0.4710880517959595,0.7088278532028198,-0.03582201898097992,0.4792967736721039,0.6122025847434998,-0.06179366260766983,0.48223215341567993,0.5527624487876892,-0.07692631334066391,0.482119619846344,0.500484824180603,-0.08855440467596054,0.43203258514404297,0.696648120880127,-0.03751729801297188,0.43466222286224365,0.702462375164032,-0.07594256848096848,0.42974287271499634,0.7697388529777527,-0.08357778191566467,0.4269702434539795,0.7944016456604004,-0.08212504535913467,0.39507243037223816,0.7050943970680237,-0.04222719743847847,0.3947053849697113,0.7238588929176331,-0.0773877501487732,0.3987148106098175,0.7821661829948425,-0.06980941444635391,0.4023696184158325,0.7966821789741516,-0.05807146802544594,0.3607747554779053,0.723680317401886,-0.0501457117497921,0.36400720477104187,0.7407063841819763,-0.07272753119468689,0.3717406392097473,0.7833589315414429,-0.06562104821205139,0.37682804465293884,0.7951928377151489,-0.05534417927265167
lead,0.4034474194049835,0.901251494884491,-2.815128574695791e-08,0.4396821856498718,0.8828147649765015,-0.028660602867603302,0.46443259716033936,0.8307689428329468,-0.047741636633872986,0.4478803873062134,0.7850198149681091,-0.06597314774990082,0.4108291566371918,0.7636119723320007,-0.08310317993164062,0.4735524654388428,0.709115207195282,-0.03681805729866028,0.4816470742225647,0.6111336946487427,-0.06293490529060364,0.4849865138530731,0.5506873726844788,-0.07948717474937439,0.48468491435050964,0.4978896379470825,-0.0921754464507103,0.4344446659088135,0.6994621157646179,-0.038603901863098145,0.4345731735229492,0.7029340863227844,-0.0796385109424591,0.430329829454422,0.7698256969451904,-0.08997584879398346,0.42820295691490173,0.8001746535301208,-0.08985702693462372,0.39758333563804626,0.7090489268302917,-0.04285378009080887,0.39478033781051636,0.7213011980056763,-0.07916346192359924,0.40024200081825256,0.7788539528846741,-0.07227080315351486,0.40525296330451965,0.8017500042915344,-0.06036924198269844,0.36358463764190674,0.7279397249221802,-0.0501854233443737,0.3652854859828949,0.7360732555389404,-0.07444407790899277,0.37392377853393555,0.779066801071167,-0.06744572520256042,0.38113534450531006,0.7988726496696472,-0.05648508295416832
lead,0.40323641896247864,0.8638839721679688,1.9266514073024155e-07,0.435467928647995,0.8748950958251953,-0.04647960886359215,0.4660743474960327,0.8432406187057495,-0.07594093680381775,0.45681071281433105,0.7973596453666687,-0.09957759082317352,0.427619606256485,0.7595140933990479,-0.12090884894132614,0.4772793650627136,0.7204063534736633,-0.060764726251363754,0.48479798436164856,0.6246702075004578,-0.09994557499885559,0.4874061048030853,0.5610061883926392,-0.11913313716650009,0.4859052896499634,0.5063034296035767,-0.13043151795864105,0.43893328309059143,0.7013850808143616,-0.052638523280620575,0.43218040466308594,0.7006707191467285,-0.09663822501897812,0.4259710907936096,0.7795712947845459,-0.09455884248018265,0.42901572585105896,0.7943980693817139,-0.08343537151813507,0.4014662504196167,0.7012910842895508,-0.050157781690359116,0.3936600089073181,0.7240353226661682,-0.08984555304050446,0.39690083265304565,0.7858487367630005,-0.0712788924574852,0.4043958783149719,0.791447103023529,-0.05052739381790161,0.36635029315948486,0.713153600692749,-0.05234105885028839,0.36548319458961487,0.742016613483429,-0.0788147822022438,0.37317556142807007,0.7884929180145264,-0.06755386292934418,0.3804394602775574,0.7934136986732483,-0.05258123576641083
lead,0.40731555223464966,0.9012869596481323,-1.9054597899526016e-08,0.4428693354129791,0.8830693960189819,-0.02949071116745472,0.46887603402137756,0.830480694770813,-0.04886436462402344,0.4510780870914459,0.7839268445968628,-0.06691425293684006,0.4142974019050598,0.7608880996704102,-0.08347773551940918,0.47656387090682983,0.7095810770988464,-0.038501035422086716,0.48434165120124817,0.6108505725860596,-0.06623999774456024,0.487505167722702,0.5502302646636963,-0.08318040519952774,0.48694270849227905,0.49661675095558167,-0.09609890729188919,0.43657514452934265,0.698799729347229,-0.04014221206307411,0.43911516666412354,0.701920747756958,-0.0808936208486557,0.435249388217926,0.7710199952125549,-0.08943536132574081,0.43273934721946716,0.7973328828811646,-0.08848477154970169,0.39916419982910156,0.7076287865638733,-0.044645003974437714,0.39855241775512695,0.7220293879508972,-0.08100555092096329,0.40377742052078247,0.7813137173652649,-0.0723201259970665,0.40792766213417053,0.7986619472503662,-0.059787776321172714,0.3646906316280365,0.7263689041137695,-0.05236870422959328,0.36931657791137695,0.7386893033981323,-0.07599780708551407,0.3773098886013031,0.7828947305679321,-0.06790396571159363,0.3823908269405365,0.7977068424224854,-0.0567394457757473
lead,0.40727683901786804,0.9016785621643066,-3.280568350305657e-08,0.4429742097854614,0.8853372931480408,-0.030441930517554283,0.4699815511703491,0.8345040082931519,-0.04947314038872719,0.45611509680747986,0.7862887978553772,-0.067026287317276,0.42163315415382385,0.7582930326461792,-0.08311977237462997,0.4786902666091919,0.7113201022148132,-0.0368511825799942,0.48647576570510864,0.6119137406349182,-0.0637737512588501,0.4900112450122833,0.5507749319076538,-0.08033782243728638,0.4894135594367981,0.4974193572998047,-0.09267722070217133,0.4399244785308838,0.7010316252708435,-0.037281181663274765,0.4402150511741638,0.6991586685180664,-0.07822651416063309,0.43568623065948486,0.768696129322052,-0.08715656399726868,0.4337084889411926,0.7997742295265198,-0.08574607223272324,0.4028257131576538,0.7088446617126465,-0.04065491631627083,0.3998290002346039,0.7176806926727295,-0.07789574563503265,0.40446433424949646,0.7786474823951721,-0.06962587684392929,0.40926507115364075,0.8014010190963745,-0.0564039945602417,0.36812782287597656,0.7256535887718201,-0.04715796187520027,0.37013134360313416,0.7304261326789856,-0.07192724943161011,0.37796565890312195,0.7757968306541443,-0.06400077044963837,0.38421887159347534,0.7952203154563904,-0.05216912925243378
lead,0.41283077001571655,0.8697209358215332,1.9149842955812346e-07,0.4414866268634796,0.8760986328125,-0.04378806799650192,0.46962326765060425,0.8426768779754639,-0.07304660975933075,0.4639519453048706,0.7974095344543457,-0.09721718728542328,0.43829527497291565,0.7589040994644165,-0.11935706436634064,0.4836246073246002,0.7197332382202148,-0.05732244253158569,0.4913448095321655,0.6230683326721191,-0.09660391509532928,0.4930706024169922,0.5594205856323242,-0.11667375266551971,0.4920869767665863,0.5076216459274292,-0.1283714920282364,0.4464966952800751,0.6995719075202942,-0.05012117698788643,0.4438987076282501,0.7005329132080078,-0.09588765352964401,0.4381870627403259,0.7783636450767517,-0.09643223136663437,0.4400355815887451,0.7938461899757385,-0.08694329857826233,0.4089355766773224,0.6995515823364258,-0.047999054193496704,0.40037575364112854,0.7263700366020203,-0.08794206380844116,0.40369167923927307,0.7875783443450928,-0.06995965540409088,0.4106872081756592,0.7950215935707092,-0.049727436155080795,0.3724258542060852,0.7121905088424683,-0.050297897309064865,0.3696586787700653,0.7441758513450623,-0.07647249102592468,0.37767916917800903,0.7920193076133728,-0.06468039751052856,0.3860783874988556,0.7982068061828613,-0.04906497150659561
lead,0.41386938095092773,0.9037183523178101,-7.987926764485564e-09,0.4471346139907837,0.8849660754203796,-0.029282648116350174,0.47337624430656433,0.8340697288513184,-0.04940042644739151,0.45730042457580566,0.7873334288597107,-0.06844452768564224,0.4233745336532593,0.757641613483429,-0.0858677551150322,0.4817200005054474,0.7115243077278137,-0.037964534014463425,0.48997652530670166,0.6139323711395264,-0.06624436378479004,0.49382925033569336,0.5529098510742188,-0.08312281221151352,0.49336668848991394,0.4994128942489624,-0.09581159800291061,0.4420277774333954,0.698536217212677,-0.039430372416973114,0.44152888655662537,0.7041148543357849,-0.08018234372138977,0.43802228569984436,0.7743350267410278,-0.08758022636175156,0.43734216690063477,0.7997108697891235,-0.08560537546873093,0.40470969676971436,0.7063191533088684,-0.0439012385904789,0.4019642472267151,0.7251506447792053,-0.07942245900630951,0.4071916937828064,0.7841095924377441,-0.0692441537976265,0.41259604692459106,0.7990212440490723,-0.05602158606052399,0.37038394808769226,0.7239692807197571,-0.051753368228673935,0.3730592727661133,0.7439538240432739,-0.07437920570373535,0.380441814661026,0.7886062860488892,-0.06584727019071579,0.38664481043815613,0.8000554442405701,-0.05449068918824196
lead,0.4082646369934082,0.908108115196228,-4.282097521013384e-08,0.4484427273273468,0.8914528489112854,-0.029374506324529648,0.47746336460113525,0.838974118232727,-0.047261595726013184,0.462728887796402,0.7896202206611633,-0.06393981724977493,0.42905694246292114,0.7584400773048401,-0.07916224747896194,0.4858130216598511,0.7184829115867615,-0.03398596867918968,0.4936754107475281,0.6173215508460999,-0.060405805706977844,0.4977782964706421,0.5552065372467041,-0.07642630487680435,0.4974686801433563,0.5017125010490417,-0.0881798192858696,0.44727298617362976,0.7077969908714294,-0.03439389169216156,0.449834942817688,0.701748251914978,-0.07531905919313431,0.4442046284675598,0.7700014114379883,-0.08441434800624847,0.439953088760376,0.801423966884613,-0.0826050341129303,0.4104785621166229,0.7146426439285278,-0.037787552922964096,0.41014498472213745,0.7211998701095581,-0.07425433397293091,0.4135095775127411,0.7806435823440552,-0.06626852601766586,0.4160398244857788,0.8020250201225281,-0.053154684603214264,0.37580692768096924,0.7302057147026062,-0.04426110163331032,0.3807830512523651,0.737529456615448,-0.0676104873418808,0.38695794343948364,0.7811293601989746,-0.059805627912282944,0.3905904293060303,0.7975751161575317,-0.048200823366642
lead,0.42418399453163147,0.8814036846160889,1.629271935144061e-07,0.45405659079551697,0.882908046245575,-0.04354849085211754,0.4808717966079712,0.846137285232544,-0.07217438519001007,0.4713374972343445,0.8014217615127563,-0.09562335163354874,0.4429534375667572,0.76760333776474,-0.11702413856983185,0.4927852749824524,0.7173268795013428,-0.0565851666033268,0.5005221962928772,0.6284920573234558,-0.09511817246675491,0.5018372535705566,0.5635199546813965,-0.1170446127653122,0.5000681281089783,0.5114371180534363,-0.13048149645328522,0.4509938955307007,0.6942195296287537,-0.04934494569897652,0.4516271948814392,0.7148978114128113,-0.093306764960289,0.4454067051410675,0.786699652671814,-0.09587809443473816,0.44316771626472473,0.8008660078048706,-0.08896706998348236,0.41116735339164734,0.6964941024780273,-0.04700266569852829,0.40764614939689636,0.7365893125534058,-0.08539102971553802,0.41104772686958313,0.7922568321228027,-0.07103164494037628,0.41510456800460815,0.7983637452125549,-0.053970590233802795,0.37437576055526733,0.7134864926338196,-0.04913165792822838,0.3750828504562378,0.7537819147109985,-0.07432638853788376,0.3830602765083313,0.7976134419441223,-0.06459260731935501,0.3892568349838257,0.8025500178337097,-0.050801198929548264
lead,0.41153019666671753,0.9086031913757324,-5.139573033829947e-08,0.4511399269104004,0.8915106058120728,-0.027337277308106422,0.4804481863975525,0.8398717641830444,-0.04519013687968254,0.4650077521800995,0.7911834120750427,-0.062381427735090256,0.43030446767807007,0.7645604014396667,-0.07815102487802505,0.4874478578567505,0.7158758044242859,-0.03193322941660881,0.4965983033180237,0.617341935634613,-0.05667683482170105,0.501125156879425,0.5582573413848877,-0.07191211730241776,0.5019406080245972,0.507061243057251,-0.0834062397480011,0.4485646188259125,0.7061571478843689,-0.03409476950764656,0.45287224650382996,0.7048199772834778,-0.07481040060520172,0.44708678126335144,0.7724262475967407,-0.08531370759010315,0.4419354200363159,0.8042736053466797,-0.08465704321861267,0.4117846190929413,0.7150184512138367,-0.03874889761209488,0.41337287425994873,0.7227039337158203,-0.07565667480230331,0.4162783622741699,0.7826370596885681,-0.06925034523010254,0.4180464446544647,0.8058873414993286,-0.056954074651002884,0.3770192563533783,0.7332314252853394,-0.046130452305078506,0.3825909197330475,0.7375198006629944,-0.07010737806558609,0.3898380696773529,0.7815072536468506,-0.06270650029182434,0.3944690227508545,0.8009266257286072,-0.05124614015221596
lead,0.41673508286476135,0.9114693999290466,-3.767179279634547e-08,0.45451685786247253,0.8943809866905212,-0.02842993475496769,0.4839409291744232,0.8433049917221069,-0.04737158864736557,0.4708869159221649,0.7948483228683472,-0.06563053280115128,0.4366787374019623,0.7642701864242554,-0.08268511295318604,0.49139368534088135,0.7194631695747375,-0.03482747822999954,0.502175509929657,0.6211249232292175,-0.06143975630402565,0.5078415274620056,0.5614475607872009,-0.07795441895723343,0.5092624425888062,0.5093768835067749,-0.0902518779039383,0.4529601037502289,0.710050642490387,-0.03644654527306557,0.45656052231788635,0.707537055015564,-0.07842536270618439,0.45116883516311646,0.7772716879844666,-0.08830031007528305,0.44700369238853455,0.808644711971283,-0.08718979358673096,0.41610199213027954,0.718599259853363,-0.040695443749427795,0.4163638651371002,0.7232697606086731,-0.0777287483215332,0.4199642241001129,0.784426748752594,-0.06925451755523682,0.42272529006004333,0.8076199889183044,-0.05588526278734207,0.38061633706092834,0.7355148792266846,-0.047940898686647415,0.38521820306777954,0.7397235035896301,-0.07187891751527786,0.3927684426307678,0.7844235301017761,-0.0635448694229126,0.3983604311943054,0.802638590335846,-0.05153365433216095
lead,0.4112129211425781,0.9120606184005737,-6.511795902497397e-08,0.45276597142219543,0.90044105052948,-0.029209986329078674,0.4866732060909271,0.8516548275947571,-0.047516223043203354,0.47176995873451233,0.8021090626716614,-0.06482327729463577,0.43828248977661133,0.7695794105529785,-0.0808631032705307,0.4934518039226532,0.7251800894737244,-0.03417623043060303,0.5048715472221375,0.625656008720398,-0.05999935045838356,0.5117917656898499,0.5657546520233154,-0.07603579014539719,0.5144380331039429,0.5134834051132202,-0.08791864663362503,0.45500651001930237,0.7118175625801086,-0.034924350678920746,0.45775333046913147,0.714400053024292,-0.07687216252088547,0.4502248764038086,0.7829449772834778,-0.08772429823875427,0.44465702772140503,0.8160398006439209,-0.08702662587165833,0.41828399896621704,0.7179572582244873,-0.03824754059314728,0.4177605211734772,0.7274218797683716,-0.07539068162441254,0.4199577271938324,0.7880407571792603,-0.06819526851177216,0.42235350608825684,0.8129032850265503,-0.055357348173856735,0.3831939995288849,0.7326949238777161,-0.04457259923219681,0.3878629505634308,0.7412061095237732,-0.06918257474899292,0.394661009311676,0.7868303060531616,-0.06187967211008072,0.4001772105693817,0.8064445853233337,-0.05011935159564018
lead,0.4241192042827606,0.885520875453949,1.9223557501391042e-07,0.4543074667453766,0.8927833437919617,-0.044571924954652786,0.4845023453235626,0.8602960109710693,-0.07504389435052872,0.478512704372406,0.8133397102355957,-0.10048995167016983,0.4504629075527191,0.7745541930198669,-0.1236904114484787,0.5002337694168091,0.7312630414962769,-0.056997284293174744,0.5074587464332581,0.6425222754478455,-0.09626875072717667,0.5108988285064697,0.5783151984214783,-0.11707695573568344,0.510022759437561,0.5274937152862549,-0.1291273534297943,0.46160659193992615,0.7072373628616333,-0.04944925755262375,0.4600111246109009,0.7207836508750916,-0.09407133609056473,0.4510432183742523,0.7941855788230896,-0.09427668154239655,0.4485880732536316,0.808438777923584,-0.08481419086456299,0.4237903952598572,0.7051857113838196,-0.047271065413951874,0.41986656188964844,0.7392029762268066,-0.08772274851799011,0.4218593239784241,0.7970119118690491,-0.07210490107536316,0.42560863494873047,0.8046720623970032,-0.05312809348106384,0.3872193694114685,0.7161454558372498,-0.04954366758465767,0.3881123661994934,0.7544278502464294,-0.07651381939649582,0.394762247800827,0.7992753386497498,-0.06708583235740662,0.40068885684013367,0.803737998008728,-0.053009092807769775
lead,0.42041897773742676,0.916244626045227,-4.47731096642201e-08,0.45818787813186646,0.8981994390487671,-0.026242410764098167,0.4855586290359497,0.8470064997673035,-0.0441909022629261,0.47117578983306885,0.800443708896637,-0.06169190630316734,0.43742915987968445,0.77359539270401,-0.0778946727514267,0.4932451844215393,0.7229339480400085,-0.032166145741939545,0.5053946375846863,0.626414954662323,-0.05653506517410278,0.5113383531570435,0.5681699514389038,-0.07152789831161499,0.5136132836341858,0.5176558494567871,-0.08288852125406265,0.4556247293949127,0.712011456489563,-0.03461864963173866,0.4609438478946686,0.7162942290306091,-0.07447926700115204,0.4539511799812317,0.7832040786743164,-0.0845169723033905,0.44868341088294983,0.8130944967269897,-0.08384289592504501,0.4193495810031891,0.7201104760169983,-0.03933922201395035,0.42095741629600525,0.7308719158172607,-0.07503227889537811,0.42287924885749817,0.7901694774627686,-0.06816427409648895,0.4245758354663849,0.8124967813491821,-0.05598299950361252,0.3848015367984772,0.7374087572097778,-0.04675943776965141,0.38954269886016846,0.7444432973861694,-0.06986021250486374,0.39639243483543396,0.7882183790206909,-0.06219342723488808,0.4016452133655548,0.8068357110023499,-0.0507178008556366
lead,0.4164581894874573,0.9132909774780273,-5.465877706001265e-08,0.45590099692344666,0.8990700244903564,-0.028806688264012337,0.4870625138282776,0.8510087728500366,-0.04769177362322807,0.47243040800094604,0.8060352802276611,-0.06559360772371292,0.4393889904022217,0.7775037288665771,-0.08220428973436356,0.49381086230278015,0.7228068709373474,-0.03447859734296799,0.504749059677124,0.6264707446098328,-0.05995751544833183,0.5114653706550598,0.5678650140762329,-0.07607604563236237,0.5146379470825195,0.5167576670646667,-0.08804622292518616,0.45567286014556885,0.7099422216415405,-0.035658806562423706,0.4629734456539154,0.7194482684135437,-0.07619210332632065,0.45517995953559875,0.7867882251739502,-0.08731935173273087,0.4479670524597168,0.8170226812362671,-0.0872524231672287,0.41885730624198914,0.7178669571876526,-0.039290402084589005,0.42292606830596924,0.7331485748291016,-0.07572563737630844,0.42440301179885864,0.792605996131897,-0.06959854066371918,0.42516404390335083,0.81415194272995,-0.0576486773788929,0.38353341817855835,0.7345976829528809,-0.04582040756940842,0.39046022295951843,0.7440284490585327,-0.06976715475320816,0.397309273481369,0.7885352373123169,-0.06247832626104355,0.4016953110694885,0.8067865371704102,-0.05086654797196388
lead,0.4204249680042267,0.8873786926269531,1.900736350535226e-07,0.4512177109718323,0.8951738476753235,-0.042012691497802734,0.483063280582428,0.8663305640220642,-0.07072123885154724,0.4768427908420563,0.8214060068130493,-0.09475947916507721,0.4494304955005646,0.7816978693008423,-0.11693894863128662,0.4958105683326721,0.7386512160301208,-0.05573601275682449,0.5057809352874756,0.6517127752304077,-0.09087163954973221,0.5113468170166016,0.5879948735237122,-0.10993858426809311,0.5118306279182434,0.535167396068573,-0.12205062806606293,0.4588395953178406,0.7140259742736816,-0.049484919756650925,0.4596523940563202,0.7222250699996948,-0.09140632301568985,0.45034077763557434,0.794735312461853,-0.09259045124053955,0.4473501443862915,0.8147042989730835,-0.08467407524585724,0.4220730662345886,0.7120831608772278,-0.047688696533441544,0.4193480312824249,0.7432326078414917,-0.08446048945188522,0.41958674788475037,0.8000383973121643,-0.0691937729716301,0.4223034381866455,0.8118513226509094,-0.05153582990169525,0.3860686421394348,0.7236446738243103,-0.05020188167691231,0.388139933347702,0.757651150226593,-0.0746748149394989,0.39272215962409973,0.801669716835022,-0.06500986218452454,0.3965601325035095,0.8093401193618774,-0.05170321837067604
lead,0.4216059446334839,0.919824481010437,-5.613064502085763e-08,0.4567148685455322,0.9023611545562744,-0.027076521888375282,0.4834861159324646,0.8527919054031372,-0.04528731107711792,0.4708886742591858,0.8081796169281006,-0.06296204775571823,0.4405520260334015,0.7766466736793518,-0.07912730425596237,0.49213820695877075,0.7279252409934998,-0.032671526074409485,0.5034712553024292,0.6301936507225037,-0.05767807364463806,0.5100153684616089,0.5715489387512207,-0.07322292774915695,0.5131275653839111,0.5211786031723022,-0.08467339724302292,0.45506733655929565,0.7159679532051086,-0.03428362309932709,0.45812296867370605,0.7220367193222046,-0.07486404478549957,0.45050495862960815,0.7890845537185669,-0.08518821746110916,0.4459531307220459,0.8205815553665161,-0.08445116877555847,0.4189128875732422,0.7229475378990173,-0.03833526372909546,0.41891059279441833,0.7355348467826843,-0.0740133598446846,0.4211376905441284,0.7941110730171204,-0.06704659014940262,0.42431768774986267,0.8170605301856995,-0.0547323003411293,0.3847808241844177,0.7391746044158936,-0.0452604666352272,0.3883293867111206,0.7478938698768616,-0.06857477128505707,0.3952506184577942,0.7913190126419067,-0.06117790564894676,0.4014732539653778,0.8106904625892639,-0.04960056394338608
lead,0.41482678055763245,0.9218211770057678,-5.532163527277589e-08,0.45460373163223267,0.9083303213119507,-0.027843032032251358,0.48520445823669434,0.8568331003189087,-0.0457296296954155,0.4708048105239868,0.8095663785934448,-0.06273634731769562,0.4371395409107208,0.7814191579818726,-0.07833772897720337,0.49293753504753113,0.730952799320221,-0.033294521272182465,0.5038626194000244,0.631830632686615,-0.05927795544266701,0.5110197067260742,0.5722798705101013,-0.07544197142124176,0.5135092735290527,0.5204583406448364,-0.08743676543235779,0.4543411433696747,0.7168542146682739,-0.03464299812912941,0.4595212936401367,0.7242854833602905,-0.07521840929985046,0.4521704614162445,0.7931738495826721,-0.0850391834974289,0.4455169439315796,0.822471022605896,-0.08411902189254761,0.4170718193054199,0.7231393456459045,-0.03863491117954254,0.4205265939235687,0.7396160364151001,-0.07475458085536957,0.42283007502555847,0.7994346618652344,-0.06740280240774155,0.4239141643047333,0.819782018661499,-0.05492858588695526,0.38168957829475403,0.7385599613189697,-0.04561163857579231,0.38971221446990967,0.7541260719299316,-0.06932219862937927,0.3962189555168152,0.7992792725563049,-0.06192674860358238,0.39992615580558777,0.815430223941803,-0.05043972656130791
lead,0.42656993865966797,0.8976261019706726,2.2267256838404137e-07,0.4538840055465698,0.9011902809143066,-0.043125007301568985,0.48181989789009094,0.8676434755325317,-0.07262000441551208,0.47456687688827515,0.8240095376968384,-0.09737979620695114,0.44727036356925964,0.7871396541595459,-0.1197909414768219,0.49566689133644104,0.7393814325332642,-0.05692635849118233,0.5050219893455505,0.6503382921218872,-0.09485650807619095,0.5099985003471375,0.5878100991249084,-0.11460334807634354,0.5098533630371094,0.5356980562210083,-0.12649020552635193,0.45587629079818726,0.7171130180358887,-0.050260599702596664,0.45605573058128357,0.7295068502426147,-0.09349720925092697,0.4513777494430542,0.8029907941818237,-0.09323083609342575,0.45050883293151855,0.8162581920623779,-0.08420202881097794,0.4173245429992676,0.7181736826896667,-0.04865064099431038,0.4133434593677521,0.7527410387992859,-0.08728137612342834,0.4181685447692871,0.810375988483429,-0.07092121988534927,0.4227951467037201,0.8156782388687134,-0.052523139864206314,0.3809886574745178,0.7331491708755493,-0.05148084834218025,0.38206806778907776,0.7719610333442688,-0.0770217552781105,0.39008069038391113,0.8159752488136292,-0.06685711443424225,0.395389586687088,0.8187361359596252,-0.0530618317425251
lead,0.4156116545200348,0.9255614876747131,-5.966017369019028e-08,0.45365530252456665,0.9088397026062012,-0.027349179610610008,0.48403188586235046,0.8601809740066528,-0.04633624851703644,0.4700023829936981,0.8144404888153076,-0.06482996046543121,0.43692272901535034,0.7841281294822693,-0.08176548779010773,0.49156996607780457,0.7326385378837585,-0.03283300623297691,0.5028802752494812,0.6347695589065552,-0.05865739658474922,0.5093757510185242,0.5754822492599487,-0.07456082850694656,0.5123533606529236,0.5249459743499756,-0.08626377582550049,0.45343610644340515,0.7188031673431396,-0.034766774624586105,0.45865747332572937,0.7308340072631836,-0.07576033473014832,0.45061245560646057,0.7983788847923279,-0.0861443430185318,0.4447902739048004,0.8268429040908813,-0.08544094860553741,0.4166426360607147,0.7258287668228149,-0.03923363611102104,0.41831958293914795,0.7457714080810547,-0.07541367411613464,0.41954073309898376,0.803904116153717,-0.06872618198394775,0.4214635193347931,0.8226311206817627,-0.056704118847846985,0.38209235668182373,0.7423163056373596,-0.04662129655480385,0.38724416494369507,0.7599613070487976,-0.06998192518949509,0.3933477997779846,0.8036295175552368,-0.06273750215768814,0.39823609590530396,0.8189373016357422,-0.05137064680457115
lead,0.41626062989234924,0.9292941689491272,-6.852508960264458e-08,0.4550555944442749,0.9130039215087891,-0.027933290228247643,0.4830121099948883,0.8635151982307434,-0.046091292053461075,0.46776747703552246,0.8175466060638428,-0.0635678842663765,0.43775174021720886,0.7846571207046509,-0.07959700375795364,0.4917888641357422,0.7367571592330933,-0.03220111131668091,0.5029183030128479,0.6387994289398193,-0.0577998012304306,0.5099119544029236,0.5786725878715515,-0.07378766685724258,0.5128176212310791,0.5279801487922668,-0.08540274202823639,0.4538400173187256,0.7243775129318237,-0.03326752036809921,0.4552314877510071,0.7297992706298828,-0.07456102222204208,0.4469582736492157,0.7982066869735718,-0.08506957441568375,0.4411643147468567,0.8327094912528992,-0.08395121246576309,0.4171040654182434,0.7314889430999756,-0.03699155151844025,0.4161476790904999,0.7455108761787415,-0.0738358348608017,0.41810739040374756,0.8052765727043152,-0.06747416406869888,0.41988399624824524,0.8305565714836121,-0.0550040639936924,0.38251441717147827,0.747960090637207,-0.04361623898148537,0.3866250216960907,0.76088947057724,-0.06840407103300095,0.39326345920562744,0.8062222599983215,-0.06196867674589157,0.39829325675964355,0.8261893391609192,-0.05058686435222626
lead,0.42061299085617065,0.9033421874046326,1.912951432814225e-07,0.4518176019191742,0.908720076084137,-0.042962826788425446,0.4817406237125397,0.8781936168670654,-0.07311766594648361,0.4746585488319397,0.8328438997268677,-0.09851081669330597,0.4474535882472992,0.7940698266029358,-0.12176071852445602,0.4965829849243164,0.7514250874519348,-0.058531615883111954,0.5042990446090698,0.6596453189849854,-0.09621794521808624,0.5077821016311646,0.5941272974014282,-0.11597416549921036,0.5070008635520935,0.5417988896369934,-0.1280328631401062,0.45758676528930664,0.7267928123474121,-0.0520649254322052,0.45485052466392517,0.7366231679916382,-0.095629021525383,0.4473743736743927,0.8090423941612244,-0.0957057774066925,0.44770917296409607,0.8253141641616821,-0.08699993044137955,0.41949278116226196,0.7253147959709167,-0.05035865679383278,0.41300997138023376,0.7588891983032227,-0.08887480944395065,0.4147038459777832,0.8150790929794312,-0.07234998047351837,0.41998007893562317,0.8237955570220947,-0.0538739450275898,0.3827643096446991,0.7374127507209778,-0.05314607545733452,0.38208258152008057,0.7756783962249756,-0.07907138019800186,0.3877541124820709,0.8194241523742676,-0.06921494752168655,0.3935956656932831,0.8248199224472046,-0.055557604879140854
lead,0.4150769114494324,0.9310758113861084,-5.696236016206058e-08,0.4534584581851959,0.9162156581878662,-0.029518596827983856,0.48263704776763916,0.8688725829124451,-0.048259712755680084,0.468548059463501,0.8226951956748962,-0.06623169779777527,0.4372716248035431,0.792062520980835,-0.08302270621061325,0.48996207118034363,0.7427440285682678,-0.03285667672753334,0.5013366341590881,0.6423248648643494,-0.057292770594358444,0.5082103610038757,0.5824857950210571,-0.07301630824804306,0.5112299919128418,0.5323525667190552,-0.0843801274895668,0.45251351594924927,0.7340502738952637,-0.03330094739794731,0.4532850682735443,0.7302783131599426,-0.07552619278430939,0.4461228549480438,0.7956464290618896,-0.08814829587936401,0.4408828318119049,0.8352035284042358,-0.08812792599201202,0.4165599048137665,0.7411993145942688,-0.03619536757469177,0.41469860076904297,0.7409104704856873,-0.07379443198442459,0.4176548421382904,0.7996106743812561,-0.0691479966044426,0.4196391999721527,0.8334997892379761,-0.057092417031526566,0.38253870606422424,0.756428062915802,-0.04197089746594429,0.38427507877349854,0.7525559067726135,-0.06824377179145813,0.39275234937667847,0.796100378036499,-0.06273070722818375,0.39947718381881714,0.8241987228393555,-0.0513581857085228
lead,0.41423261165618896,0.9347242116928101,-6.718800449334594e-08,0.4526226222515106,0.9201828241348267,-0.027980871498584747,0.4821343421936035,0.8720834255218506,-0.04555528610944748,0.46769216656684875,0.8259303569793701,-0.06258884072303772,0.43894317746162415,0.7921999096870422,-0.07829920202493668,0.4886007606983185,0.7446120381355286,-0.030979208648204803,0.5005174875259399,0.6445260643959045,-0.054906394332647324,0.5069422125816345,0.5851435661315918,-0.07000084221363068,0.5099503993988037,0.5351426005363464,-0.08095923811197281,0.45100638270378113,0.735728919506073,-0.03178156167268753,0.45230555534362793,0.7367031574249268,-0.07335365563631058,0.44439199566841125,0.8019179701805115,-0.0856582522392273,0.43936437368392944,0.8377363085746765,-0.08548203855752945,0.4149952530860901,0.7430097460746765,-0.034970834851264954,0.41366201639175415,0.7469633221626282,-0.07218364626169205,0.41620466113090515,0.8056822419166565,-0.06728623062372208,0.4188143014907837,0.835243821144104,-0.05522356182336807,0.38062065839767456,0.7584378719329834,-0.0408918671309948,0.3827681243419647,0.7583344578742981,-0.06678226590156555,0.39149123430252075,0.8019863963127136,-0.061011042445898056,0.3992767333984375,0.8268351554870605,-0.04945371299982071
lead,0.409898579120636,0.9305524826049805,-3.395235381731254e-08,0.4476284980773926,0.9187459945678711,-0.03123878315091133,0.4785938560962677,0.8739982843399048,-0.05080099031329155,0.4622310996055603,0.8288947343826294,-0.0688658207654953,0.4335034489631653,0.7956465482711792,-0.0853361263871193,0.48664477467536926,0.7420013546943665,-0.03709905967116356,0.49942904710769653,0.6446818709373474,-0.0634985938668251,0.5059778690338135,0.5851941704750061,-0.07970467209815979,0.5086456537246704,0.5353823900222778,-0.0914052426815033,0.4470217823982239,0.7287826538085938,-0.03660372644662857,0.44458749890327454,0.7420437335968018,-0.07877808064222336,0.4373670518398285,0.8079484701156616,-0.08980876952409744,0.4347357749938965,0.8389422297477722,-0.08906923979520798,0.4096311628818512,0.7359999418258667,-0.03889176622033119,0.404837042093277,0.7580209970474243,-0.07591918855905533,0.408750981092453,0.8155900239944458,-0.07000046223402023,0.4141073226928711,0.8374921679496765,-0.05798597261309624,0.3751882314682007,0.7529040575027466,-0.04448215663433075,0.3765410780906677,0.7756930589675903,-0.06962736696004868,0.38401713967323303,0.8193039894104004,-0.06413400918245316,0.39184072613716125,0.8352985978126526,-0.053228046745061874
lead,0.41269364953041077,0.9355766177177429,-3.754143662604292e-08,0.4489305913448334,0.9200541377067566,-0.028191983699798584,0.4795723557472229,0.8708006143569946,-0.04700686037540436,0.46314674615859985,0.8266465663909912,-0.06522311270236969,0.42875346541404724,0.7989041805267334,-0.08209539204835892,0.48535391688346863,0.7440477013587952,-0.03457443416118622,0.4981194734573364,0.6467732191085815,-0.06136567145586014,0.504964292049408,0.5877909064292908,-0.0776304379105568,0.507716178894043,0.5365906357765198,-0.08966014534235,0.4458049237728119,0.7308012843132019,-0.03639575093984604,0.44501981139183044,0.7419669032096863,-0.07820384949445724,0.43809664249420166,0.8112955689430237,-0.08838601410388947,0.43496087193489075,0.8390890955924988,-0.08759627491235733,0.40830865502357483,0.7383214831352234,-0.04090729355812073,0.40467265248298645,0.7585740685462952,-0.07762429118156433,0.4086659848690033,0.8180623650550842,-0.0702771544456482,0.4137020707130432,0.8365386724472046,-0.05790811404585838,0.3737618327140808,0.7559557557106018,-0.04851140081882477,0.37626922130584717,0.7764595746994019,-0.07232332974672318,0.383772611618042,0.8208976984024048,-0.06492044031620026,0.39020836353302,0.8357231616973877,-0.05347079783678055
lead,0.4119998514652252,0.9029386043548584,1.2535853954886989e-07,0.4451131522655487,0.9094085693359375,-0.0389673076570034,0.47651103138923645,0.8769137859344482,-0.06518352776765823,0.46657800674438477,0.8333578705787659,-0.08682630956172943,0.4377431571483612,0.7989698052406311,-0.10646732151508331,0.490300714969635,0.7491955757141113,-0.05232221633195877,0.49914252758026123,0.6573094725608826,-0.08854951709508896,0.5022380948066711,0.593842625617981,-0.1092122420668602,0.5018991231918335,0.541150689125061,-0.12265152484178543,0.4522295892238617,0.7224087715148926,-0.046982668340206146,0.4547557830810547,0.7412841320037842,-0.0910010039806366,0.4461789131164551,0.810592532157898,-0.09619374573230743,0.44283804297447205,0.8278012871742249,-0.0915282815694809,0.41445568203926086,0.7207632064819336,-0.0457625687122345,0.4125001132488251,0.7634437680244446,-0.08371218293905258,0.4122059941291809,0.8189594745635986,-0.07177149504423141,0.41413959860801697,0.8250744342803955,-0.056793712079524994,0.3780664801597595,0.733597457408905,-0.048535335808992386,0.38058167695999146,0.7811114192008972,-0.07345540821552277,0.3845045268535614,0.824153482913971,-0.0661109909415245,0.3876003623008728,0.8245229721069336,-0.0545811727643013
lead,0.40247851610183716,0.9340741634368896,-6.232733795741296e-08,0.44464075565338135,0.9214671850204468,-0.029008008539676666,0.47676554322242737,0.8724125623703003,-0.04628310352563858,0.4604152739048004,0.8245039582252502,-0.06269039958715439,0.4271180331707001,0.7962507009506226,-0.07798511534929276,0.4843423366546631,0.7470796704292297,-0.030656054615974426,0.4961775839328766,0.6463853120803833,-0.0543464720249176,0.5038699507713318,0.5857195854187012,-0.06957609951496124,0.5072401165962219,0.5347184538841248,-0.08062203228473663,0.4461653530597687,0.7362899780273438,-0.0309265349060297,0.44914793968200684,0.7345266938209534,-0.07284523546695709,0.4417135417461395,0.801841676235199,-0.08565345406532288,0.43537431955337524,0.8411896228790283,-0.0854593887925148,0.40980711579322815,0.7427369356155396,-0.033610060811042786,0.4099977910518646,0.7453757524490356,-0.07142266631126404,0.4127831757068634,0.8045452833175659,-0.06722483783960342,0.414567232131958,0.8363141417503357,-0.05509188026189804,0.3750336170196533,0.7574745416641235,-0.03898262977600098,0.37873998284339905,0.7537628412246704,-0.06497156620025635,0.3871699273586273,0.7970656156539917,-0.059081800282001495,0.3933521807193756,0.8238831758499146,-0.04723433777689934
lead,0.40221107006073,0.9291824102401733,-4.296980904427983e-08,0.4431689977645874,0.9172973036766052,-0.029342077672481537,0.47280776500701904,0.8692177534103394,-0.04768725112080574,0.45701009035110474,0.8183960318565369,-0.06518292427062988,0.42492982745170593,0.7882034182548523,-0.08134771138429642,0.48313432931900024,0.7430737614631653,-0.033615853637456894,0.49567902088165283,0.6432188749313354,-0.057922329753637314,0.5011677742004395,0.5848419666290283,-0.07266053557395935,0.5031022429466248,0.5338269472122192,-0.08381739258766174,0.4444028437137604,0.7334612607955933,-0.03447571024298668,0.443828284740448,0.7303861975669861,-0.0771934986114502,0.43687477707862854,0.7968534231185913,-0.08909426629543304,0.43312302231788635,0.8305537700653076,-0.08857673406600952,0.4079616069793701,0.7403454184532166,-0.037791796028614044,0.40478289127349854,0.7447174787521362,-0.07604217529296875,0.4079068899154663,0.8048479557037354,-0.07054489850997925,0.4117194712162018,0.8328202962875366,-0.05796651542186737,0.37320566177368164,0.7557839751243591,-0.04401949793100357,0.3747390806674957,0.7591866254806519,-0.07032175362110138,0.38217461109161377,0.8035460710525513,-0.0647747665643692,0.38934099674224854,0.8266807198524475,-0.053624313324689865
lead,0.41387149691581726,0.8980903625488281,1.647220102540814e-07,0.44276297092437744,0.9007686376571655,-0.04168752580881119,0.4697223901748657,0.867700457572937,-0.0699302926659584,0.4605376720428467,0.8236629366874695,-0.09301397949457169,0.43383070826530457,0.7884036898612976,-0.11409014463424683,0.4856225848197937,0.7409231662750244,-0.056609202176332474,0.49599331617355347,0.6504010558128357,-0.09461400657892227,0.4989943504333496,0.587426483631134,-0.11584410816431046,0.4985540807247162,0.5357637405395508,-0.12890668213367462,0.445443332195282,0.7161514759063721,-0.04978256672620773,0.4459041953086853,0.7321362495422363,-0.09228680282831192,0.43956464529037476,0.8040969967842102,-0.0942469984292984,0.4386463165283203,0.8184370994567871,-0.08729026466608047,0.40649235248565674,0.7156696319580078,-0.04750421270728111,0.40057817101478577,0.7553667426109314,-0.0843861997127533,0.4038313627243042,0.8127298951148987,-0.06936327368021011,0.4091223180294037,0.8189111351966858,-0.05233396589756012,0.37033790349960327,0.7297942042350769,-0.04951127618551254,0.3682609498500824,0.7718270421028137,-0.0736440122127533,0.37499359250068665,0.8176530599594116,-0.06337220221757889,0.38173744082450867,0.8222401738166809,-0.04947616532444954
lead,0.4008030295372009,0.922709584236145,-5.1228020936378016e-08,0.4420887529850006,0.910550057888031,-0.028567414730787277,0.4717104732990265,0.8618710041046143,-0.045492272824048996,0.45464521646499634,0.8123587369918823,-0.06140214577317238,0.4228791296482086,0.7814064621925354,-0.07586757093667984,0.4808926582336426,0.7349218130111694,-0.032064247876405716,0.4935181140899658,0.637880802154541,-0.05517737939953804,0.49910154938697815,0.5799035429954529,-0.06933361291885376,0.5014635324478149,0.5292729139328003,-0.08012072741985321,0.4422963261604309,0.722894012928009,-0.03275064006447792,0.442288339138031,0.7274519205093384,-0.07264605909585953,0.43496036529541016,0.7913147211074829,-0.08393510431051254,0.4311230182647705,0.8223851919174194,-0.08365142345428467,0.4060366451740265,0.7300735712051392,-0.03586721047759056,0.4033249616622925,0.7439833283424377,-0.0726097822189331,0.4059141278266907,0.8020415902137756,-0.06826696544885635,0.4096480906009674,0.8263420462608337,-0.05688983574509621,0.3722023069858551,0.745994508266449,-0.04179409146308899,0.374204158782959,0.756125271320343,-0.06725039333105087,0.3812185525894165,0.7993997931480408,-0.06233467906713486,0.38806766271591187,0.8198520541191101,-0.05184560641646385
lead,0.39971980452537537,0.9160484075546265,-6.693282728065242e-08,0.4405571222305298,0.9027529954910278,-0.027372902259230614,0.4691917598247528,0.8531762361526489,-0.04364800080657005,0.4558391273021698,0.8052369952201843,-0.05919124558568001,0.42445188760757446,0.775964617729187,-0.07346038520336151,0.47988054156303406,0.7301645874977112,-0.030835749581456184,0.49161651730537415,0.6317974328994751,-0.05379032343626022,0.4972414970397949,0.5730878114700317,-0.06813117861747742,0.4993409514427185,0.5221787691116333,-0.07880085706710815,0.44184717535972595,0.7178362607955933,-0.031795158982276917,0.4420379400253296,0.7206957936286926,-0.07216236740350723,0.434976726770401,0.7860227227210999,-0.08384757488965988,0.4303503930568695,0.821546196937561,-0.08339831978082657,0.40549999475479126,0.7241557836532593,-0.034994229674339294,0.4038224220275879,0.735584020614624,-0.07163449376821518,0.4060365855693817,0.7946582436561584,-0.06727190315723419,0.408375084400177,0.823424220085144,-0.055460747331380844,0.37155529856681824,0.7395057678222656,-0.04088152199983597,0.3734159469604492,0.7454190850257874,-0.06591910868883133,0.3804722726345062,0.7887572050094604,-0.060534410178661346,0.38676565885543823,0.8128162622451782,-0.049474380910396576
lead,0.403957724571228,0.8813532590866089,1.511515108632011e-07,0.4368012249469757,0.8884186744689941,-0.04022091627120972,0.4701465964317322,0.8547375798225403,-0.06675414741039276,0.4593929648399353,0.8096386790275574,-0.08821391314268112,0.4311954975128174,0.7726432681083679,-0.10831761360168457,0.4850402772426605,0.7272926568984985,-0.05405930057168007,0.49450281262397766,0.6377425193786621,-0.09160563349723816,0.49734994769096375,0.5724976062774658,-0.11472000926733017,0.49537724256515503,0.5183398723602295,-0.1298847794532776,0.44489070773124695,0.7015603184700012,-0.048286065459251404,0.4450145959854126,0.7152785062789917,-0.09325556457042694,0.4380309581756592,0.7871533632278442,-0.09931587427854538,0.43494099378585815,0.8091201782226562,-0.09500639140605927,0.40548646450042725,0.7012412548065186,-0.04657556861639023,0.400325745344162,0.7376118302345276,-0.08606624603271484,0.4028998613357544,0.7965817451477051,-0.07352321594953537,0.40638166666030884,0.8093166947364807,-0.05748363211750984,0.3683393895626068,0.7158758044242859,-0.04878881201148033,0.3681744933128357,0.7561635375022888,-0.07589385658502579,0.37556198239326477,0.8041839003562927,-0.06733717769384384,0.3817899227142334,0.8119269609451294,-0.05417755991220474
lead,0.3991668224334717,0.9065613746643066,-3.5847502743990844e-08,0.4393077790737152,0.8935463428497314,-0.028362028300762177,0.4680180847644806,0.8442177176475525,-0.04546145349740982,0.4517146348953247,0.7958082556724548,-0.06160251796245575,0.4209681451320648,0.7692574262619019,-0.07628711313009262,0.4787060022354126,0.7210772037506104,-0.03196495398879051,0.48986053466796875,0.6239098310470581,-0.05607225373387337,0.49495863914489746,0.565126895904541,-0.070950947701931,0.49697345495224,0.5147024989128113,-0.08208788186311722,0.43978655338287354,0.7087560892105103,-0.03284994140267372,0.43892398476600647,0.7134882211685181,-0.07414521276950836,0.4329032003879547,0.7784531116485596,-0.08558440953493118,0.42980727553367615,0.8106846213340759,-0.08500118553638458,0.403426855802536,0.7156499028205872,-0.03620792180299759,0.4003411829471588,0.731141984462738,-0.07318171113729477,0.4034995138645172,0.7890000939369202,-0.06832867860794067,0.40736958384513855,0.8132659792900085,-0.056531861424446106,0.3698202669620514,0.7319050431251526,-0.042459264397621155,0.3718736171722412,0.7448320984840393,-0.06703165173530579,0.37784823775291443,0.7879372239112854,-0.061511922627687454,0.3835318088531494,0.8073347806930542,-0.05074536055326462
lead,0.40006405115127563,0.8980957269668579,-2.320798841992655e-08,0.4399177134037018,0.8856903910636902,-0.028527598828077316,0.4709571599960327,0.8386041522026062,-0.046581901609897614,0.4564776122570038,0.7915138602256775,-0.06357543915510178,0.42211857438087463,0.7652320861816406,-0.07918783277273178,0.4796823561191559,0.714625895023346,-0.0345446951687336,0.490521103143692,0.61859130859375,-0.06001301854848862,0.49559929966926575,0.5596904158592224,-0.07527313381433487,0.4971548616886139,0.507939338684082,-0.08670689910650253,0.44128429889678955,0.7002879977226257,-0.035758744925260544,0.442734956741333,0.7055361866950989,-0.07660073786973953,0.4372080862522125,0.7706238627433777,-0.08679786324501038,0.43417227268218994,0.800599992275238,-0.08600996434688568,0.40476199984550476,0.706447184085846,-0.03953695669770241,0.40308353304862976,0.725923478603363,-0.0763029009103775,0.40612462162971497,0.7836847305297852,-0.07047568261623383,0.4097682237625122,0.8049498796463013,-0.0587034747004509,0.3703756332397461,0.7223415374755859,-0.04627961292862892,0.3734426200389862,0.7402147054672241,-0.07026460766792297,0.37965211272239685,0.7836114168167114,-0.06434180587530136,0.3848477005958557,0.8000682592391968,-0.05397123098373413
lead,0.40154188871383667,0.8912688493728638,-1.5137183950741928e-08,0.43855035305023193,0.8788930773735046,-0.029700133949518204,0.47117865085601807,0.8323326706886292,-0.048809077590703964,0.4559347927570343,0.7859084606170654,-0.06652560830116272,0.4221523404121399,0.7603684067726135,-0.08263430744409561,0.47885575890541077,0.7079377770423889,-0.038091447204351425,0.49070850014686584,0.6138579249382019,-0.06470052897930145,0.495497465133667,0.5556274652481079,-0.08029793202877045,0.49676546454429626,0.5039557218551636,-0.09226439148187637,0.4389009177684784,0.6912431120872498,-0.03887614607810974,0.4391004741191864,0.7069500684738159,-0.07925189286470413,0.4337197542190552,0.7734158039093018,-0.08776305615901947,0.431396484375,0.7973616719245911,-0.08665675669908524,0.4018135368824005,0.6970788836479187,-0.0424516499042511,0.3996570110321045,0.7260860204696655,-0.07814089953899384,0.4035228490829468,0.7831899523735046,-0.07048915326595306,0.4077759385108948,0.798515260219574,-0.05869212746620178,0.3677904009819031,0.7132450938224792,-0.04938632622361183,0.37135571241378784,0.7425942420959473,-0.07249090820550919,0.3776259422302246,0.7850353121757507,-0.06631822884082794,0.3825480341911316,0.7953296899795532,-0.056474458426237106
lead,0.4115736186504364,0.86460942029953,1.8810052893059037e-07,0.4412449300289154,0.8683290481567383,-0.04150104150176048,0.46932658553123474,0.8377572298049927,-0.07018385827541351,0.4599994122982025,0.794112503528595,-0.09385724365711212,0.43559691309928894,0.7561306357383728,-0.11577683687210083,0.48426124453544617,0.7167215943336487,-0.05574532970786095,0.4943676292896271,0.6245394945144653,-0.09321646392345428,0.49701404571533203,0.5592819452285767,-0.11362003535032272,0.4960271120071411,0.508306622505188,-0.12607896327972412,0.4454447031021118,0.6953187584877014,-0.048917125910520554,0.44233766198158264,0.7019324898719788,-0.09178776293992996,0.4357655644416809,0.7766389846801758,-0.09278518706560135,0.43710505962371826,0.7939004302024841,-0.08461114764213562,0.40743201971054077,0.6939511299133301,-0.04672068729996681,0.399091899394989,0.7230037450790405,-0.08394844084978104,0.4022693932056427,0.7809065580368042,-0.06751172989606857,0.40911543369293213,0.7895777225494385,-0.04910467565059662,0.37071841955184937,0.7061286568641663,-0.048730574548244476,0.3670349419116974,0.7377755641937256,-0.07403883337974548,0.37513434886932373,0.7831751108169556,-0.06339391320943832,0.38391298055648804,0.7897456884384155,-0.0488571934401989
lead,0.40356260538101196,0.8886190056800842,-2.684657118834366e-08,0.4409533441066742,0.8771220445632935,-0.029559850692749023,0.4717852771282196,0.8293552398681641,-0.04849526658654213,0.4570450782775879,0.7826470732688904,-0.06606488674879074,0.42277276515960693,0.7556626796722412,-0.08240661025047302,0.4803713858127594,0.7086741924285889,-0.03817502409219742,0.49157994985580444,0.6116886138916016,-0.06534827500581741,0.49713313579559326,0.5521205067634583,-0.08210501819849014,0.4986722767353058,0.4995627999305725,-0.09464970976114273,0.44256263971328735,0.6925153732299805,-0.03871193528175354,0.4420877695083618,0.7018744945526123,-0.0805058404803276,0.4355756938457489,0.7682174444198608,-0.09044627845287323,0.4319257140159607,0.7973140478134155,-0.08985120803117752,0.40614044666290283,0.6974230408668518,-0.0418575257062912,0.4016556143760681,0.718050479888916,-0.07824092358350754,0.40454885363578796,0.7746051549911499,-0.07089351117610931,0.40855950117111206,0.7943967580795288,-0.05878012627363205,0.37197813391685486,0.7117205262184143,-0.048149798065423965,0.3727211058139801,0.7300705909729004,-0.07169006764888763,0.37888360023498535,0.772783637046814,-0.06479251384735107,0.3846484124660492,0.7876415848731995,-0.05401710793375969
lead,0.4040805399417877,0.8861993551254272,-3.0975888520856643e-09,0.44106483459472656,0.8757496476173401,-0.03140011057257652,0.4704219102859497,0.8281657099723816,-0.05088911950588226,0.4575970470905304,0.7798342108726501,-0.06862819194793701,0.4248507022857666,0.7501848340034485,-0.08477206528186798,0.4817241430282593,0.7065770030021667,-0.03886420652270317,0.49271708726882935,0.6079027056694031,-0.06607426702976227,0.49795061349868774,0.5481084585189819,-0.08200569450855255,0.499230295419693,0.49597832560539246,-0.09384781867265701,0.44354918599128723,0.691523551940918,-0.03852773457765579,0.44330137968063354,0.6938167810440063,-0.08029122650623322,0.4370049238204956,0.7614564895629883,-0.08881472051143646,0.4349280297756195,0.7897425293922424,-0.08687251806259155,0.4067922532558441,0.695422351360321,-0.04124860838055611,0.40320804715156555,0.7104682326316833,-0.07881944626569748,0.40605899691581726,0.7701418399810791,-0.07080689072608948,0.41103726625442505,0.7904435992240906,-0.05773405358195305,0.37233102321624756,0.7084814310073853,-0.047261111438274384,0.37407544255256653,0.724237322807312,-0.07258083671331406,0.3801279366016388,0.7681463956832886,-0.06636612117290497,0.386389821767807,0.7830215692520142,-0.055749692022800446
lead,0.4093324542045593,0.8588039875030518,1.8399170187421987e-07,0.44192755222320557,0.8658076524734497,-0.041719939559698105,0.47464248538017273,0.8353027701377869,-0.06923823058605194,0.46521300077438354,0.787333607673645,-0.09119458496570587,0.43726086616516113,0.749789834022522,-0.11106305569410324,0.4871746301651001,0.7125710844993591,-0.05336982011795044,0.49626871943473816,0.6288202404975891,-0.08945458382368088,0.49927136301994324,0.5665227770805359,-0.1094074696302414,0.4972338378429413,0.5156809091567993,-0.12175020575523376,0.44890716671943665,0.6858699321746826,-0.0462147556245327,0.4480428099632263,0.6924015283584595,-0.08748290687799454,0.43947792053222656,0.7654064893722534,-0.08838960528373718,0.43712809681892395,0.7850805521011353,-0.07987608760595322,0.4109417796134949,0.68236243724823,-0.043811965733766556,0.40554729104042053,0.7150194644927979,-0.0821390151977539,0.4068772792816162,0.7714771032333374,-0.06888574361801147,0.4105745851993561,0.7804601788520813,-0.05170229449868202,0.37400129437446594,0.6933245658874512,-0.04523053765296936,0.37357211112976074,0.729701042175293,-0.0715053603053093,0.38033539056777954,0.7730856537818909,-0.0632285326719284,0.38600194454193115,0.7773017883300781,-0.05021671578288078
lead,0.4054056406021118,0.8838893175125122,-1.9372906834291825e-08,0.44304803013801575,0.8705565333366394,-0.029474763199687004,0.4722428321838379,0.8231126070022583,-0.04800748452544212,0.45847460627555847,0.7762951254844666,-0.06509365141391754,0.4263671934604645,0.7459090948104858,-0.08067671954631805,0.4826377034187317,0.7034079432487488,-0.036758847534656525,0.493509441614151,0.6063205599784851,-0.06383469700813293,0.498980849981308,0.546719491481781,-0.08030477911233902,0.5003810524940491,0.49417784810066223,-0.09249097108840942,0.44508427381515503,0.6881800889968872,-0.03716189041733742,0.4461165964603424,0.6898640990257263,-0.07874558866024017,0.4393980801105499,0.756071150302887,-0.08832532167434692,0.4353143572807312,0.7871108651161194,-0.08720085769891739,0.40852680802345276,0.6923177242279053,-0.04039953276515007,0.40618300437927246,0.7084761261940002,-0.07730335742235184,0.4082932472229004,0.7664803862571716,-0.07039611041545868,0.41132432222366333,0.7879207134246826,-0.058201175183057785,0.37380388379096985,0.706148087978363,-0.046703219413757324,0.37618231773376465,0.7228232026100159,-0.07094994932413101,0.38211342692375183,0.7661694288253784,-0.06487233191728592,0.38710761070251465,0.7817066311836243,-0.05457066744565964
lead,0.4076802432537079,0.8836584091186523,-1.9748439328282075e-08,0.44580525159835815,0.8703027367591858,-0.02889668010175228,0.4741290211677551,0.8202438950538635,-0.04665252938866615,0.46176815032958984,0.7720344066619873,-0.06313151866197586,0.4278784394264221,0.7423458099365234,-0.0782722756266594,0.48466208577156067,0.7019133567810059,-0.035541385412216187,0.49522504210472107,0.6026141047477722,-0.06187284365296364,0.5006700754165649,0.5427128076553345,-0.07816967368125916,0.5022118091583252,0.4903735816478729,-0.09027884900569916,0.4472317099571228,0.6884610056877136,-0.03636552765965462,0.44799941778182983,0.68625807762146,-0.07800371199846268,0.4412637948989868,0.7512956261634827,-0.08843468129634857,0.4372570812702179,0.782882034778595,-0.08779124170541763,0.4107159972190857,0.6931307911872864,-0.03987652435898781,0.407911479473114,0.7038212418556213,-0.07713668793439865,0.4103226959705353,0.7619207501411438,-0.07102113217115402,0.4136315584182739,0.7851735353469849,-0.059137407690286636,0.3763394355773926,0.7069956660270691,-0.04631927236914635,0.3771701753139496,0.7173459529876709,-0.07113686949014664,0.38395968079566956,0.7609395384788513,-0.06511003524065018,0.39019104838371277,0.7794923186302185,-0.05467154085636139
lead,0.4105721712112427,0.8805118799209595,-1.2326870191259331e-08,0.44913941621780396,0.8666426539421082,-0.029047086834907532,0.47708946466445923,0.8172049522399902,-0.047117218375205994,0.46339350938796997,0.7681184411048889,-0.06398677825927734,0.42976146936416626,0.7389072179794312,-0.0794769898056984,0.487239271402359,0.6976433396339417,-0.03484039753675461,0.4975368082523346,0.5987710356712341,-0.06043754145503044,0.5024996995925903,0.5395951867103577,-0.07609996199607849,0.5032870173454285,0.4876607656478882,-0.08787417411804199,0.4491719901561737,0.6872720122337341,-0.035733532160520554,0.4503543972969055,0.6808901429176331,-0.07657670974731445,0.4449708163738251,0.7462712526321411,-0.08648130297660828,0.44116416573524475,0.7774045467376709,-0.08552949130535126,0.41260528564453125,0.6938758492469788,-0.03935089707374573,0.41092216968536377,0.7008219361305237,-0.0762757658958435,0.414179265499115,0.7596971392631531,-0.06955448538064957,0.4168744683265686,0.7826142907142639,-0.057244155555963516,0.3780529499053955,0.7095005512237549,-0.045885227620601654,0.38164952397346497,0.7163687348365784,-0.07024303823709488,0.3880293071269989,0.7601661086082458,-0.06349644064903259,0.3922874927520752,0.779054582118988,-0.052653875201940536
lead,0.41386187076568604,0.8433841466903687,1.906401223550347e-07,0.4469079077243805,0.8534665703773499,-0.04098694026470184,0.47567322850227356,0.8219239115715027,-0.06847187131643295,0.4680846929550171,0.7764835357666016,-0.09142070263624191,0.4435584247112274,0.7363650798797607,-0.11273721605539322,0.49214258790016174,0.7039335370063782,-0.05332033336162567,0.501283586025238,0.6074714660644531,-0.09068096429109573,0.5059729218482971,0.5417355298995972,-0.10995997488498688,0.5067979693412781,0.48966848850250244,-0.12128753215074539,0.4563438892364502,0.685737669467926,-0.04727114737033844,0.458207905292511,0.6780599355697632,-0.09285949915647507,0.4486464560031891,0.750768780708313,-0.09497886151075363,0.44840317964553833,0.770810604095459,-0.08600522577762604,0.4198756217956543,0.684596836566925,-0.04599013552069664,0.4152853786945343,0.7020248174667358,-0.08688730746507645,0.4145656228065491,0.7602392435073853,-0.07240315526723862,0.4195326566696167,0.7684761881828308,-0.053574420511722565,0.3835262060165405,0.6939945816993713,-0.04853195697069168,0.3823186755180359,0.7193158268928528,-0.07523541897535324,0.3871039152145386,0.7646624445915222,-0.06575310230255127,0.3941718339920044,0.7686387300491333,-0.051883865147829056
lead,0.41140028834342957,0.8821781277656555,-1.9549370122717846e-08,0.45197638869285583,0.8675286769866943,-0.029466569423675537,0.4817235469818115,0.8173030614852905,-0.0472545400261879,0.46798866987228394,0.7669101357460022,-0.06394213438034058,0.43377068638801575,0.7353023290634155,-0.07947684824466705,0.4897748529911041,0.6991840600967407,-0.033008210361003876,0.4995477497577667,0.5970879793167114,-0.05802835524082184,0.5046435594558716,0.5366045832633972,-0.07368741184473038,0.505486011505127,0.4843977987766266,-0.08521539717912674,0.4521588087081909,0.691914975643158,-0.03367038816213608,0.4552970826625824,0.6747525930404663,-0.07625676691532135,0.44940492510795593,0.7403729557991028,-0.08810125291347504,0.44423729181289673,0.7778123617172241,-0.08735206723213196,0.41615426540374756,0.6988286375999451,-0.03692995756864548,0.41503816843032837,0.6922307014465332,-0.07561897486448288,0.417964905500412,0.752280056476593,-0.07017821818590164,0.41982710361480713,0.7818605303764343,-0.05741377919912338,0.3813965618610382,0.7134520411491394,-0.04286184161901474,0.3834697902202606,0.7050999402999878,-0.06893686205148697,0.39155179262161255,0.7488948106765747,-0.06243569031357765,0.3976353108882904,0.7732877731323242,-0.05085211247205734
lead,0.41334038972854614,0.8797085285186768,-2.039934621222983e-08,0.45501717925071716,0.8645337224006653,-0.028632426634430885,0.48376035690307617,0.8140844106674194,-0.04555397108197212,0.4698575735092163,0.7664260268211365,-0.06138363108038902,0.43823114037513733,0.7371841669082642,-0.075796939432621,0.49195051193237305,0.693183183670044,-0.03172152489423752,0.5018193125724792,0.5943307280540466,-0.055633511394262314,0.5066587924957275,0.5352499485015869,-0.07032857090234756,0.5072515606880188,0.4846697449684143,-0.08113527297973633,0.4542465806007385,0.6844208240509033,-0.03232691437005997,0.45785024762153625,0.6753126978874207,-0.07285945862531662,0.4527251720428467,0.7380391955375671,-0.08412931114435196,0.44757509231567383,0.7713198065757751,-0.0834801122546196,0.41830214858055115,0.6916487216949463,-0.03552138805389404,0.41834476590156555,0.6960560083389282,-0.07229841500520706,0.4212261736392975,0.7530601620674133,-0.06785786151885986,0.42268189787864685,0.7777312994003296,-0.05632782354950905,0.38416582345962524,0.707095742225647,-0.04143870621919632,0.3882327675819397,0.7093208432197571,-0.06537623703479767,0.3958861231803894,0.7511775493621826,-0.05952513962984085,0.4009391665458679,0.7716375589370728,-0.04892411082983017
lead,0.423969030380249,0.8226841688156128,2.0337404293968575e-07,0.4555673599243164,0.8333759307861328,-0.044494498521089554,0.48228174448013306,0.8118559122085571,-0.0772814154624939,0.4787399172782898,0.7718622088432312,-0.10551527887582779,0.45261719822883606,0.7350759506225586,-0.13199688494205475,0.4978364408016205,0.6931400895118713,-0.06364749372005463,0.5074200630187988,0.5954960584640503,-0.10208163410425186,0.5137134194374084,0.5356665849685669,-0.11944109201431274,0.5137065649032593,0.48478031158447266,-0.1293388307094574,0.4620913863182068,0.6743042469024658,-0.058354802429676056,0.46934548020362854,0.6712786555290222,-0.10546541213989258,0.46111342310905457,0.7479029297828674,-0.10599074512720108,0.4576979875564575,0.7655130624771118,-0.0961015373468399,0.42619311809539795,0.6738432049751282,-0.057753175497055054,0.4297334551811218,0.6969205737113953,-0.10005346685647964,0.42962726950645447,0.7575982809066772,-0.08341898769140244,0.431693971157074,0.7648001313209534,-0.06332942843437195,0.3917001187801361,0.6823957562446594,-0.06132691353559494,0.3975982666015625,0.7102671265602112,-0.08812465518712997,0.4030475616455078,0.7567536234855652,-0.07670875638723373,0.406438946723938,0.7636049389839172,-0.061812397092580795
lead,0.4170127213001251,0.881925642490387,-3.0096867220663626e-08,0.45939451456069946,0.8658953905105591,-0.0275803841650486,0.4895947277545929,0.814454972743988,-0.04439505189657211,0.4758555293083191,0.7646045088768005,-0.06033623591065407,0.44350922107696533,0.7321943640708923,-0.07494385540485382,0.4965094327926636,0.694191575050354,-0.03086533211171627,0.5072707533836365,0.595585823059082,-0.054589398205280304,0.512374758720398,0.5362536907196045,-0.06919744610786438,0.5130041837692261,0.4848747253417969,-0.08011828362941742,0.4585251808166504,0.6852573156356812,-0.03194795921444893,0.46387046575546265,0.6747923493385315,-0.0710732713341713,0.45849522948265076,0.7383264899253845,-0.08153355121612549,0.4524134397506714,0.7701409459114075,-0.08098819851875305,0.4220333993434906,0.6927760243415833,-0.0355321429669857,0.42429715394973755,0.6931471228599548,-0.07178334146738052,0.4266526997089386,0.7517620921134949,-0.06608057767152786,0.4266851246356964,0.7760114669799805,-0.05424463003873825,0.38680070638656616,0.7086299657821655,-0.041705019772052765,0.3929823637008667,0.7064288258552551,-0.06568504869937897,0.4001142978668213,0.7499628067016602,-0.05877993255853653,0.403490275144577,0.7710877656936646,-0.04769649729132652
lead,0.41978681087493896,0.8825006484985352,-3.8681474023860574e-08,0.4637238681316376,0.8680798411369324,-0.02816874347627163,0.49582022428512573,0.8169825077056885,-0.04483107104897499,0.4820503890514374,0.765692949295044,-0.06044693663716316,0.44931188225746155,0.7333794832229614,-0.07485785335302353,0.5004544258117676,0.696401834487915,-0.031258322298526764,0.5111976861953735,0.596047043800354,-0.0547967329621315,0.5164901614189148,0.5368554592132568,-0.06916345655918121,0.5173770189285278,0.48560094833374023,-0.07981788367033005,0.46255743503570557,0.6888201236724854,-0.03206091374158859,0.4689919650554657,0.6749581098556519,-0.07160134613513947,0.46339768171310425,0.7390409708023071,-0.08233335614204407,0.45651912689208984,0.7718889713287354,-0.08168398588895798,0.426364541053772,0.6963539123535156,-0.03534442186355591,0.42933711409568787,0.6920613050460815,-0.07194042205810547,0.43148621916770935,0.7514845132827759,-0.06633303314447403,0.4309256076812744,0.7765677571296692,-0.05423084646463394,0.39101076126098633,0.7116411924362183,-0.04117583483457565,0.39737072587013245,0.7044631838798523,-0.06499968469142914,0.40487152338027954,0.7476166486740112,-0.057723402976989746,0.4080933928489685,0.7692221999168396,-0.046298038214445114
lead,0.4382230341434479,0.8593186140060425,2.0567144076721888e-07,0.46625450253486633,0.8648263812065125,-0.04198536276817322,0.49538207054138184,0.829191267490387,-0.06937720626592636,0.49153992533683777,0.7794217467308044,-0.09181931614875793,0.4656250774860382,0.7407084703445435,-0.11133911460638046,0.5082963705062866,0.7040706276893616,-0.050847262144088745,0.5178072452545166,0.6191892623901367,-0.08606073260307312,0.5222095847129822,0.5584017634391785,-0.10374677926301956,0.5222837328910828,0.5073457360267639,-0.11422980576753616,0.4705478549003601,0.6790712475776672,-0.043780677020549774,0.47248607873916626,0.6850515604019165,-0.08418915420770645,0.4638412892818451,0.7567387819290161,-0.08316757529973984,0.46165668964385986,0.7714542746543884,-0.07326454669237137,0.4333438575267792,0.6775777339935303,-0.041890740394592285,0.4324992001056671,0.7106116414070129,-0.07985401898622513,0.4332917034626007,0.7663012146949768,-0.06521953642368317,0.43716320395469666,0.7713844776153564,-0.04718216881155968,0.397732675075531,0.6900292634963989,-0.044094447046518326,0.401388555765152,0.724962592124939,-0.06873016804456711,0.40746966004371643,0.7667245864868164,-0.059488702565431595,0.4124768376350403,0.7687520384788513,-0.046239886432886124
lead,0.4263387620449066,0.8837063312530518,-4.115873863952402e-08,0.4679637551307678,0.8677257299423218,-0.026107637211680412,0.4966675043106079,0.8146951198577881,-0.042348578572273254,0.4831283986568451,0.7655035853385925,-0.0579073466360569,0.4504704177379608,0.7377671003341675,-0.0721282809972763,0.5031962990760803,0.6935919523239136,-0.03130939602851868,0.514472484588623,0.595468282699585,-0.05431710183620453,0.5197358131408691,0.5379621386528015,-0.06817499548196793,0.5210312604904175,0.48791569471359253,-0.0787464901804924,0.465267539024353,0.6837214827537537,-0.033033955842256546,0.4704865515232086,0.6809548735618591,-0.0713840201497078,0.46506303548812866,0.7439266443252563,-0.08139043301343918,0.4590402841567993,0.7733157277107239,-0.0810028687119484,0.42880672216415405,0.6915037035942078,-0.03700617328286171,0.4327428638935089,0.6982410550117493,-0.07246684283018112,0.4348719120025635,0.7563696503639221,-0.0669303685426712,0.43462809920310974,0.7789513468742371,-0.05561118200421333,0.39415571093559265,0.7081740498542786,-0.043502844870090485,0.4019334614276886,0.7122596502304077,-0.0669596791267395,0.4089210033416748,0.7551387548446655,-0.06055464968085289,0.41207411885261536,0.7742807269096375,-0.05008730664849281
lead,0.42981645464897156,0.8890235424041748,-4.642986439762353e-08,0.47040313482284546,0.8723211288452148,-0.0267000962048769,0.5017401576042175,0.8190203309059143,-0.04400672763586044,0.48730674386024475,0.7703343629837036,-0.060626059770584106,0.4530923664569855,0.7409745454788208,-0.07612568885087967,0.5061436295509338,0.6978380084037781,-0.033222686499357224,0.5189549922943115,0.600532054901123,-0.05841797590255737,0.5253036022186279,0.5414771437644958,-0.07401002943515778,0.5267361998558044,0.4896848797798157,-0.08597847074270248,0.4677467346191406,0.6884534955024719,-0.035091716796159744,0.471331387758255,0.685300350189209,-0.07471691817045212,0.4657537639141083,0.7538601160049438,-0.08344003558158875,0.46114856004714966,0.7835078239440918,-0.08227334171533585,0.4312136173248291,0.6969746947288513,-0.039503518491983414,0.43279051780700684,0.7007630467414856,-0.0746932253241539,0.43641382455825806,0.7610706090927124,-0.06586111336946487,0.43861067295074463,0.7828159332275391,-0.053038228303194046,0.39586207270622253,0.7141332030296326,-0.04679293558001518,0.4020005464553833,0.7190729379653931,-0.06971567869186401,0.4097818434238434,0.762910008430481,-0.06145552173256874,0.4147936999797821,0.7796472311019897,-0.05007088929414749
lead,0.43665140867233276,0.8638021349906921,2.0718988480439293e-07,0.46749556064605713,0.8685342669487,-0.040892429649829865,0.4971919059753418,0.8356336951255798,-0.0676102489233017,0.4935440123081207,0.7875749468803406,-0.08946175873279572,0.4709298610687256,0.7469477653503418,-0.10881391912698746,0.511135458946228,0.7168889045715332,-0.04803000018000603,0.5207006931304932,0.6342522501945496,-0.0811498686671257,0.5254846811294556,0.5716058611869812,-0.09802260249853134,0.5249667763710022,0.5220186710357666,-0.10820510238409042,0.4746124744415283,0.6935234069824219,-0.04150601848959923,0.48237401247024536,0.6858038306236267,-0.08031851798295975,0.47354045510292053,0.7582213878631592,-0.07908689975738525,0.4697050154209137,0.7792868614196777,-0.06864842772483826,0.4384439289569855,0.6902307868003845,-0.0399920754134655,0.44076910614967346,0.7110525369644165,-0.07704667001962662,0.43975067138671875,0.7695882320404053,-0.06271747499704361,0.4408036768436432,0.7811669707298279,-0.04442279040813446,0.40249884128570557,0.7004339694976807,-0.04238163307309151,0.4077599048614502,0.7273083329200745,-0.06731782853603363,0.41240423917770386,0.7705124020576477,-0.05869676545262337,0.4153926968574524,0.7763059735298157,-0.04582216218113899
lead,0.42915645241737366,0.8906989097595215,-3.6423131177798496e-08,0.4704677164554596,0.875542938709259,-0.02719721384346485,0.5020771622657776,0.8253698945045471,-0.04454291611909866,0.4891776740550995,0.7775371670722961,-0.061046455055475235,0.45840200781822205,0.7449283003807068,-0.0759650394320488,0.5089655518531799,0.7007525563240051,-0.03136289119720459,0.5210885405540466,0.6046015620231628,-0.056168798357248306,0.5275105237960815,0.5458500981330872,-0.07089725136756897,0.5286924839019775,0.4948330223560333,-0.0818832665681839,0.4706127345561981,0.6875609159469604,-0.03276586905121803,0.476661741733551,0.6879269480705261,-0.07160079479217529,0.4721015393733978,0.7554351687431335,-0.08008724451065063,0.4671385884284973,0.7844918966293335,-0.07836540788412094,0.43382349610328674,0.6942054033279419,-0.036921072751283646,0.43755194544792175,0.7080591320991516,-0.0722770020365715,0.44016173481941223,0.7675436735153198,-0.0647314041852951,0.4408529996871948,0.7868636846542358,-0.05230465531349182,0.39847037196159363,0.7101938724517822,-0.04393113777041435,0.4068157374858856,0.7252389788627625,-0.0668717697262764,0.4133690297603607,0.7700789570808411,-0.059625159949064255,0.4163154065608978,0.7848902344703674,-0.04863829165697098
lead,0.42919501662254333,0.8946892023086548,-5.1983139570666026e-08,0.46977898478507996,0.8807756900787354,-0.02745322324335575,0.50165855884552,0.8300350308418274,-0.045177608728408813,0.4893236756324768,0.780755877494812,-0.06206246092915535,0.45876315236091614,0.747776985168457,-0.07748905569314957,0.5086053013801575,0.7040156126022339,-0.03258439525961876,0.520199716091156,0.6078724265098572,-0.05705777928233147,0.5258172154426575,0.5493243336677551,-0.07177549600601196,0.5273998975753784,0.4982999861240387,-0.08297380059957504,0.4705755114555359,0.6922656893730164,-0.03395729884505272,0.4765841066837311,0.6940292119979858,-0.07296355813741684,0.4708216190338135,0.762048065662384,-0.081699438393116,0.4658907949924469,0.7904505729675293,-0.08037029951810837,0.4340358376502991,0.6997165083885193,-0.0379304513335228,0.4377475678920746,0.7091617584228516,-0.07343269884586334,0.43989822268486023,0.7692095637321472,-0.06549685448408127,0.4407719075679779,0.7891855239868164,-0.05296076834201813,0.39864587783813477,0.7162640690803528,-0.044737864285707474,0.4062986373901367,0.7248565554618835,-0.06807643920183182,0.4131646454334259,0.7691106796264648,-0.060471683740615845,0.41721078753471375,0.7849485278129578,-0.04927964136004448
lead,0.4339103102684021,0.8660151362419128,2.3155668316121591e-07,0.46744486689567566,0.8768415451049805,-0.04098351299762726,0.503042995929718,0.8453323245048523,-0.06897469609975815,0.49643754959106445,0.7960216999053955,-0.09269020706415176,0.4687987267971039,0.7549575567245483,-0.11418089270591736,0.5144831538200378,0.7205761075019836,-0.0482230968773365,0.521475613117218,0.6335263252258301,-0.0817919671535492,0.5272980332374573,0.5706368088722229,-0.0984276682138443,0.5268895626068115,0.5201605558395386,-0.10877334326505661,0.4767906665802002,0.6977895498275757,-0.04362029209733009,0.48475223779678345,0.6932275891304016,-0.08663961291313171,0.47504138946533203,0.7658137083053589,-0.08862239867448807,0.46973246335983276,0.7838897109031677,-0.07976385951042175,0.4405905306339264,0.6957298517227173,-0.04380795359611511,0.4458385109901428,0.7158606052398682,-0.0840400829911232,0.4444611370563507,0.7763683795928955,-0.07012905925512314,0.4438976049423218,0.7861994504928589,-0.05173131823539734,0.40334606170654297,0.7064215540885925,-0.04801516607403755,0.4115529954433441,0.7368074059486389,-0.07584691792726517,0.4169148802757263,0.7818994522094727,-0.0679391622543335,0.42053234577178955,0.7846365571022034,-0.05521724745631218
lead,0.42974674701690674,0.8969528675079346,-3.8878614105897213e-08,0.4709289073944092,0.883091151714325,-0.028200019150972366,0.5042118430137634,0.8339117765426636,-0.04666895046830177,0.4903657138347626,0.7847459316253662,-0.06407865881919861,0.45873427391052246,0.7524252533912659,-0.0798657163977623,0.5097182393074036,0.7064902782440186,-0.03323996067047119,0.5206388831138611,0.6108965277671814,-0.057945966720581055,0.5260696411132812,0.5524574518203735,-0.07244759052991867,0.5275994539260864,0.5014809370040894,-0.08355551958084106,0.4712231159210205,0.6938426494598389,-0.03463565930724144,0.4799236059188843,0.697604775428772,-0.07343639433383942,0.4740883708000183,0.765349805355072,-0.08198428153991699,0.46787500381469727,0.792536199092865,-0.08065282553434372,0.434468537569046,0.7016841769218445,-0.03873582184314728,0.4400326609611511,0.7145654559135437,-0.0742812529206276,0.44194847345352173,0.7738701701164246,-0.06668735295534134,0.4417804181575775,0.7911461591720581,-0.05458446964621544,0.39892080426216125,0.7186586856842041,-0.04570532590150833,0.4081307351589203,0.7318911552429199,-0.0687359943985939,0.41455987095832825,0.7755329012870789,-0.061423685401678085,0.41731512546539307,0.7878823280334473,-0.05073035880923271
lead,0.42934733629226685,0.898550271987915,-5.962697002814821e-08,0.47073855996131897,0.8856483697891235,-0.02741778828203678,0.5056358575820923,0.8373895883560181,-0.045349862426519394,0.4905548393726349,0.7899142503738403,-0.06232104077935219,0.45864981412887573,0.7561520934104919,-0.07770437747240067,0.5091173052787781,0.7083064317703247,-0.03273247554898262,0.5205217003822327,0.6129623055458069,-0.05687806382775307,0.5259587168693542,0.55549156665802,-0.07130946218967438,0.5279442071914673,0.5046674609184265,-0.08241517841815948,0.4710644781589508,0.6932334303855896,-0.0343509167432785,0.4786788523197174,0.7076077461242676,-0.07320133596658707,0.47192925214767456,0.7736247777938843,-0.08322297036647797,0.4654151499271393,0.7993798851966858,-0.0829506516456604,0.4347708821296692,0.7006801962852478,-0.03837725520133972,0.43952375650405884,0.7234583497047424,-0.07357528805732727,0.44104400277137756,0.7806753516197205,-0.06743606925010681,0.4413653016090393,0.7960323691368103,-0.05644150823354721,0.40008825063705444,0.7174434661865234,-0.04519713670015335,0.40897905826568604,0.7396511435508728,-0.06819948554039001,0.415111780166626,0.7838556170463562,-0.061550628393888474,0.41837480664253235,0.7957871556282043,-0.05106601119041443
lead,0.4414275288581848,0.8818474411964417,2.1914655690125073e-07,0.47106918692588806,0.8854677677154541,-0.045371390879154205,0.4998546838760376,0.8547978401184082,-0.07648494839668274,0.4953268766403198,0.8063777685165405,-0.10235249251127243,0.4705478549003601,0.7643794417381287,-0.12570007145404816,0.5138731598854065,0.7281348705291748,-0.05568516254425049,0.5230307579040527,0.646735668182373,-0.09224110841751099,0.5273601412773132,0.5836770534515381,-0.11133845150470734,0.5267466306686401,0.5343871712684631,-0.12287157773971558,0.47515636682510376,0.7013258934020996,-0.04815259948372841,0.47954270243644714,0.7055788636207581,-0.08937317878007889,0.4707114100456238,0.77998286485672,-0.08774597942829132,0.46652400493621826,0.7989401817321777,-0.07726483792066574,0.4380585551261902,0.6982103586196899,-0.046066299080848694,0.4365066885948181,0.729742169380188,-0.08445898443460464,0.4372648596763611,0.7888202667236328,-0.06846275180578232,0.439344584941864,0.8008729219436646,-0.04950445145368576,0.40208515524864197,0.7098422646522522,-0.04854535683989525,0.4039851725101471,0.7457469701766968,-0.07537785917520523,0.40910959243774414,0.7904335260391235,-0.06647750735282898,0.4125839173793793,0.7980043292045593,-0.05307823047041893
lead,0.4350626468658447,0.9057319760322571,-4.80637041277987e-08,0.47182396054267883,0.8894856572151184,-0.02732371911406517,0.5021882057189941,0.8407120704650879,-0.04617917165160179,0.48957931995391846,0.7952021360397339,-0.06437918543815613,0.4596628248691559,0.7617092728614807,-0.08101996034383774,0.5081630349159241,0.7120158076286316,-0.03430146351456642,0.5199757814407349,0.6170633435249329,-0.059236396104097366,0.5256742238998413,0.558867335319519,-0.07400181144475937,0.5278357267379761,0.5083587169647217,-0.08512990921735764,0.4696251451969147,0.6982623338699341,-0.0361015647649765,0.4750543236732483,0.7124571204185486,-0.07562650740146637,0.4676031768321991,0.7796372771263123,-0.08475491404533386,0.4622088670730591,0.8054887056350708,-0.08368449658155441,0.4329224228858948,0.7058134078979492,-0.040327440947294235,0.43577876687049866,0.7269419431686401,-0.07564108818769455,0.43761301040649414,0.7853671312332153,-0.06802745163440704,0.4394412040710449,0.8021930456161499,-0.05587679147720337,0.39849185943603516,0.722812294960022,-0.04748864844441414,0.40549981594085693,0.7417857646942139,-0.07040760666131973,0.41239506006240845,0.785860002040863,-0.06289695203304291,0.4174267053604126,0.7992522716522217,-0.0516267791390419
lead,0.42944851517677307,0.9042363166809082,-4.314866330901168e-08,0.46952566504478455,0.8903175592422485,-0.029132772237062454,0.5022674202919006,0.8444326519966125,-0.04863842576742172,0.4884456396102905,0.7982200980186462,-0.06699635088443756,0.45958301424980164,0.7622848153114319,-0.0836922749876976,0.5082682967185974,0.7145681977272034,-0.03574354201555252,0.5203691124916077,0.620166003704071,-0.06285680085420609,0.5271722674369812,0.5612373948097229,-0.07948734611272812,0.5295242667198181,0.5093731880187988,-0.0916479080915451,0.4694215953350067,0.698013186454773,-0.03661584481596947,0.4776543378829956,0.711758553981781,-0.0772370845079422,0.47101229429244995,0.7792003154754639,-0.08722326904535294,0.4641017019748688,0.8069607615470886,-0.0865679532289505,0.4322141706943512,0.7045841813087463,-0.04020128399133682,0.43799763917922974,0.7305821180343628,-0.07656169682741165,0.4393698275089264,0.7884485125541687,-0.06969469040632248,0.43923649191856384,0.8051276206970215,-0.057784516364336014,0.39702367782592773,0.7213014960289001,-0.04682716727256775,0.40693771839141846,0.7453372478485107,-0.07057103514671326,0.4126000702381134,0.7896149158477783,-0.06376764923334122,0.414459764957428,0.8022978901863098,-0.05279118940234184
lead,0.43910732865333557,0.8814383149147034,2.3388297165638505e-07,0.4684659540653229,0.8861924409866333,-0.043098822236061096,0.498945027589798,0.8544430136680603,-0.07236035913228989,0.4923405647277832,0.8086709976196289,-0.09673725813627243,0.4663294851779938,0.7695719599723816,-0.11897798627614975,0.509393036365509,0.7266106605529785,-0.05268362909555435,0.5184744000434875,0.6460072994232178,-0.08748262375593185,0.5238243937492371,0.5855786800384521,-0.1065288856625557,0.5232815146446228,0.5356560945510864,-0.11845417320728302,0.470083624124527,0.7027767300605774,-0.045775409787893295,0.4765642285346985,0.7083077430725098,-0.08680795878171921,0.46925821900367737,0.7814468741416931,-0.08829038590192795,0.4644426107406616,0.8011265397071838,-0.08007046580314636,0.4330832362174988,0.7014628052711487,-0.043691929429769516,0.435525506734848,0.7347878217697144,-0.08131156116724014,0.43659353256225586,0.792504072189331,-0.06779155880212784,0.43789592385292053,0.8025421500205994,-0.050538524985313416,0.3974874019622803,0.7144895195960999,-0.04581806808710098,0.4033423066139221,0.7483144402503967,-0.07158498466014862,0.4086381196975708,0.7923526763916016,-0.06320825964212418,0.4112498164176941,0.7980464696884155,-0.05033716931939125
lead,0.42859986424446106,0.9043854475021362,-4.363786487715515e-08,0.46759867668151855,0.8910712003707886,-0.029100000858306885,0.5000783801078796,0.8445640802383423,-0.047856010496616364,0.48598557710647583,0.799258291721344,-0.06527362763881683,0.455765038728714,0.767510175704956,-0.08093786984682083,0.5057165026664734,0.717222273349762,-0.03575924038887024,0.5165273547172546,0.6213130354881287,-0.06166651472449303,0.5222920775413513,0.5626965761184692,-0.07721461355686188,0.5246336460113525,0.511695146560669,-0.08869822323322296,0.46760761737823486,0.7009397745132446,-0.03629005327820778,0.4737139642238617,0.714684247970581,-0.07723169773817062,0.4658823609352112,0.7796915173530579,-0.08762570470571518,0.45960450172424316,0.8079760074615479,-0.08701368421316147,0.43079861998558044,0.7065836787223816,-0.039389096200466156,0.43435728549957275,0.7320585250854492,-0.07564051449298859,0.4350124001502991,0.7878615260124207,-0.0701105073094368,0.4359431564807892,0.8046834468841553,-0.05892818793654442,0.3959101736545563,0.7219801545143127,-0.04547616094350815,0.403677374124527,0.7463493347167969,-0.06895287334918976,0.4100220799446106,0.7877614498138428,-0.06350827217102051,0.41445961594581604,0.7990906834602356,-0.053560808300971985
lead,0.42808592319488525,0.9048029184341431,-4.084818527871903e-08,0.4664633572101593,0.8915137052536011,-0.028416026383638382,0.49594300985336304,0.8440250754356384,-0.046915989369153976,0.4817676544189453,0.8003976941108704,-0.06433653086423874,0.45127373933792114,0.7696818709373474,-0.08027661591768265,0.5018749833106995,0.7171348333358765,-0.03629947081208229,0.5137624740600586,0.6212339997291565,-0.061098530888557434,0.5194141268730164,0.5635094046592712,-0.07617100328207016,0.521880030632019,0.5136592388153076,-0.08741535246372223,0.4634909927845001,0.7028415203094482,-0.03675438463687897,0.4654959440231323,0.7186787128448486,-0.07647962868213654,0.4584656357765198,0.7821041941642761,-0.08668465167284012,0.45430874824523926,0.8098154664039612,-0.08647489547729492,0.42671021819114685,0.7098202109336853,-0.03953150287270546,0.42694365978240967,0.7326465845108032,-0.07418858259916306,0.4292275011539459,0.7880496382713318,-0.06780721992254257,0.4322250187397003,0.8072856664657593,-0.0565057173371315,0.39260634779930115,0.7259680032730103,-0.04537055641412735,0.39791423082351685,0.7460260987281799,-0.06803034245967865,0.40441322326660156,0.7875937223434448,-0.061759285628795624,0.4096066355705261,0.802454948425293,-0.051288340240716934
lead,0.424101859331131,0.879149854183197,1.9159078590291756e-07,0.45694923400878906,0.8869073987007141,-0.04029896482825279,0.4916634261608124,0.8549922704696655,-0.06852120906114578,0.48388567566871643,0.8096208572387695,-0.09274289757013321,0.4577995240688324,0.7719264030456543,-0.11472387611865997,0.5045703053474426,0.7285810112953186,-0.05032610148191452,0.5139022469520569,0.6440957188606262,-0.08785396814346313,0.5193569660186768,0.5836454033851624,-0.10771030187606812,0.5197374820709229,0.5330895185470581,-0.11938054114580154,0.46440932154655457,0.7027444839477539,-0.04491811990737915,0.4668333828449249,0.7128101587295532,-0.08754134178161621,0.45817258954048157,0.7888039946556091,-0.08772863447666168,0.454194575548172,0.8029313683509827,-0.07840446382761002,0.4261898696422577,0.7018682956695557,-0.04455181211233139,0.4242798686027527,0.7349931001663208,-0.08417585492134094,0.4248617887496948,0.7948555946350098,-0.06811350584030151,0.42745479941368103,0.8019513487815857,-0.04877219349145889,0.3894273638725281,0.7153452634811401,-0.04806825518608093,0.391696035861969,0.751704216003418,-0.07364366948604584,0.3960767388343811,0.7971897721290588,-0.0623408742249012,0.39976227283477783,0.801925003528595,-0.04709075018763542
lead,0.41765838861465454,0.9031726121902466,-5.2664304917016125e-08,0.45965078473091125,0.8922929763793945,-0.028408151119947433,0.49242445826530457,0.8453016877174377,-0.046705275774002075,0.4786112308502197,0.7989574074745178,-0.06383790820837021,0.44781768321990967,0.768513023853302,-0.07939141243696213,0.49985575675964355,0.7182077765464783,-0.034442123025655746,0.5103613138198853,0.622344434261322,-0.059827957302331924,0.5162220001220703,0.5641590356826782,-0.07524619251489639,0.518618643283844,0.513499915599823,-0.08668199181556702,0.46091169118881226,0.7016984224319458,-0.03517372906208038,0.4683225750923157,0.7154861688613892,-0.07567688822746277,0.46050214767456055,0.7799952626228333,-0.0862773209810257,0.4535813331604004,0.8073908090591431,-0.08578823506832123,0.4239041805267334,0.7074964642524719,-0.03838595002889633,0.42815375328063965,0.734140157699585,-0.07402555644512177,0.4286743998527527,0.7893626689910889,-0.06837466359138489,0.4291701912879944,0.8056650161743164,-0.057148683816194534,0.38942116498947144,0.722716212272644,-0.0445740781724453,0.39819616079330444,0.7477827072143555,-0.06727825105190277,0.4027710556983948,0.7895760536193848,-0.061274453997612,0.40509673953056335,0.8014395833015442,-0.05097653716802597
lead,0.41837549209594727,0.9029424786567688,-4.6191573233045347e-08,0.4558280408382416,0.8894914984703064,-0.02799476496875286,0.4852057695388794,0.8419831991195679,-0.046670738607645035,0.4713886082172394,0.7943555116653442,-0.06445196270942688,0.4402308762073517,0.7652031779289246,-0.0805586576461792,0.49390357732772827,0.7165630459785461,-0.03459553048014641,0.5054693222045898,0.6210541725158691,-0.05830751359462738,0.5101313591003418,0.5644960403442383,-0.07194690406322479,0.511995792388916,0.5154570937156677,-0.08249814808368683,0.45617443323135376,0.7038991451263428,-0.035502173006534576,0.45570653676986694,0.7207016944885254,-0.07360000163316727,0.4489287734031677,0.7847076058387756,-0.08198708295822144,0.4467005133628845,0.8068915605545044,-0.08093205839395523,0.42027902603149414,0.7117335796356201,-0.038858864456415176,0.4171581268310547,0.735207736492157,-0.07260742783546448,0.4195784628391266,0.7901217937469482,-0.06492994725704193,0.42455247044563293,0.8037410378456116,-0.05324835702776909,0.3867679834365845,0.7275732159614563,-0.04530799016356468,0.38811829686164856,0.7477550506591797,-0.06682013720273972,0.3938443958759308,0.7894330620765686,-0.05950057879090309,0.4004198908805847,0.8008415699005127,-0.048797715455293655
lead,0.41411712765693665,0.9047955870628357,-2.3641289814690936e-08,0.4515945613384247,0.8915703892707825,-0.02930009551346302,0.4814321994781494,0.8437834978103638,-0.04871039465069771,0.46809858083724976,0.7967315316200256,-0.06708718091249466,0.43764248490333557,0.7659974098205566,-0.08373884111642838,0.4896785020828247,0.718363881111145,-0.035784270614385605,0.5005444288253784,0.6217459440231323,-0.061247531324625015,0.5055164098739624,0.5631580948829651,-0.07567600160837173,0.5071671605110168,0.5125113129615784,-0.08655471354722977,0.45153549313545227,0.705035388469696,-0.036338239908218384,0.44936448335647583,0.7179750800132751,-0.07547338306903839,0.44226914644241333,0.783786952495575,-0.08281508088111877,0.4413953125476837,0.8053826689720154,-0.08066147565841675,0.41487595438957214,0.7118593454360962,-0.03975924104452133,0.4113752841949463,0.7336801290512085,-0.07461588084697723,0.41433343291282654,0.7899525165557861,-0.06561481952667236,0.42062908411026,0.8031010627746582,-0.05281854048371315,0.3806581199169159,0.7273090481758118,-0.04649132862687111,0.38308942317962646,0.749373197555542,-0.06913713365793228,0.38932517170906067,0.7921470403671265,-0.061563119292259216,0.39668992161750793,0.8028515577316284,-0.05040556937456131
lead,0.40412285923957825,0.9009807109832764,-3.6455510610267083e-08,0.44484227895736694,0.8904851675033569,-0.028999926522374153,0.4762701690196991,0.8433518409729004,-0.04709301516413689,0.4619157910346985,0.7938502430915833,-0.06415583938360214,0.42999815940856934,0.7643865942955017,-0.07977773249149323,0.48458173871040344,0.7181645035743713,-0.033057741820812225,0.4948035776615143,0.6189200282096863,-0.05674733221530914,0.49936291575431824,0.5606706142425537,-0.0707348957657814,0.5009260177612305,0.5100240707397461,-0.08138419687747955,0.4470188617706299,0.7076959013938904,-0.033596284687519073,0.44864171743392944,0.709570050239563,-0.0738363042473793,0.44185569882392883,0.7744470834732056,-0.08427123725414276,0.4385574758052826,0.8027012348175049,-0.08349025994539261,0.4110228419303894,0.7149674892425537,-0.03664151951670647,0.4098164439201355,0.7244970202445984,-0.07323750853538513,0.4119564890861511,0.7823233008384705,-0.06711863726377487,0.41584762930870056,0.8024106025695801,-0.054957713931798935,0.3765507936477661,0.7298188805580139,-0.04253099486231804,0.37982723116874695,0.7363100051879883,-0.06684727966785431,0.3870270848274231,0.7790440917015076,-0.06033224239945412,0.39426112174987793,0.7962380051612854,-0.04916388541460037
lead,0.40610867738723755,0.8688838481903076,1.4926210667454143e-07,0.43870386481285095,0.8750609755516052,-0.039941806346178055,0.4682927429676056,0.8431967496871948,-0.06752845644950867,0.4606671929359436,0.8001771569252014,-0.09097760170698166,0.43582701683044434,0.7606977820396423,-0.11290591210126877,0.48532867431640625,0.724155843257904,-0.052783362567424774,0.49295416474342346,0.6269137263298035,-0.090069979429245,0.4959205985069275,0.5622971653938293,-0.10986465960741043,0.49596136808395386,0.5107471942901611,-0.12173047661781311,0.44857245683670044,0.70561683177948,-0.04768175631761551,0.4460447132587433,0.7036717534065247,-0.09404810518026352,0.4367496073246002,0.7799391746520996,-0.09720411896705627,0.43728139996528625,0.8009576201438904,-0.08956384658813477,0.41120919585227966,0.7051330804824829,-0.04710093140602112,0.4046231508255005,0.7217739224433899,-0.08768530935049057,0.40449944138526917,0.7823899984359741,-0.07195567339658737,0.41020169854164124,0.7946441173553467,-0.05289069190621376,0.37436509132385254,0.7162590026855469,-0.050389137119054794,0.3721698522567749,0.7388767004013062,-0.0772683396935463,0.37725260853767395,0.7860549092292786,-0.06646481901407242,0.3846738636493683,0.7949618697166443,-0.05143970623612404
lead,0.39928197860717773,0.8969781994819641,-3.704445461494288e-08,0.4395281970500946,0.8872238397598267,-0.028125852346420288,0.47192278504371643,0.8397989273071289,-0.04618882015347481,0.4566829800605774,0.7901306748390198,-0.06332358717918396,0.423182874917984,0.7625027894973755,-0.07901568710803986,0.4791194796562195,0.7154500484466553,-0.03420093655586243,0.4907674789428711,0.6158341765403748,-0.05819813534617424,0.4949841797351837,0.5582858920097351,-0.07190417498350143,0.49631956219673157,0.5084217190742493,-0.0824599415063858,0.44097134470939636,0.7050018310546875,-0.03528160601854324,0.4399718642234802,0.7084837555885315,-0.07492166757583618,0.433611124753952,0.7746354937553406,-0.08381882309913635,0.43273019790649414,0.8008817434310913,-0.0825180634856224,0.4049573540687561,0.7125140428543091,-0.03883672133088112,0.40140029788017273,0.7246662974357605,-0.07409629970788956,0.40393683314323425,0.7821427583694458,-0.06614992022514343,0.41009560227394104,0.8002814650535583,-0.053612641990184784,0.37071216106414795,0.7281081080436707,-0.04535992071032524,0.3719644248485565,0.7377532720565796,-0.06810323148965836,0.37836840748786926,0.7802425622940063,-0.06045791879296303,0.38643917441368103,0.7955603003501892,-0.049189284443855286
lead,0.39694899320602417,0.8929362893104553,-3.585379815262968e-08,0.43661725521087646,0.8827459812164307,-0.029000893235206604,0.469174861907959,0.8347185254096985,-0.04652847349643707,0.4544610381126404,0.7862943410873413,-0.06280380487442017,0.420802503824234,0.7596369981765747,-0.07761243730783463,0.47504186630249023,0.710419237613678,-0.034890320152044296,0.48659640550613403,0.6115604639053345,-0.05860280245542526,0.49019014835357666,0.5544321537017822,-0.07210054248571396,0.491023451089859,0.503689706325531,-0.08256954699754715,0.4369421899318695,0.7000828981399536,-0.035511527210474014,0.43543511629104614,0.7043607234954834,-0.07546698302030563,0.4297909736633301,0.7700831294059753,-0.0850415751338005,0.4289851188659668,0.7980215549468994,-0.08409661799669266,0.40080055594444275,0.7077127695083618,-0.038614220917224884,0.3971022367477417,0.7208091616630554,-0.07479596138000488,0.3998507261276245,0.778706967830658,-0.06816615909337997,0.4056294560432434,0.7983933687210083,-0.05612915754318237,0.3666943609714508,0.7236012816429138,-0.04465808346867561,0.3683164715766907,0.7351238131523132,-0.06859057396650314,0.3749410808086395,0.7778838276863098,-0.06217104569077492,0.38263893127441406,0.7937858700752258,-0.051498040556907654
lead,0.39899712800979614,0.8645617365837097,1.6009751391266036e-07,0.4330555200576782,0.8677574992179871,-0.042119428515434265,0.46316975355148315,0.8348914980888367,-0.07068731635808945,0.454883873462677,0.7891350984573364,-0.0940786600112915,0.4260067939758301,0.7542246580123901,-0.11513040959835052,0.4771886169910431,0.7101781368255615,-0.0543598048388958,0.48624366521835327,0.6205189824104309,-0.09200143814086914,0.48722320795059204,0.559759259223938,-0.11164985597133636,0.4850808382034302,0.5075031518936157,-0.12368625402450562,0.43780192732810974,0.6882365345954895,-0.0473763644695282,0.43378669023513794,0.6979287266731262,-0.09152324497699738,0.43023237586021423,0.7730540633201599,-0.09314300864934921,0.4329632520675659,0.7864259481430054,-0.08518680185079575,0.39894363284111023,0.6893869638442993,-0.04512657970190048,0.389644593000412,0.7245439291000366,-0.08399628102779388,0.3953326642513275,0.7826047539710999,-0.06846432387828827,0.4031636118888855,0.7884522676467896,-0.05040832981467247,0.362388014793396,0.7036864757537842,-0.04702789708971977,0.3590185046195984,0.7406370043754578,-0.07299846410751343,0.36795949935913086,0.7867059111595154,-0.06336380541324615,0.37674620747566223,0.7916337847709656,-0.04957180097699165
lead,0.3946792483329773,0.8887132406234741,-1.0484138890376471e-08,0.43458661437034607,0.8767629861831665,-0.029026513919234276,0.46445226669311523,0.8272939920425415,-0.04621083661913872,0.4498399794101715,0.7789441347122192,-0.0623493418097496,0.4163588881492615,0.7504614591598511,-0.07700251042842865,0.4726036787033081,0.7068647742271423,-0.033189065754413605,0.4835282862186432,0.6064802408218384,-0.0577239990234375,0.4871125817298889,0.5485756397247314,-0.07184513658285141,0.4876200258731842,0.4970066547393799,-0.08261840790510178,0.4341358244419098,0.6983787417411804,-0.03404344618320465,0.43437865376472473,0.6937979459762573,-0.07481668144464493,0.43034684658050537,0.7604469656944275,-0.08460303395986557,0.429445743560791,0.789151132106781,-0.08341151475906372,0.39779192209243774,0.706277072429657,-0.0376863107085228,0.3942401707172394,0.7128217816352844,-0.07505036890506744,0.3985593914985657,0.7723832130432129,-0.06858442723751068,0.40403321385383606,0.7932275533676147,-0.05616497993469238,0.36329326033592224,0.7226817607879639,-0.04421186447143555,0.36482977867126465,0.7297999262809753,-0.06907527148723602,0.3729780912399292,0.7727279663085938,-0.06274418532848358,0.3803568482398987,0.7895287871360779,-0.051955871284008026
lead,0.3890511989593506,0.8785426020622253,-1.6342104558475512e-08,0.43081197142601013,0.8705530166625977,-0.03202402964234352,0.46332764625549316,0.8241855502128601,-0.050722841173410416,0.446407675743103,0.7742406129837036,-0.06761332601308823,0.41489189863204956,0.7433327436447144,-0.08287567645311356,0.4716915190219879,0.6998719573020935,-0.0370083786547184,0.48135465383529663,0.6006651520729065,-0.06297940015792847,0.4845745861530304,0.5421555638313293,-0.07812618464231491,0.4849185645580292,0.4902096390724182,-0.08948158472776413,0.43299758434295654,0.6880624294281006,-0.036294080317020416,0.4307675361633301,0.6897339820861816,-0.07862655818462372,0.42626136541366577,0.7557799816131592,-0.08913149684667587,0.42533376812934875,0.7849979400634766,-0.08808272331953049,0.3964613676071167,0.6944583654403687,-0.038495924323797226,0.39064061641693115,0.7087323069572449,-0.0771653950214386,0.39494428038597107,0.7680426239967346,-0.07124146074056625,0.40080684423446655,0.7890551090240479,-0.05880235880613327,0.36169883608818054,0.7095057964324951,-0.04383007809519768,0.3620983958244324,0.7251461148262024,-0.07001559436321259,0.3698175549507141,0.7693320512771606,-0.06480498611927032,0.37744709849357605,0.7850378751754761,-0.054381512105464935
lead,0.396100252866745,0.8523227572441101,1.6855034346008324e-07,0.4302816689014435,0.8554828763008118,-0.04326271265745163,0.4628264605998993,0.8216825723648071,-0.07303118705749512,0.45416784286499023,0.7735795378684998,-0.09745240211486816,0.4235766530036926,0.7379541993141174,-0.11954224854707718,0.4751867353916168,0.6978563666343689,-0.05637127533555031,0.48329097032546997,0.6060985326766968,-0.09532147645950317,0.4846895933151245,0.5447214245796204,-0.11523651331663132,0.48245134949684143,0.4925263226032257,-0.12699268758296967,0.4358534514904022,0.677434504032135,-0.048910997807979584,0.43245968222618103,0.6849172711372375,-0.09450407326221466,0.4289521276950836,0.7607986927032471,-0.09551870822906494,0.4295123219490051,0.7739720940589905,-0.08664926141500473,0.3972301483154297,0.6782546043395996,-0.046356070786714554,0.3870701789855957,0.712611734867096,-0.08678524941205978,0.3933618664741516,0.7717365026473999,-0.07065722346305847,0.3996124863624573,0.7770293951034546,-0.051745086908340454,0.3604457378387451,0.6915586590766907,-0.047909438610076904,0.3558501601219177,0.7298306822776794,-0.07406266778707504,0.3654252886772156,0.7772421836853027,-0.0636528730392456,0.3732271194458008,0.7810544371604919,-0.04924320429563522
lead,0.3883153200149536,0.8726507425308228,-2.0243778209305674e-08,0.4305401146411896,0.8643020391464233,-0.03221738710999489,0.46385374665260315,0.8149441480636597,-0.04935251548886299,0.4480624496936798,0.7636385560035706,-0.0642554759979248,0.4145258665084839,0.7347689867019653,-0.07736176252365112,0.470786988735199,0.6930357217788696,-0.03513852879405022,0.4811389744281769,0.593089759349823,-0.05995399132370949,0.4844397008419037,0.5351625680923462,-0.07403894513845444,0.4843849837779999,0.48395025730133057,-0.0845901146531105,0.4328770339488983,0.6844813823699951,-0.03413977846503258,0.43342331051826477,0.6785030364990234,-0.07510711252689362,0.4286803603172302,0.7463452219963074,-0.08469945937395096,0.42665502429008484,0.7762741446495056,-0.0828784704208374,0.39717432856559753,0.6907970905303955,-0.036323901265859604,0.39335909485816956,0.6975163817405701,-0.07510153204202652,0.39705419540405273,0.7599728107452393,-0.06969166547060013,0.4013652503490448,0.7817732691764832,-0.057214897125959396,0.3630363941192627,0.7052509188652039,-0.04150409996509552,0.3643656373023987,0.7124538421630859,-0.06763594597578049,0.3719726800918579,0.7580935955047607,-0.062234725803136826,0.37793469429016113,0.7756727337837219,-0.0517854243516922
lead,0.3901553153991699,0.8666883111000061,-3.606049858717597e-08,0.43299221992492676,0.8557646870613098,-0.03081296943128109,0.46476030349731445,0.8053061366081238,-0.04642745107412338,0.44533416628837585,0.7557792067527771,-0.05992019549012184,0.4126012921333313,0.7271489500999451,-0.07165701687335968,0.4712163507938385,0.6850663423538208,-0.033488381654024124,0.4816610813140869,0.5849574208259583,-0.057724252343177795,0.4847090244293213,0.5277171730995178,-0.07237767428159714,0.48511338233947754,0.47709864377975464,-0.0833158940076828,0.43291404843330383,0.678253710269928,-0.03299158066511154,0.43159347772598267,0.6708124876022339,-0.07385333627462387,0.42694035172462463,0.7366645932197571,-0.08508314937353134,0.42480286955833435,0.770033061504364,-0.08450543880462646,0.3971709609031677,0.6859391927719116,-0.03547298535704613,0.3922998905181885,0.68990159034729,-0.07356280088424683,0.39604461193084717,0.7512707114219666,-0.06963470578193665,0.40022170543670654,0.7761574983596802,-0.05821003392338753,0.36330050230026245,0.70234215259552,-0.04082266986370087,0.36412325501441956,0.7055461406707764,-0.06660240888595581,0.3723580837249756,0.7504901885986328,-0.06169204041361809,0.3787168264389038,0.7712006568908691,-0.05153442546725273
lead,0.38893240690231323,0.8627210855484009,-3.431171791135057e-08,0.43307003378868103,0.850801944732666,-0.03070068173110485,0.46390300989151,0.8011413812637329,-0.0471956767141819,0.448789119720459,0.7501238584518433,-0.06193064525723457,0.41708001494407654,0.7220299243927002,-0.07504285871982574,0.4726201593875885,0.6822438836097717,-0.03353426605463028,0.4823172390460968,0.5809522271156311,-0.05791587010025978,0.48558664321899414,0.522628903388977,-0.07248786091804504,0.4855912923812866,0.47154414653778076,-0.08333299309015274,0.4349825382232666,0.6749303936958313,-0.03307812288403511,0.4352690577507019,0.6621778011322021,-0.07398802042007446,0.4300045371055603,0.7258917093276978,-0.08488792181015015,0.42663002014160156,0.7582452297210693,-0.08402314782142639,0.39954861998558044,0.6811606287956238,-0.03557608649134636,0.3963298201560974,0.6818114519119263,-0.07349051535129547,0.3996833562850952,0.7410033345222473,-0.06917237490415573,0.4026432931423187,0.7658160924911499,-0.057484857738018036,0.3655470311641693,0.6955481171607971,-0.040982361882925034,0.3672035038471222,0.6946841478347778,-0.06660894304513931,0.3752076327800751,0.7379270195960999,-0.06164214015007019,0.38100942969322205,0.7592446804046631,-0.05150746926665306
lead,0.39793476462364197,0.8277748823165894,1.755372096567953e-07,0.43172821402549744,0.8347210884094238,-0.040989894419908524,0.4640946388244629,0.7994375228881836,-0.06724252551794052,0.4553949534893036,0.7502709031105042,-0.088296078145504,0.42654722929000854,0.7123749256134033,-0.10725784301757812,0.4757835566997528,0.6811080574989319,-0.0532425194978714,0.4848487973213196,0.5837329626083374,-0.08915374428033829,0.4869685471057892,0.5215837359428406,-0.1072034016251564,0.4848916232585907,0.46858757734298706,-0.1180465817451477,0.43730297684669495,0.662122368812561,-0.04652763158082962,0.4359145164489746,0.6580604910850525,-0.08921623975038528,0.4329104721546173,0.7293245196342468,-0.09073144197463989,0.43461379408836365,0.7442868947982788,-0.08269796520471573,0.39987683296203613,0.6631242632865906,-0.044331543147563934,0.3909165859222412,0.6893924474716187,-0.08275257796049118,0.39664924144744873,0.7469659447669983,-0.06734723597764969,0.4036118984222412,0.7520886659622192,-0.04916492849588394,0.36467665433883667,0.6757222414016724,-0.04600927606225014,0.3618259131908417,0.7045785784721375,-0.07115483283996582,0.3705727756023407,0.7506148815155029,-0.06030358746647835,0.37748464941978455,0.7549591064453125,-0.04580135643482208
lead,0.3912493884563446,0.855364203453064,-2.2338998206805627e-08,0.43492525815963745,0.8442177772521973,-0.031746041029691696,0.4644395112991333,0.7945843935012817,-0.048299554735422134,0.44847238063812256,0.7439822554588318,-0.06276968866586685,0.4172338545322418,0.7177727818489075,-0.07562151551246643,0.47375091910362244,0.6751368045806885,-0.035136714577674866,0.48386913537979126,0.5736653804779053,-0.05976828560233116,0.48669615387916565,0.515568196773529,-0.07491219788789749,0.4863668978214264,0.4647824764251709,-0.08623848110437393,0.4362630546092987,0.6723399758338928,-0.0342598557472229,0.4339670240879059,0.6539780497550964,-0.07530318945646286,0.43039411306381226,0.7166063785552979,-0.0866580605506897,0.4292897582054138,0.7497652173042297,-0.08632340282201767,0.4012098014354706,0.6808820962905884,-0.03640386089682579,0.3957783877849579,0.6740390062332153,-0.07409392297267914,0.4003325402736664,0.732650637626648,-0.0700022429227829,0.40469661355018616,0.7586038708686829,-0.05864935368299484,0.36775606870651245,0.6969872117042542,-0.04157806932926178,0.3673648536205292,0.6897534728050232,-0.06714846938848495,0.3757784068584442,0.7321254014968872,-0.06230596825480461,0.38233107328414917,0.7544183731079102,-0.05247502401471138
lead,0.39051198959350586,0.8527800440788269,-4.814211251868983e-08,0.43684375286102295,0.8407815098762512,-0.0310191810131073,0.46688252687454224,0.7875797152519226,-0.04626011103391647,0.4526617228984833,0.735806941986084,-0.059376008808612823,0.42081600427627563,0.7088918685913086,-0.07087688893079758,0.47545841336250305,0.6708376407623291,-0.033574193716049194,0.4858914613723755,0.5691473484039307,-0.058454956859350204,0.48937487602233887,0.5105814933776855,-0.07392477244138718,0.48955413699150085,0.4598551392555237,-0.08531353622674942,0.4374043345451355,0.6673824191093445,-0.03255914896726608,0.4368364214897156,0.647964358329773,-0.07381531596183777,0.4316697418689728,0.7130281329154968,-0.08503019064664841,0.4286447763442993,0.7475495338439941,-0.08415679633617401,0.40187811851501465,0.6749294400215149,-0.034652601927518845,0.39812171459198,0.6674754619598389,-0.07208885252475739,0.4011475741863251,0.7273833751678467,-0.06785736232995987,0.40403681993484497,0.7531573176383972,-0.056180570274591446,0.3680005967617035,0.6901194453239441,-0.03972432017326355,0.3684726357460022,0.6829855442047119,-0.06419818848371506,0.3763413727283478,0.7252084612846375,-0.058931220322847366,0.38194745779037476,0.7466957569122314,-0.04889574274420738
lead,0.40355128049850464,0.8167319297790527,1.3215714034231496e-07,0.4379115402698517,0.8239344954490662,-0.04366891086101532,0.47017133235931396,0.7852836847305298,-0.06996842473745346,0.4634495675563812,0.7360906600952148,-0.09100525826215744,0.4338735342025757,0.6981133818626404,-0.10962750762701035,0.48107585310935974,0.6702418327331543,-0.053943559527397156,0.4886104464530945,0.5706214308738708,-0.09199266135692596,0.4919622242450714,0.5124963521957397,-0.10986572504043579,0.49243593215942383,0.4606465697288513,-0.11989066004753113,0.44528728723526,0.6556586623191833,-0.0467047393321991,0.4390740990638733,0.6485173106193542,-0.09199420362710953,0.4345114827156067,0.7260538935661316,-0.09190376102924347,0.43773046135902405,0.7378523349761963,-0.0820106714963913,0.40903401374816895,0.6564176678657532,-0.045082006603479385,0.3982141613960266,0.6715335249900818,-0.08709940314292908,0.4034707546234131,0.7342479825019836,-0.07021249830722809,0.41172102093696594,0.7376664876937866,-0.04998962581157684,0.3737069368362427,0.6666945219039917,-0.047621697187423706,0.3702830970287323,0.6854065656661987,-0.07484577596187592,0.37921857833862305,0.7322269678115845,-0.06377874314785004,0.38676679134368896,0.7362083792686462,-0.04879515990614891
lead,0.3933658301830292,0.8466089963912964,-3.157558126076765e-08,0.43900421261787415,0.8364837169647217,-0.03089992143213749,0.4714449942111969,0.7862330079078674,-0.04750877991318703,0.4556396007537842,0.7343172430992126,-0.062202777713537216,0.4242175817489624,0.7045309543609619,-0.07518564164638519,0.4794830083847046,0.6642801761627197,-0.03360910341143608,0.4894028902053833,0.5641799569129944,-0.05801110714673996,0.49242040514945984,0.5057088732719421,-0.07226590812206268,0.492116779088974,0.4549466073513031,-0.08307673782110214,0.44190916419029236,0.657849133014679,-0.0330391600728035,0.4430188834667206,0.6437531113624573,-0.07298477739095688,0.438272625207901,0.7072534561157227,-0.08300232142210007,0.43508049845695496,0.7358018755912781,-0.08199025690555573,0.4066760838031769,0.6654235124588013,-0.035566169768571854,0.4041327238082886,0.6654015779495239,-0.07205092906951904,0.40760302543640137,0.7231338620185852,-0.06702608615159988,0.4102999269962311,0.7423020601272583,-0.05576258897781372,0.37237560749053955,0.6810280084609985,-0.04111918434500694,0.3742636740207672,0.6838579773902893,-0.064792200922966,0.3815191388130188,0.7251855731010437,-0.05964095890522003,0.38653919100761414,0.7401394248008728,-0.05034364014863968
lead,0.3989115357398987,0.8453435897827148,-4.350675908426638e-08,0.4447876513004303,0.8319271802902222,-0.02800574153661728,0.4764799177646637,0.780838668346405,-0.04347873479127884,0.46297788619995117,0.7315477132797241,-0.05761685594916344,0.43162107467651367,0.7031159400939941,-0.0699853003025055,0.48169568181037903,0.6607555747032166,-0.03247539699077606,0.4927179515361786,0.5609205365180969,-0.056628692895174026,0.49664783477783203,0.5030090808868408,-0.0704684928059578,0.49638912081718445,0.4524683356285095,-0.08075734972953796,0.44475555419921875,0.6541439294815063,-0.0331159383058548,0.4469985365867615,0.6471625566482544,-0.07197482883930206,0.44144073128700256,0.7101002931594849,-0.08099737763404846,0.4374009966850281,0.7364435195922852,-0.07948362827301025,0.40964436531066895,0.662058413028717,-0.036623213440179825,0.4092257022857666,0.6703108549118042,-0.07163316011428833,0.41192612051963806,0.7265981435775757,-0.06628323346376419,0.41420426964759827,0.7429089546203613,-0.05512237176299095,0.3758540153503418,0.6780921220779419,-0.04302525892853737,0.37954169511795044,0.6882052421569824,-0.0648140087723732,0.38644272089004517,0.7281998991966248,-0.05906791612505913,0.39087414741516113,0.7403411865234375,-0.049584195017814636
lead,0.4248468577861786,0.8351845741271973,2.0239205866801058e-07,0.456670880317688,0.8429877758026123,-0.04355376586318016,0.4885188639163971,0.8097774982452393,-0.0720163881778717,0.48448699712753296,0.7618056535720825,-0.09513362497091293,0.45889636874198914,0.7224830389022827,-0.11620760709047318,0.500942587852478,0.6906548142433167,-0.05797968804836273,0.5112846493721008,0.5943695306777954,-0.09517160058021545,0.5165557861328125,0.5298623442649841,-0.11387277394533157,0.5168219804763794,0.4757973849773407,-0.12512320280075073,0.4644133746623993,0.6694228649139404,-0.050151221454143524,0.46547678112983704,0.6648242473602295,-0.09296508133411407,0.4581960141658783,0.7405081391334534,-0.09174967557191849,0.458791047334671,0.7593886852264404,-0.08147891610860825,0.42774319648742676,0.667858898639679,-0.04730699956417084,0.425006628036499,0.6903769969940186,-0.08638919144868851,0.4269619286060333,0.7506152391433716,-0.06962250918149948,0.4324907958507538,0.7600956559181213,-0.050103094428777695,0.39185595512390137,0.6773717999458313,-0.048652470111846924,0.3945882022380829,0.7050797939300537,-0.07498135417699814,0.40166670083999634,0.7519873976707458,-0.0649619773030281,0.40844154357910156,0.7580699324607849,-0.05104775354266167
lead,0.4218522310256958,0.8698356747627258,-1.055693203966257e-07,0.4622851312160492,0.8558861017227173,-0.02681022696197033,0.4949701428413391,0.8045369386672974,-0.044529348611831665,0.4848237633705139,0.7512433528900146,-0.061657026410102844,0.454200804233551,0.7136598229408264,-0.07788912206888199,0.4995015859603882,0.6807847023010254,-0.034539442509412766,0.5111627578735352,0.5817483067512512,-0.060840193182229996,0.5157747864723206,0.5233639478683472,-0.07732284814119339,0.516778826713562,0.4715511202812195,-0.09004049748182297,0.46138668060302734,0.6751954555511475,-0.036819662898778915,0.4670600891113281,0.6686155200004578,-0.07681380957365036,0.45997312664985657,0.7365940809249878,-0.08611901849508286,0.4556526243686676,0.7625753283500671,-0.08586697280406952,0.4250437617301941,0.6853750944137573,-0.041608743369579315,0.4270922839641571,0.6841449737548828,-0.07889943569898605,0.4304283857345581,0.745290994644165,-0.0704735592007637,0.43332257866859436,0.7653675079345703,-0.05793416500091553,0.3891759514808655,0.702635645866394,-0.04898597300052643,0.3928193151950836,0.6984462141990662,-0.07492518424987793,0.4019273817539215,0.7450178861618042,-0.06674953550100327,0.4092799425125122,0.7643868923187256,-0.055200934410095215
lead,0.422077476978302,0.8776949048042297,-5.5644672869448186e-08,0.46337372064590454,0.8631990551948547,-0.027371644973754883,0.49728530645370483,0.8111527562141418,-0.04509742558002472,0.48252421617507935,0.7627692222595215,-0.062059205025434494,0.45070526003837585,0.7314793467521667,-0.07751649618148804,0.5003467798233032,0.6858071684837341,-0.033107876777648926,0.5114618539810181,0.5894848108291626,-0.05891839787364006,0.5168333053588867,0.5308998823165894,-0.07411646097898483,0.5180399417877197,0.47999992966651917,-0.08566214889287949,0.4614976644515991,0.6739304661750793,-0.03472011163830757,0.46677857637405396,0.6811717748641968,-0.07482907176017761,0.460298091173172,0.7484537363052368,-0.08360569924116135,0.4549176096916199,0.7719999551773071,-0.082292839884758,0.42503952980041504,0.6820237040519714,-0.03910241648554802,0.42772531509399414,0.7012028694152832,-0.07540580630302429,0.4300994575023651,0.7597671747207642,-0.06800913065671921,0.43127402663230896,0.7731505632400513,-0.056092508137226105,0.3905371427536011,0.6988904476165771,-0.04634763300418854,0.3989267349243164,0.7208356261253357,-0.06967087090015411,0.40473031997680664,0.7649937272071838,-0.06276173144578934,0.40747082233428955,0.7741209864616394,-0.052344031631946564
lead,0.4258110821247101,0.8536789417266846,1.7931196794052084e-07,0.4605899751186371,0.8638740181922913,-0.03987232223153114,0.4972659647464752,0.8310422897338867,-0.0656469538807869,0.48968803882598877,0.7830356359481812,-0.08670603483915329,0.4610763192176819,0.7433422803878784,-0.10595325380563736,0.5051963925361633,0.7052244544029236,-0.0496477372944355,0.5132708549499512,0.6169371008872986,-0.08330326527357101,0.5175163745880127,0.5537970662117004,-0.1018042340874672,0.516193687915802,0.5015254020690918,-0.11360380798578262,0.46727079153060913,0.682624101638794,-0.04386879503726959,0.47195643186569214,0.6844779849052429,-0.0864904373884201,0.46484994888305664,0.7554959058761597,-0.09065255522727966,0.46070608496665955,0.7782975435256958,-0.08410918712615967,0.43037131428718567,0.6824275255203247,-0.04226832836866379,0.4307810068130493,0.7112482786178589,-0.08109119534492493,0.4321971535682678,0.7688794732093811,-0.0691819041967392,0.43387043476104736,0.7805503010749817,-0.052692901343107224,0.3941240906715393,0.6956040859222412,-0.044392067939043045,0.3988431394100189,0.7296671271324158,-0.07048728317022324,0.40464499592781067,0.7741443514823914,-0.06277821958065033,0.40793874859809875,0.7792826890945435,-0.05039903521537781
lead,0.42354387044906616,0.8844215869903564,-4.329305980377285e-08,0.4634217619895935,0.8703978657722473,-0.028968866914510727,0.49911272525787354,0.8220457434654236,-0.04877924546599388,0.4847797751426697,0.7731471061706543,-0.06764992326498032,0.45563286542892456,0.7366548776626587,-0.08463164418935776,0.5016103982925415,0.6897256970405579,-0.03446226567029953,0.5119630694389343,0.5957008004188538,-0.06176348403096199,0.5165548324584961,0.5369951725006104,-0.077332504093647,0.517370879650116,0.48677825927734375,-0.08877205848693848,0.46149128675460815,0.6754170656204224,-0.03591229021549225,0.4698227345943451,0.6898267269134521,-0.07671383023262024,0.4630483090877533,0.7587685585021973,-0.08522191643714905,0.457476407289505,0.7806990146636963,-0.08347685635089874,0.42439335584640503,0.6829547882080078,-0.04040079563856125,0.42998412251472473,0.7103224396705627,-0.07785546779632568,0.43187347054481506,0.769352912902832,-0.06994916498661041,0.43305811285972595,0.7802085280418396,-0.057567812502384186,0.3895159363746643,0.7006768584251404,-0.04791111871600151,0.4001845121383667,0.7301276922225952,-0.07218243181705475,0.40622252225875854,0.7759491205215454,-0.06501606851816177,0.4091125726699829,0.783339262008667,-0.05409994348883629
lead,0.4234527051448822,0.891488790512085,-4.629771055419951e-08,0.46364036202430725,0.8756096959114075,-0.028883345425128937,0.4962799847126007,0.8257744312286377,-0.04767538234591484,0.4826795160770416,0.77837073802948,-0.0655323937535286,0.45221778750419617,0.7456849813461304,-0.08173824846744537,0.5011686682701111,0.7001346945762634,-0.033917903900146484,0.5111250877380371,0.6022751331329346,-0.060427527874708176,0.5164668560028076,0.5428853034973145,-0.07633066177368164,0.5179533958435059,0.4916844367980957,-0.08804306387901306,0.46230724453926086,0.6872479915618896,-0.03492728993296623,0.46877411007881165,0.6939542293548584,-0.07666999101638794,0.4615231454372406,0.7611998915672302,-0.0868401974439621,0.4553021788597107,0.7884749174118042,-0.08579820394515991,0.4253750145435333,0.6944128274917603,-0.038747020065784454,0.4282439351081848,0.7134230136871338,-0.0763402134180069,0.4299989938735962,0.7716519832611084,-0.06996988505125046,0.43130823969841003,0.78804612159729,-0.05794186517596245,0.3904942572116852,0.7109153270721436,-0.04548296332359314,0.39826110005378723,0.7303443551063538,-0.06983795017004013,0.4050961434841156,0.7736823558807373,-0.06340453028678894,0.40929466485977173,0.7855454683303833,-0.052667710930109024
lead,0.42721226811408997,0.871447741985321,1.6089242649286462e-07,0.4585864841938019,0.87529456615448,-0.039216265082359314,0.49129778146743774,0.8426609039306641,-0.06454487144947052,0.4836609959602356,0.7945879697799683,-0.08467598259449005,0.45960474014282227,0.756154477596283,-0.10244263708591461,0.5035715103149414,0.7229711413383484,-0.045812081545591354,0.5104641914367676,0.6496117115020752,-0.07871415466070175,0.5117924213409424,0.5930643677711487,-0.09689507633447647,0.5092499852180481,0.5466421246528625,-0.10821659117937088,0.4666273295879364,0.6967679858207703,-0.03949453681707382,0.46999818086624146,0.695685863494873,-0.07784753292798996,0.46282750368118286,0.7662879824638367,-0.07861164957284927,0.46056172251701355,0.7886101007461548,-0.07003288716077805,0.42956119775772095,0.6944296956062317,-0.03784319758415222,0.42670938372612,0.7223940491676331,-0.07357151061296463,0.4270087480545044,0.780053973197937,-0.06007178872823715,0.4298490583896637,0.7928868532180786,-0.04288305714726448,0.3923300802707672,0.7070679664611816,-0.03992118313908577,0.39382272958755493,0.7401434183120728,-0.06364626437425613,0.3985138535499573,0.7852303981781006,-0.054947856813669205,0.40307408571243286,0.792864978313446,-0.04220503568649292
lead,0.4166411757469177,0.8931659460067749,-5.940909630908209e-08,0.4592032730579376,0.8801058530807495,-0.02915516309440136,0.4947960674762726,0.8307420611381531,-0.0473075807094574,0.47980740666389465,0.7820963859558105,-0.06422524154186249,0.4492594003677368,0.7481364607810974,-0.07934225350618362,0.4984898269176483,0.7030060291290283,-0.033035874366760254,0.5086327791213989,0.6065719723701477,-0.058097269386053085,0.5132268667221069,0.5479280352592468,-0.07306268066167831,0.514502763748169,0.4970535635948181,-0.0843266099691391,0.45987629890441895,0.6886043548583984,-0.033501263707876205,0.4659009873867035,0.7034332752227783,-0.07379317283630371,0.4590601325035095,0.7688884139060974,-0.08424199372529984,0.4533584415912628,0.7943886518478394,-0.08372693508863449,0.42322149872779846,0.6959627866744995,-0.0366714783012867,0.42589983344078064,0.720651388168335,-0.07335160672664642,0.42805016040802,0.7772163152694702,-0.06779658049345016,0.43003228306770325,0.791664719581604,-0.05655195191502571,0.38870757818222046,0.711963951587677,-0.042752716690301895,0.39714449644088745,0.7367136478424072,-0.06687800586223602,0.40341734886169434,0.779959499835968,-0.061064500361680984,0.4072920083999634,0.7900260090827942,-0.05072857439517975
lead,0.42094576358795166,0.8954735994338989,-5.1009614310260076e-08,0.46009185910224915,0.8798249363899231,-0.028607359156012535,0.48885220289230347,0.8279348015785217,-0.04686293751001358,0.47307103872299194,0.7814851999282837,-0.06391672790050507,0.4419979155063629,0.7536683678627014,-0.07891687005758286,0.4942634105682373,0.7022439241409302,-0.03524923697113991,0.504655659198761,0.608009934425354,-0.06017562001943588,0.5088192820549011,0.5510433316230774,-0.07429834455251694,0.5098593235015869,0.5017110109329224,-0.08524864912033081,0.4550081193447113,0.6882889866828918,-0.03633475303649902,0.45856189727783203,0.7097492814064026,-0.07398811727762222,0.45314255356788635,0.7744424343109131,-0.08174151182174683,0.44987621903419495,0.7918715476989746,-0.08056901395320892,0.4187453091144562,0.6966343522071838,-0.04026585444808006,0.4202253222465515,0.7278653383255005,-0.07424166798591614,0.4242270290851593,0.7827425003051758,-0.06729254126548767,0.4280903935432434,0.7906787395477295,-0.05651029571890831,0.3860388994216919,0.714779794216156,-0.04745544120669365,0.3916906714439392,0.7452725768089294,-0.069742850959301,0.3987775444984436,0.7863502502441406,-0.06378356367349625,0.40347081422805786,0.7923179268836975,-0.05432678386569023
lead,0.41737452149391174,0.8674236536026001,1.9170167320226028e-07,0.45234251022338867,0.877943217754364,-0.04238279163837433,0.4871217608451843,0.8462830781936646,-0.07036362588405609,0.47903183102607727,0.7978534698486328,-0.0935634970664978,0.452151358127594,0.7555210590362549,-0.11453118920326233,0.4968792796134949,0.7226967215538025,-0.05281068757176399,0.5036177635192871,0.6283476948738098,-0.08866456896066666,0.5069496035575867,0.5657077431678772,-0.106391541659832,0.5057374835014343,0.5138292908668518,-0.11659462749958038,0.4597000777721405,0.7019591331481934,-0.04607829824090004,0.4601021111011505,0.6983299255371094,-0.08987806737422943,0.4516657590866089,0.7733616232872009,-0.09037575125694275,0.4500674903392792,0.7929776906967163,-0.08064539730548859,0.42337971925735474,0.6998393535614014,-0.04421786591410637,0.4204093813896179,0.7194003462791443,-0.08588200062513351,0.42126184701919556,0.7806738018989563,-0.07059229165315628,0.4258080720901489,0.7931430339813232,-0.05072919651865959,0.38762056827545166,0.7093056440353394,-0.04610114172101021,0.39043837785720825,0.7302785515785217,-0.07370048016309738,0.3952900469303131,0.7784764170646667,-0.06288859993219376,0.4000920057296753,0.7892510890960693,-0.0474090538918972
lead,0.41321972012519836,0.8963664770126343,-4.835636957523093e-08,0.45495450496673584,0.8832296133041382,-0.029261967167258263,0.4868678152561188,0.8331767916679382,-0.04734433814883232,0.4727819561958313,0.7854260206222534,-0.06403087824583054,0.44074925780296326,0.7549979090690613,-0.07890108227729797,0.49270015954971313,0.7073445916175842,-0.03398839011788368,0.5014438033103943,0.6102246046066284,-0.059347398579120636,0.505883514881134,0.5513544678688049,-0.07436834275722504,0.506903350353241,0.5000393390655518,-0.08568992465734482,0.45453500747680664,0.692598819732666,-0.034325651824474335,0.45902109146118164,0.7047961950302124,-0.07423365861177444,0.45248472690582275,0.7699542045593262,-0.08395548164844513,0.4474659562110901,0.7947413325309753,-0.08310548216104507,0.4178179204463959,0.6996646523475647,-0.03746635094285011,0.4199223220348358,0.7250243425369263,-0.07323575019836426,0.4221421182155609,0.7800636887550354,-0.06734240800142288,0.4244063198566437,0.7922981381416321,-0.05619388818740845,0.3834616541862488,0.7154499292373657,-0.0436558723449707,0.39082038402557373,0.7407510280609131,-0.06660613417625427,0.39672142267227173,0.7818198204040527,-0.06076692044734955,0.40033408999443054,0.7901381850242615,-0.05082635581493378
lead,0.4085729122161865,0.8953368067741394,-3.184033303682554e-08,0.44858717918395996,0.8820948600769043,-0.029372429475188255,0.4795570373535156,0.830305814743042,-0.047791458666324615,0.4657127261161804,0.7793301939964294,-0.06502654403448105,0.43113747239112854,0.7533090114593506,-0.08062347769737244,0.4873132109642029,0.7082731127738953,-0.034698378294706345,0.49721795320510864,0.609751284122467,-0.058955416083335876,0.5015212297439575,0.551974356174469,-0.07249265164136887,0.5024587512016296,0.5016687512397766,-0.08302865922451019,0.44876596331596375,0.6959670782089233,-0.03540553152561188,0.4519989788532257,0.7022274136543274,-0.07501291483640671,0.445968896150589,0.7684569358825684,-0.08330307900905609,0.4422149956226349,0.79131019115448,-0.08135953545570374,0.4129326343536377,0.7031418681144714,-0.038875430822372437,0.4132058620452881,0.7212213277816772,-0.0742940604686737,0.4160224199295044,0.7781057953834534,-0.0669255256652832,0.41916564106941223,0.7916625738143921,-0.05478166416287422,0.37941914796829224,0.7181568741798401,-0.045509207993745804,0.38459283113479614,0.7370352149009705,-0.0680600181221962,0.3901209235191345,0.778556227684021,-0.06141161546111107,0.3944309651851654,0.7884203195571899,-0.05108841508626938
lead,0.41159552335739136,0.8635741472244263,1.6301532923534978e-07,0.44516387581825256,0.8697277903556824,-0.04056756943464279,0.4754803776741028,0.8360129594802856,-0.06819035112857819,0.4659326672554016,0.7910329103469849,-0.0911991074681282,0.44231677055358887,0.7511732578277588,-0.11202140897512436,0.4897606074810028,0.7128530740737915,-0.05255557969212532,0.49747273325920105,0.6167416572570801,-0.09058132767677307,0.4993128180503845,0.5532754063606262,-0.11059775203466415,0.4973480701446533,0.5014223456382751,-0.12279561161994934,0.45101606845855713,0.692001461982727,-0.04659212753176689,0.4533139169216156,0.6966564655303955,-0.09060583263635635,0.4479832053184509,0.771490216255188,-0.09219998121261597,0.44692766666412354,0.7855873703956604,-0.08461197465658188,0.41312792897224426,0.6922721862792969,-0.04545680806040764,0.41123583912849426,0.7199506163597107,-0.08454496413469315,0.413924902677536,0.7809661030769348,-0.06753762066364288,0.4177056849002838,0.7880423069000244,-0.04858676716685295,0.3761875629425049,0.7057060599327087,-0.04847803711891174,0.37872275710105896,0.7371920347213745,-0.07493684440851212,0.38521626591682434,0.7854083776473999,-0.06420746445655823,0.39009571075439453,0.7906511425971985,-0.04965696483850479
lead,0.40608713030815125,0.8904281854629517,-3.8757292486479855e-08,0.4473671317100525,0.8774349689483643,-0.028519650921225548,0.47633612155914307,0.8264570236206055,-0.04630345106124878,0.4620961546897888,0.7778046727180481,-0.06297527253627777,0.429759681224823,0.7519646883010864,-0.0781388133764267,0.4830360412597656,0.7036665678024292,-0.03568895533680916,0.493784636259079,0.6066884994506836,-0.060100097209215164,0.4980011582374573,0.5494715571403503,-0.07410773634910583,0.49886786937713623,0.4992539882659912,-0.08486811071634293,0.4445209503173828,0.6910610198974609,-0.036481522023677826,0.4462025761604309,0.7012530565261841,-0.076161228120327,0.44063451886177063,0.7654798030853271,-0.08508103340864182,0.43715134263038635,0.7903693914413452,-0.08387879282236099,0.4084678888320923,0.6987280249595642,-0.03978317975997925,0.40812355279922485,0.7196901440620422,-0.07512417435646057,0.411015123128891,0.7759931683540344,-0.06831080466508865,0.41406694054603577,0.7929095029830933,-0.05653652548789978,0.3751809597015381,0.7149990200996399,-0.046183135360479355,0.37992921471595764,0.7353461980819702,-0.06910204887390137,0.38614439964294434,0.7769489288330078,-0.06303155422210693,0.3909652829170227,0.7896167635917664,-0.05293562635779381
lead,0.4022415280342102,0.8866363763809204,-4.6160806732586934e-08,0.44253361225128174,0.873845100402832,-0.027794314548373222,0.47135689854621887,0.8225239515304565,-0.04538487643003464,0.45880821347236633,0.7733997106552124,-0.061929851770401,0.4259505271911621,0.7466378808021545,-0.07677754014730453,0.4806372821331024,0.701503574848175,-0.03488614782691002,0.49007120728492737,0.6044645309448242,-0.05935971811413765,0.49342915415763855,0.5465766191482544,-0.07315190881490707,0.4937005043029785,0.4953500032424927,-0.08382488787174225,0.4424757659435272,0.6863324046134949,-0.03581250458955765,0.443941205739975,0.7009851336479187,-0.073788583278656,0.4382232129573822,0.7665426135063171,-0.08105388283729553,0.4356408417224884,0.7884005904197693,-0.07921870797872543,0.4057571291923523,0.6923221349716187,-0.03940574452280998,0.4048613905906677,0.7195868492126465,-0.07362185418605804,0.4071703851222992,0.7755793333053589,-0.06579840183258057,0.4103944003582001,0.7888394594192505,-0.05389660969376564,0.37186744809150696,0.7068459987640381,-0.04611693695187569,0.3768753409385681,0.733276903629303,-0.06804376095533371,0.38156935572624207,0.7751171588897705,-0.06142200902104378,0.38466164469718933,0.7849594354629517,-0.05130545794963837
lead,0.39938104152679443,0.8825185298919678,-2.4820126398594766e-08,0.43914806842803955,0.8695518374443054,-0.03021002933382988,0.4700638949871063,0.820067822933197,-0.048418834805488586,0.4550316333770752,0.7713348865509033,-0.06494452804327011,0.42142367362976074,0.7431707382202148,-0.07953514158725739,0.47688236832618713,0.6969168186187744,-0.03557942435145378,0.48592424392700195,0.6003077030181885,-0.060784678906202316,0.4889287054538727,0.542564868927002,-0.07511056214570999,0.48937270045280457,0.49131694436073303,-0.08602488785982132,0.4391913414001465,0.6827298402786255,-0.03561341390013695,0.43903666734695435,0.6947727799415588,-0.07477967441082001,0.43371060490608215,0.7597723603248596,-0.08339712023735046,0.4321618378162384,0.7835590243339539,-0.0821211114525795,0.4027874767780304,0.6890144944190979,-0.03861008957028389,0.40054476261138916,0.7151452302932739,-0.07448112964630127,0.40332043170928955,0.7710683941841125,-0.0682922750711441,0.4080498516559601,0.7842865586280823,-0.05699862539768219,0.36909937858581543,0.7040266394615173,-0.04477560147643089,0.37277039885520935,0.7299869060516357,-0.06803072988986969,0.3785743713378906,0.7723121047019958,-0.06241776421666145,0.3835332989692688,0.7820196747779846,-0.052763957530260086
lead,0.3985947370529175,0.8517111539840698,1.587617219911408e-07,0.4338141083717346,0.8552002906799316,-0.041039515286684036,0.46637994050979614,0.821503221988678,-0.06886088848114014,0.4574257731437683,0.7765848636627197,-0.09160136431455612,0.4291107952594757,0.7391149401664734,-0.11281080543994904,0.47832009196281433,0.7052522301673889,-0.054469432681798935,0.4853723645210266,0.6097099781036377,-0.09209027141332626,0.486087441444397,0.5459785461425781,-0.11280635744333267,0.4834013283252716,0.4942019581794739,-0.12524530291557312,0.44033926725387573,0.6890910863876343,-0.04791783541440964,0.43982115387916565,0.6820983290672302,-0.09550794214010239,0.4330626428127289,0.7570357322692871,-0.10003960877656937,0.43190085887908936,0.7807936668395996,-0.09271131455898285,0.40258437395095825,0.6898611187934875,-0.04556623473763466,0.3949982225894928,0.7058175206184387,-0.08850669115781784,0.3980908691883087,0.7668749690055847,-0.07516065984964371,0.40307095646858215,0.7812290787696838,-0.056584492325782776,0.3663652241230011,0.7021827697753906,-0.04655413329601288,0.3631722629070282,0.7232503294944763,-0.07466942071914673,0.3707978427410126,0.7715975642204285,-0.06432215869426727,0.377684623003006,0.7821157574653625,-0.04915895685553551
lead,0.39333978295326233,0.8770492076873779,-2.7690946424741014e-08,0.43519076704978943,0.8671358227729797,-0.030975423753261566,0.4679228365421295,0.8175745010375977,-0.04853789880871773,0.4527242183685303,0.7673030495643616,-0.06432680785655975,0.4192262887954712,0.738189160823822,-0.07842178642749786,0.4744466543197632,0.6958521604537964,-0.03463860973715782,0.48320475220680237,0.5959751605987549,-0.05937296524643898,0.4862850308418274,0.5373878479003906,-0.07341168075799942,0.48653140664100647,0.48593467473983765,-0.08396774530410767,0.43659502267837524,0.6841830015182495,-0.034231942147016525,0.4372237026691437,0.6848605871200562,-0.07477174699306488,0.43183913826942444,0.7502745985984802,-0.08443976938724518,0.4294651746749878,0.7778007984161377,-0.08298970013856888,0.4007134735584259,0.6903346180915833,-0.03676215186715126,0.3977394104003906,0.7032901048660278,-0.0743064433336258,0.40079060196876526,0.7619192600250244,-0.06839950382709503,0.40518274903297424,0.7808827757835388,-0.0561782531440258,0.3664900064468384,0.7045159935951233,-0.042314354330301285,0.368988037109375,0.7176305651664734,-0.06737818568944931,0.3753310441970825,0.7611523270606995,-0.061597876250743866,0.38078051805496216,0.7759584188461304,-0.05102385953068733
lead,0.39115774631500244,0.8710074424743652,-2.1216468581997106e-08,0.4334617853164673,0.8608257174491882,-0.02974611334502697,0.4657959043979645,0.8124728202819824,-0.04698041081428528,0.45192986726760864,0.7623587250709534,-0.06273546069860458,0.41786935925483704,0.7338975071907043,-0.07703475654125214,0.4720378518104553,0.6895689368247986,-0.03454042598605156,0.48188507556915283,0.5888247489929199,-0.05899714305996895,0.48532724380493164,0.5304509997367859,-0.07323551923036575,0.4853375256061554,0.4788150191307068,-0.0839315727353096,0.43439432978630066,0.6809954047203064,-0.03508962690830231,0.4354085326194763,0.6742095351219177,-0.07631698250770569,0.43001464009284973,0.7394933104515076,-0.08685288578271866,0.4264916181564331,0.7708309292793274,-0.08574177324771881,0.3985772430896759,0.6887257099151611,-0.038317665457725525,0.3968045711517334,0.6969366073608398,-0.0759442076086998,0.3997015655040741,0.7555812001228333,-0.07091165333986282,0.4027504324913025,0.7773854732513428,-0.05902360379695892,0.3642739951610565,0.7045383453369141,-0.04440567269921303,0.36767375469207764,0.7116701602935791,-0.06913401186466217,0.37528112530708313,0.7546269297599792,-0.06356111168861389,0.38140079379081726,0.7723368406295776,-0.05321409925818443
lead,0.3976229727268219,0.842106282711029,1.4325671315873478e-07,0.4322773516178131,0.8450478911399841,-0.04166322201490402,0.4633747637271881,0.8081451654434204,-0.0692506954073906,0.45451369881629944,0.7615783214569092,-0.09184776991605759,0.4249415099620819,0.7269676327705383,-0.11230865120887756,0.47497737407684326,0.6867507696151733,-0.05468741059303284,0.4825115203857422,0.5912683606147766,-0.09232579916715622,0.484401673078537,0.5296306610107422,-0.11236392706632614,0.4829521179199219,0.4770708680152893,-0.12444581091403961,0.436124712228775,0.6671531200408936,-0.047384779900312424,0.4346494674682617,0.6764433979988098,-0.09302349388599396,0.4298646152019501,0.7481837868690491,-0.0963364988565445,0.43037307262420654,0.7633756399154663,-0.08934269845485687,0.3985304832458496,0.6675828695297241,-0.04462393373250961,0.3923691511154175,0.701762855052948,-0.08413238823413849,0.3968524932861328,0.7579044699668884,-0.07025360316038132,0.4029991924762726,0.764300525188446,-0.05300132557749748,0.3633562922477722,0.6797509789466858,-0.04590724781155586,0.36251044273376465,0.7173163890838623,-0.07108206301927567,0.36971208453178406,0.7611925601959229,-0.06208996847271919,0.37623006105422974,0.7643576860427856,-0.048888616263866425
lead,0.38748428225517273,0.8628242015838623,-3.5658597852261664e-08,0.43130552768707275,0.8539844155311584,-0.031662601977586746,0.4652393162250519,0.8060868978500366,-0.04916558042168617,0.44911691546440125,0.7551403045654297,-0.06474848836660385,0.41630029678344727,0.7252247929573059,-0.07870791852474213,0.4716147482395172,0.6831814646720886,-0.035241492092609406,0.4810148775577545,0.582952618598938,-0.059932176023721695,0.48415127396583557,0.5253089070320129,-0.07450726628303528,0.48419323563575745,0.47453436255455017,-0.08540908992290497,0.4337295889854431,0.6738629937171936,-0.034490328282117844,0.433910608291626,0.6708834767341614,-0.07603874057531357,0.428234338760376,0.7353121638298035,-0.08729660511016846,0.42503073811531067,0.7665428519248962,-0.08663574606180191,0.39821934700012207,0.6812230944633484,-0.036586783826351166,0.39484989643096924,0.6905431747436523,-0.07478939741849899,0.39753618836402893,0.7486088871955872,-0.07055593281984329,0.4012654423713684,0.7706087231636047,-0.05903676152229309,0.364531934261322,0.6963710784912109,-0.041642770171165466,0.36651384830474854,0.7045048475265503,-0.06752888858318329,0.373537540435791,0.7474837303161621,-0.0628211498260498,0.37991148233413696,0.7650349736213684,-0.05276191607117653
lead,0.3915676176548004,0.8610355854034424,-2.725554182347878e-08,0.433871865272522,0.8478218913078308,-0.03077785111963749,0.46472591161727905,0.797785222530365,-0.04731948673725128,0.447488397359848,0.748704731464386,-0.06194840371608734,0.41614577174186707,0.7191001772880554,-0.07488998770713806,0.47106432914733887,0.6792958378791809,-0.033769071102142334,0.48122453689575195,0.5793445110321045,-0.05883670970797539,0.4845869839191437,0.5213457345962524,-0.07414360344409943,0.4844433665275574,0.47018349170684814,-0.0855439230799675,0.43321946263313293,0.6743556261062622,-0.0334351509809494,0.4321427047252655,0.659883439540863,-0.07455819845199585,0.4274565577507019,0.7257145643234253,-0.08510766923427582,0.42568439245224,0.7591515779495239,-0.08407438546419144,0.3978826105594635,0.6829173564910889,-0.03620330989360809,0.3930080831050873,0.6810938119888306,-0.07370056957006454,0.39666643738746643,0.7412444353103638,-0.06851083785295486,0.40136954188346863,0.7654623985290527,-0.05662234127521515,0.3643248677253723,0.7000606656074524,-0.04195840656757355,0.36415523290634155,0.7004015445709229,-0.06690862774848938,0.3719702363014221,0.7441255450248718,-0.061412911862134933,0.37897586822509766,0.7631849646568298,-0.05129575356841087
lead,0.3912513256072998,0.8533766269683838,-1.594643528335382e-08,0.43516993522644043,0.8431292176246643,-0.0313347764313221,0.465839147567749,0.7942312955856323,-0.04885656386613846,0.4508848190307617,0.7437534928321838,-0.06482549011707306,0.4189049303531647,0.7164174914360046,-0.0795084536075592,0.4735923409461975,0.6728739738464355,-0.03458219766616821,0.4826376140117645,0.572837233543396,-0.05897309258580208,0.4855569005012512,0.5148877501487732,-0.07374679297208786,0.48554545640945435,0.46451765298843384,-0.08476687967777252,0.4354541301727295,0.6673874258995056,-0.033800166100263596,0.43377363681793213,0.6540511846542358,-0.07647038251161575,0.42948275804519653,0.7184610366821289,-0.08856659382581711,0.4270061254501343,0.7540086507797241,-0.08801399171352386,0.3999462127685547,0.6757566928863525,-0.035738859325647354,0.3952147364616394,0.6743659377098083,-0.07443525642156601,0.3988812267780304,0.7330565452575684,-0.07031463086605072,0.40215635299682617,0.7609007954597473,-0.058338817209005356,0.3659288287162781,0.6916356086730957,-0.04055791348218918,0.36660435795783997,0.6888139843940735,-0.06673228740692139,0.3743400573730469,0.7311730980873108,-0.06204688549041748,0.38087406754493713,0.7535451650619507,-0.05182427167892456
lead,0.39923974871635437,0.8195717334747314,2.1374864900280954e-07,0.43205466866493225,0.8274055123329163,-0.049513932317495346,0.4653022289276123,0.7951856255531311,-0.08135837316513062,0.4607129395008087,0.7453559637069702,-0.10710164159536362,0.43158307671546936,0.7039470076560974,-0.13038262724876404,0.47752705216407776,0.6744645237922668,-0.06288326531648636,0.48549655079841614,0.5793005228042603,-0.1028224378824234,0.48884057998657227,0.5167476534843445,-0.12100545316934586,0.4885999858379364,0.462807297706604,-0.13091513514518738,0.43932363390922546,0.6567533612251282,-0.053035296499729156,0.4325318932533264,0.6538298726081848,-0.09885109961032867,0.42608407139778137,0.7331795692443848,-0.09596679359674454,0.4288715720176697,0.7462495565414429,-0.0833423063158989,0.40239039063453674,0.6559305191040039,-0.049196239560842514,0.3921508491039276,0.6777913570404053,-0.09178992360830307,0.39641252160072327,0.7404943704605103,-0.07352069020271301,0.404798686504364,0.7451388835906982,-0.051913902163505554,0.3676171898841858,0.6647402048110962,-0.050003524869680405,0.3646092414855957,0.6910521984100342,-0.07811323553323746,0.37310659885406494,0.7380367517471313,-0.06738549470901489,0.38132357597351074,0.7427800893783569,-0.05228022485971451
lead,0.394050270318985,0.8483096957206726,-9.794918653938112e-09,0.4358406960964203,0.8377797603607178,-0.03318089619278908,0.46655622124671936,0.7889053821563721,-0.05153743550181389,0.4509565830230713,0.7383716106414795,-0.06765773147344589,0.41861334443092346,0.7097638845443726,-0.08203894644975662,0.4747851490974426,0.6658778786659241,-0.037967003881931305,0.48481935262680054,0.5670294761657715,-0.06410800665616989,0.4879176616668701,0.5098069906234741,-0.07943625003099442,0.4877738356590271,0.4596099257469177,-0.09080169349908829,0.43661826848983765,0.657257616519928,-0.03652135282754898,0.43423786759376526,0.6525804400444031,-0.07812374085187912,0.4295251667499542,0.7176072001457214,-0.08812841773033142,0.4279063642024994,0.7460281252861023,-0.0869060531258583,0.4011251628398895,0.6644997000694275,-0.0383123904466629,0.3954189419746399,0.6742964386940002,-0.07585369795560837,0.3994690179824829,0.7325403690338135,-0.07037069648504257,0.40417325496673584,0.7527003288269043,-0.058549895882606506,0.3676173686981201,0.6803690195083618,-0.043464239686727524,0.3675546944141388,0.6914061307907104,-0.06843520700931549,0.3748042583465576,0.733948826789856,-0.06354023516178131,0.38129138946533203,0.7498255372047424,-0.053878456354141235
lead,0.3952833116054535,0.8442832231521606,-1.4900643385828971e-08,0.4380630850791931,0.8319453597068787,-0.031386472284793854,0.46779677271842957,0.7817869782447815,-0.049194127321243286,0.4534350037574768,0.7331384420394897,-0.0652121901512146,0.42113053798675537,0.7055648565292358,-0.07975490391254425,0.47589367628097534,0.662304699420929,-0.03735457733273506,0.48582449555397034,0.5639260411262512,-0.06321941316127777,0.48906755447387695,0.5068501234054565,-0.07857611775398254,0.48888689279556274,0.4567672610282898,-0.08998893946409225,0.4379656910896301,0.6557632088661194,-0.03659263998270035,0.43629151582717896,0.648142397403717,-0.07794440537691116,0.43163004517555237,0.7121327519416809,-0.08791600912809372,0.4294489026069641,0.7416388988494873,-0.0867404118180275,0.4022350311279297,0.6640808582305908,-0.0388154536485672,0.39788001775741577,0.6715513467788696,-0.07584238052368164,0.40154027938842773,0.7292355298995972,-0.0702049657702446,0.40508317947387695,0.7501963973045349,-0.058323364704847336,0.36860528588294983,0.6803951263427734,-0.044165074825286865,0.37035107612609863,0.6893467307090759,-0.06816354393959045,0.37733912467956543,0.7308706045150757,-0.06277962774038315,0.38289761543273926,0.7466879487037659,-0.05297256261110306
lead,0.39427506923675537,0.8400911688804626,-1.645385871995586e-08,0.43923646211624146,0.82844078540802,-0.03178618848323822,0.4689628481864929,0.7775042653083801,-0.049001798033714294,0.4555226266384125,0.7273229956626892,-0.0641617700457573,0.423175573348999,0.7000789642333984,-0.07783771306276321,0.4772970974445343,0.659584105014801,-0.03682670742273331,0.4869590699672699,0.5597644448280334,-0.062297891825437546,0.4903213679790497,0.5015191435813904,-0.07737260311841965,0.4902855157852173,0.45088398456573486,-0.08852745592594147,0.4393044114112854,0.6543919444084167,-0.035731829702854156,0.43956440687179565,0.6392137408256531,-0.07644060254096985,0.43501150608062744,0.703870415687561,-0.08607830852270126,0.43203383684158325,0.7345311045646667,-0.08459799736738205,0.403478741645813,0.6623506546020508,-0.037726499140262604,0.400933176279068,0.6605543494224548,-0.07467281818389893,0.40442320704460144,0.7196046113967896,-0.06895174831151962,0.4068494141101837,0.7422676086425781,-0.05679446831345558,0.3691509962081909,0.6780046224594116,-0.042819779366254807,0.37217772006988525,0.6767838001251221,-0.06694386899471283,0.3798777163028717,0.7183566689491272,-0.06127548590302467,0.3846130669116974,0.7365210056304932,-0.051273759454488754
lead,0.3982159197330475,0.8002345561981201,1.6199550145756803e-07,0.4349672198295593,0.8130875825881958,-0.040873002260923386,0.4669768214225769,0.7769500613212585,-0.06644190847873688,0.45889028906822205,0.7289272546768188,-0.08745931088924408,0.43249088525772095,0.6899489164352417,-0.10688399523496628,0.4803118109703064,0.661225438117981,-0.051659245043992996,0.48829326033592224,0.5629356503486633,-0.08716090768575668,0.49280691146850586,0.501785933971405,-0.10474513471126556,0.4935144782066345,0.44962459802627563,-0.11548108607530594,0.4428393542766571,0.6456446647644043,-0.04601183533668518,0.4432886242866516,0.6344577670097351,-0.09196757525205612,0.43696391582489014,0.7089350819587708,-0.09505239874124527,0.43828973174095154,0.7276261448860168,-0.08675739169120789,0.40578216314315796,0.6482276320457458,-0.04503203555941582,0.40228384733200073,0.662449061870575,-0.08755473047494888,0.4043969213962555,0.7229951620101929,-0.0735829621553421,0.41042646765708923,0.7294886112213135,-0.054791081696748734,0.3700547218322754,0.6597889065742493,-0.04768359288573265,0.37182945013046265,0.6805174350738525,-0.0760667622089386,0.3793802261352539,0.7276564240455627,-0.06669238209724426,0.3867762088775635,0.7315898537635803,-0.052772197872400284
lead,0.39425235986709595,0.834888219833374,-2.1116500548146178e-08,0.44008103013038635,0.8249629735946655,-0.03200918063521385,0.4718756675720215,0.7750818729400635,-0.04901574179530144,0.4575362503528595,0.7235979437828064,-0.06376150995492935,0.42645901441574097,0.6938598155975342,-0.07684170454740524,0.4788830876350403,0.6558296084403992,-0.037032779306173325,0.48889774084091187,0.5546165704727173,-0.06288670003414154,0.49234411120414734,0.4961870312690735,-0.07816615700721741,0.49205276370048523,0.44497978687286377,-0.0895269587635994,0.4410695433616638,0.6505197882652283,-0.035900555551052094,0.4419206380844116,0.6359453797340393,-0.07683927565813065,0.437242716550827,0.6998933553695679,-0.08664704859256744,0.4337015450000763,0.7290941476821899,-0.08543872833251953,0.4056510925292969,0.65847247838974,-0.037924326956272125,0.40343520045280457,0.6591971516609192,-0.07512889802455902,0.40653231739997864,0.7176376581192017,-0.0695648118853569,0.4083305597305298,0.737976610660553,-0.057748548686504364,0.3716316819190979,0.6742944717407227,-0.0430753193795681,0.37474650144577026,0.6767392754554749,-0.06745348125696182,0.3815966546535492,0.7186514139175415,-0.06200794503092766,0.38549885153770447,0.7347220182418823,-0.052288882434368134
lead,0.39824962615966797,0.8284304141998291,-7.4275332551110296e-09,0.4435734450817108,0.8173898458480835,-0.03292699158191681,0.4725556969642639,0.7657907605171204,-0.04977661371231079,0.4590085446834564,0.7153130769729614,-0.06432481110095978,0.4292478561401367,0.6864810585975647,-0.07721693813800812,0.4796736240386963,0.6480363011360168,-0.03746260702610016,0.48968106508255005,0.5466623902320862,-0.0629284530878067,0.49336984753608704,0.4889955520629883,-0.07831887155771255,0.49321845173835754,0.4392116665840149,-0.08959183841943741,0.4419592618942261,0.6461073756217957,-0.03561408445239067,0.4408016800880432,0.6292004585266113,-0.0770006775856018,0.43703290820121765,0.6924859881401062,-0.08726619929075241,0.4350491166114807,0.7247694134712219,-0.08590664714574814,0.40691912174224854,0.6549283862113953,-0.037019625306129456,0.40272921323776245,0.6524925231933594,-0.07492455095052719,0.4071570932865143,0.7113491296768188,-0.07065023481845856,0.41050800681114197,0.7355533242225647,-0.059050705283880234,0.3738403916358948,0.6705109477043152,-0.04158202186226845,0.3752301037311554,0.6691964268684387,-0.06729945540428162,0.38351306319236755,0.7114294171333313,-0.06325086951255798,0.38961881399154663,0.7309379577636719,-0.05402258783578873
lead,0.39840030670166016,0.8215526342391968,-2.6579641598800663e-08,0.4449141323566437,0.8092713952064514,-0.03260653465986252,0.47565722465515137,0.7572736740112305,-0.04870578274130821,0.4612531065940857,0.7059484124183655,-0.062255050987005234,0.43211814761161804,0.6766356229782104,-0.07387939840555191,0.4829663336277008,0.6440240144729614,-0.036516740918159485,0.4920458197593689,0.5418858528137207,-0.06192496791481972,0.495088130235672,0.4836843013763428,-0.07677338272333145,0.49440857768058777,0.4332593083381653,-0.0875890925526619,0.4452678859233856,0.6403932571411133,-0.034634944051504135,0.44496145844459534,0.6228024363517761,-0.07587525248527527,0.44040268659591675,0.6846261024475098,-0.08609829843044281,0.4367324411869049,0.7151800990104675,-0.08469993621110916,0.41017934679985046,0.6486564874649048,-0.03602522984147072,0.407665491104126,0.6473275423049927,-0.07357703149318695,0.4109157919883728,0.7042402625083923,-0.06942940503358841,0.41249939799308777,0.7244598269462585,-0.05810479447245598,0.37694570422172546,0.6641952395439148,-0.04052020236849785,0.3801579177379608,0.6668704748153687,-0.06486557424068451,0.3872334361076355,0.7067306637763977,-0.06059006229043007,0.390869677066803,0.721371591091156,-0.051565371453762054
lead,0.4017696678638458,0.8130359649658203,-3.3875391380888686e-08,0.4496074616909027,0.802070677280426,-0.03116324171423912,0.48066526651382446,0.7491612434387207,-0.045721735805273056,0.4670438766479492,0.6964526176452637,-0.057729095220565796,0.43722525238990784,0.6671721935272217,-0.06780631095170975,0.48531731963157654,0.6368714570999146,-0.03552186116576195,0.495353639125824,0.5336604714393616,-0.06036311760544777,0.49865615367889404,0.47582048177719116,-0.07517185807228088,0.49819403886795044,0.42546242475509644,-0.08607067167758942,0.44760143756866455,0.6352984309196472,-0.03438210114836693,0.44793444871902466,0.6158002018928528,-0.0741453766822815,0.4441872537136078,0.6778227090835571,-0.08384938538074493,0.4410226047039032,0.7080770134925842,-0.08258654177188873,0.4127335846424103,0.6446531414985657,-0.036437202244997025,0.4112212061882019,0.6411216259002686,-0.07271378487348557,0.4146477282047272,0.6977959871292114,-0.06819751858711243,0.41613367199897766,0.717197060585022,-0.05711054056882858,0.3799058496952057,0.6615244746208191,-0.04153714329004288,0.38337212800979614,0.661259651184082,-0.06486865133047104,0.39061495661735535,0.7004406452178955,-0.059890978038311005,0.3937065303325653,0.7153025269508362,-0.05076985061168671
lead,0.40554291009902954,0.8056442737579346,-3.307546947439732e-08,0.453830361366272,0.7933363914489746,-0.029989564791321754,0.48409655690193176,0.7387046217918396,-0.04375772923231125,0.4704957604408264,0.6860713362693787,-0.05528214946389198,0.44157588481903076,0.6578079462051392,-0.06520561873912811,0.4879361689090729,0.6289531588554382,-0.0336293987929821,0.49801379442214966,0.5262171030044556,-0.05699960142374039,0.5017396211624146,0.4686009883880615,-0.07139699906110764,0.50133216381073,0.41864699125289917,-0.08201107382774353,0.4504950940608978,0.6302693486213684,-0.032523080706596375,0.4506860673427582,0.6052514910697937,-0.07116107642650604,0.4476761817932129,0.666153609752655,-0.0811208188533783,0.4445517063140869,0.6999976634979248,-0.08003590255975723,0.41590747237205505,0.640640914440155,-0.034365639090538025,0.4145853817462921,0.6283656358718872,-0.07031548768281937,0.41878199577331543,0.6862136125564575,-0.06615759432315826,0.42034295201301575,0.7112642526626587,-0.054978471249341965,0.3831252455711365,0.6573606729507446,-0.03899344801902771,0.3872959315776825,0.6465416550636292,-0.06272601336240768,0.39557576179504395,0.6872751116752625,-0.05750883370637894,0.3994767963886261,0.7082208395004272,-0.04792731627821922
lead,0.4088742434978485,0.7986145615577698,-5.6483496990722415e-08,0.45667925477027893,0.787866473197937,-0.02992730587720871,0.48821312189102173,0.7308963537216187,-0.042769141495227814,0.4754306674003601,0.6743358373641968,-0.052865032106637955,0.44508886337280273,0.6428495645523071,-0.061184532940387726,0.4920758306980133,0.622555673122406,-0.03374008461833,0.5017142295837402,0.5190960764884949,-0.05691786855459213,0.5047677755355835,0.4615110158920288,-0.07114020735025406,0.5039446353912354,0.41077178716659546,-0.08199378848075867,0.45445916056632996,0.6233404874801636,-0.032902706414461136,0.45625540614128113,0.5944770574569702,-0.06965102255344391,0.4538556635379791,0.6585612893104553,-0.0782158374786377,0.4509853720664978,0.6902372241020203,-0.07689987123012543,0.41961151361465454,0.6332982778549194,-0.035126157104969025,0.41976839303970337,0.6147857904434204,-0.07028820365667343,0.42476561665534973,0.6752240061759949,-0.0646437257528305,0.4260549247264862,0.6983819603919983,-0.05319564417004585,0.3860182464122772,0.6501507759094238,-0.04019731655716896,0.3913550078868866,0.6349529027938843,-0.06419982016086578,0.40094324946403503,0.67673259973526,-0.05828306823968887,0.4039263427257538,0.6969609260559082,-0.048677291721105576
lead,0.4130384624004364,0.7904914617538452,-2.636569007563594e-08,0.4597715139389038,0.7769717574119568,-0.02998235821723938,0.4902550280094147,0.7238315343856812,-0.04516444355249405,0.47818055748939514,0.6707898378372192,-0.05825222283601761,0.44785940647125244,0.6384438276290894,-0.0697520449757576,0.4937692880630493,0.6144736409187317,-0.03580143675208092,0.5028917193412781,0.5127508044242859,-0.060384005308151245,0.5053581595420837,0.45515283942222595,-0.07531968504190445,0.50339674949646,0.404411643743515,-0.0864848718047142,0.4552399218082428,0.6157102584838867,-0.03547515720129013,0.4569477438926697,0.5876782536506653,-0.0741225853562355,0.455771803855896,0.6507346630096436,-0.08348413556814194,0.45329323410987854,0.6818850040435791,-0.08250729739665985,0.4203125536441803,0.6258791089057922,-0.03811044245958328,0.41937455534935,0.6090507507324219,-0.07371598482131958,0.4249829053878784,0.6677353382110596,-0.06817340850830078,0.4267382323741913,0.6905494928359985,-0.056766342371702194,0.38717713952064514,0.642271876335144,-0.04366179183125496,0.39127302169799805,0.6283853054046631,-0.0671524852514267,0.40072178840637207,0.6682868003845215,-0.06150168552994728,0.4047180712223053,0.6874731779098511,-0.052240654826164246
lead,0.41358599066734314,0.785098135471344,-2.8924981521072368e-08,0.45994457602500916,0.774272084236145,-0.030456192791461945,0.4900217056274414,0.7190876007080078,-0.04526885598897934,0.477668434381485,0.6653665900230408,-0.057807207107543945,0.4460793733596802,0.6381798386573792,-0.06892918050289154,0.4943852126598358,0.6104502081871033,-0.037093035876750946,0.5032784342765808,0.5080557465553284,-0.06183670833706856,0.5062088966369629,0.44975486397743225,-0.07675229758024216,0.5045398473739624,0.3992609977722168,-0.08796226233243942,0.4556207060813904,0.610661506652832,-0.036473363637924194,0.4558793604373932,0.5852876901626587,-0.07669100165367126,0.45511120557785034,0.6495206356048584,-0.0861949622631073,0.45303595066070557,0.6819536089897156,-0.08490846306085587,0.4204241931438446,0.620028555393219,-0.038792457431554794,0.4167730510234833,0.6048008799552917,-0.07603098452091217,0.4230117201805115,0.6653056740760803,-0.0704425796866417,0.425653338432312,0.6906271576881409,-0.05844004824757576,0.38711369037628174,0.635462760925293,-0.04399765655398369,0.3886980414390564,0.6225725412368774,-0.06883133202791214,0.39807936549186707,0.6634646654129028,-0.0634411945939064,0.4027585983276367,0.6834317445755005,-0.05395812913775444
lead,0.4147709310054779,0.7840491533279419,-2.8751335534593636e-08,0.4601745009422302,0.7728319764137268,-0.032336313277482986,0.4921087324619293,0.7198455333709717,-0.04830843210220337,0.4807245135307312,0.6657343506813049,-0.06161767989397049,0.4505780339241028,0.6315072774887085,-0.07334402948617935,0.4949476718902588,0.608613133430481,-0.03785558417439461,0.5050750970840454,0.5077780485153198,-0.06304711103439331,0.508095383644104,0.44950491189956665,-0.07743661850690842,0.5062273740768433,0.3987038731575012,-0.08787984400987625,0.4568880498409271,0.6064319014549255,-0.0359836108982563,0.4598310887813568,0.5833578109741211,-0.0760558471083641,0.4561486542224884,0.6467048525810242,-0.08501487225294113,0.451886922121048,0.6784145832061768,-0.0830378532409668,0.42196226119995117,0.6151337623596191,-0.037254150956869125,0.42166706919670105,0.6067543625831604,-0.07501956075429916,0.42555540800094604,0.6664345264434814,-0.06955259293317795,0.4264003038406372,0.6893228888511658,-0.05727251246571541,0.3886162340641022,0.6301450729370117,-0.041429243981838226,0.3938884139060974,0.6239790320396423,-0.06656242161989212,0.401775062084198,0.6653573513031006,-0.061255794018507004,0.40468770265579224,0.6829769015312195,-0.051451295614242554
lead,0.4173807203769684,0.7880429625511169,-2.4170716983462626e-08,0.4604532718658447,0.7757471203804016,-0.031925152987241745,0.49070069193840027,0.7232943773269653,-0.04825957864522934,0.47968417406082153,0.6706575155258179,-0.06199568137526512,0.45021939277648926,0.6381944417953491,-0.07395628839731216,0.4956152141094208,0.6113371253013611,-0.03820958361029625,0.5062150955200195,0.5109250545501709,-0.0634138211607933,0.509623646736145,0.45338645577430725,-0.07764706760644913,0.5084947347640991,0.40300071239471436,-0.08815199881792068,0.45839232206344604,0.6083062887191772,-0.03660796210169792,0.46005779504776,0.5895550847053528,-0.0754890888929367,0.45669469237327576,0.6524209976196289,-0.08336081355810165,0.4538722038269043,0.6808556914329529,-0.08133509010076523,0.4234698712825775,0.6166913509368896,-0.03822920098900795,0.42236417531967163,0.6122792959213257,-0.0749036967754364,0.42667990922927856,0.670765221118927,-0.06889642775058746,0.42874136567115784,0.6906492710113525,-0.05702320113778114,0.39015859365463257,0.63173508644104,-0.04285813122987747,0.3947782814502716,0.6308278441429138,-0.06730697304010391,0.40324097871780396,0.6721231341362,-0.06210049241781235,0.4071093499660492,0.6877903938293457,-0.05277135223150253
lead,0.41932132840156555,0.7969034314155579,-2.8721483857907515e-08,0.4602268934249878,0.7827017307281494,-0.031289514154195786,0.48977071046829224,0.7310503125190735,-0.048828642815351486,0.4788108468055725,0.6802176237106323,-0.06423827260732651,0.44746363162994385,0.6491040587425232,-0.07784495502710342,0.4963395893573761,0.6150816082954407,-0.03782566636800766,0.5070120096206665,0.5171740055084229,-0.064121775329113,0.5104935169219971,0.4597688317298889,-0.07880635559558868,0.5099449753761292,0.40944546461105347,-0.08961652219295502,0.4590839445590973,0.6116170883178711,-0.03752582147717476,0.46183711290359497,0.600517749786377,-0.07642602920532227,0.4577755630016327,0.6654942035675049,-0.08351662755012512,0.4554820656776428,0.689812421798706,-0.08126708120107651,0.42366841435432434,0.6214094758033752,-0.040602341294288635,0.42325347661972046,0.6231259703636169,-0.07756870239973068,0.42707061767578125,0.6823348999023438,-0.07040388137102127,0.4297884404659271,0.697759747505188,-0.05809040740132332,0.3899640440940857,0.6383187770843506,-0.04673231393098831,0.3943484425544739,0.6428060531616211,-0.07064997404813766,0.4018283188343048,0.6845355033874512,-0.06413568556308746,0.4051533341407776,0.6962003111839294,-0.054154954850673676
lead,0.4177977442741394,0.8096863031387329,-5.949590686782358e-08,0.46008917689323425,0.7943500280380249,-0.027363499626517296,0.493592232465744,0.7421243190765381,-0.044050972908735275,0.4807097017765045,0.6926789879798889,-0.059560347348451614,0.4478868246078491,0.6623708605766296,-0.07374811172485352,0.49719375371932983,0.6265996098518372,-0.034085292369127274,0.5075759887695312,0.5278976559638977,-0.06029931455850601,0.5111277103424072,0.46967053413391113,-0.07597135752439499,0.5106627941131592,0.41838937997817993,-0.08753735572099686,0.4590074121952057,0.6225743889808655,-0.03577185794711113,0.46435028314590454,0.6135362982749939,-0.07586031407117844,0.45851001143455505,0.678332507610321,-0.0849001556634903,0.45287349820137024,0.7045053839683533,-0.08386587351560593,0.4229801595211029,0.6329330205917358,-0.04021448642015457,0.4256894290447235,0.6355277895927429,-0.07743099331855774,0.42877909541130066,0.6947786808013916,-0.07041262090206146,0.4290713369846344,0.7118552923202515,-0.05821999907493591,0.38833844661712646,0.6505099534988403,-0.04721920192241669,0.3966901898384094,0.6553927063941956,-0.07053325325250626,0.4029640555381775,0.6983716487884521,-0.06258713454008102,0.4039294719696045,0.7107957005500793,-0.051550570875406265
lead,0.4220745861530304,0.7984716892242432,1.4711685025758925e-07,0.4571281671524048,0.806797981262207,-0.041680168360471725,0.4895898103713989,0.7679154276847839,-0.06555332988500595,0.4821202754974365,0.7159404158592224,-0.08402915298938751,0.4569995701313019,0.6732740998268127,-0.10110919922590256,0.5010563135147095,0.6580672860145569,-0.05003668740391731,0.5083701014518738,0.5637920498847961,-0.08222860097885132,0.5119301676750183,0.49876195192337036,-0.09892351925373077,0.5109836459159851,0.44569405913352966,-0.10938772559165955,0.4633277952671051,0.6412944197654724,-0.042198650538921356,0.4624527394771576,0.6218594908714294,-0.08564908802509308,0.45573967695236206,0.6941230893135071,-0.08838680386543274,0.4552431106567383,0.7252615094184875,-0.0797826424241066,0.42690739035606384,0.6408284902572632,-0.03882099688053131,0.42050701379776,0.6448193192481995,-0.07975716888904572,0.4230769872665405,0.707349956035614,-0.0670880675315857,0.4284743070602417,0.7280190587043762,-0.04889016970992088,0.39145681262016296,0.650580108165741,-0.0390494279563427,0.3907681107521057,0.6625354290008545,-0.06860542297363281,0.3982543349266052,0.7123578190803528,-0.061491504311561584,0.4058276414871216,0.7260975241661072,-0.04886475205421448
lead,0.41711264848709106,0.8226519823074341,-4.8985025813408356e-08,0.4585004150867462,0.8078575134277344,-0.028169648721814156,0.49364498257637024,0.7589260935783386,-0.04654282331466675,0.48232823610305786,0.7087715268135071,-0.06402407586574554,0.45217639207839966,0.6727790832519531,-0.08016988635063171,0.49812111258506775,0.6394432783126831,-0.03473745658993721,0.5089160203933716,0.5410847067832947,-0.061941396445035934,0.5125871896743774,0.4819810390472412,-0.07802937924861908,0.5121965408325195,0.4301776885986328,-0.08978922665119171,0.46008580923080444,0.6333932280540466,-0.03616280481219292,0.46474698185920715,0.62749183177948,-0.07744010537862778,0.45875492691993713,0.6926572918891907,-0.0867568850517273,0.4541242718696594,0.7178832292556763,-0.08571571111679077,0.4239419400691986,0.6428075432777405,-0.040387820452451706,0.4257510304450989,0.6492281556129456,-0.07834199070930481,0.4281725287437439,0.7080910205841064,-0.07080703228712082,0.4293261468410492,0.7246106863021851,-0.058209966868162155,0.38867202401161194,0.6593183875083923,-0.04730062559247017,0.3963415026664734,0.6689832806587219,-0.07150778919458389,0.40272584557533264,0.7127787470817566,-0.06390996277332306,0.4054470658302307,0.7245599031448364,-0.052837301045656204
lead,0.41618406772613525,0.837158203125,-6.84515839566302e-08,0.4581035375595093,0.8229706883430481,-0.027484387159347534,0.49226611852645874,0.7745732069015503,-0.0457489974796772,0.48067933320999146,0.7249022126197815,-0.06336361169815063,0.45238545536994934,0.6881966590881348,-0.07968806475400925,0.4972209930419922,0.6520273685455322,-0.0346144400537014,0.5080362558364868,0.5539911985397339,-0.06184552609920502,0.5122721195220947,0.4947551488876343,-0.07868006080389023,0.5132200717926025,0.4442819356918335,-0.0906367301940918,0.4590921700000763,0.6435458660125732,-0.03583812341094017,0.4644002318382263,0.6502619981765747,-0.07772743701934814,0.45707637071609497,0.7124298810958862,-0.08848953992128372,0.4518710970878601,0.7387428879737854,-0.08818508684635162,0.42286908626556396,0.6521573662757874,-0.03957348316907883,0.4245709776878357,0.6694992184638977,-0.07748890668153763,0.42655831575393677,0.7260411381721497,-0.07141458988189697,0.42830052971839905,0.7451138496398926,-0.05953473597764969,0.3884522616863251,0.6682966351509094,-0.045974232256412506,0.39579468965530396,0.6857396960258484,-0.07068952172994614,0.40143150091171265,0.7300032377243042,-0.06394271552562714,0.40453746914863586,0.7446296215057373,-0.05282079428434372
lead,0.42049872875213623,0.8255201578140259,1.6994999896269292e-07,0.4553394913673401,0.834660530090332,-0.04087822884321213,0.4876159727573395,0.7997308373451233,-0.06608173996210098,0.4814579486846924,0.751308023929596,-0.08642612397670746,0.45714372396469116,0.7110533118247986,-0.10532514750957489,0.5016752481460571,0.6846427917480469,-0.05132121965289116,0.5092459321022034,0.5906528234481812,-0.08625597506761551,0.5138733386993408,0.5244261026382446,-0.10603933781385422,0.5129142999649048,0.46983206272125244,-0.11871055513620377,0.46520811319351196,0.6639723777770996,-0.044675230979919434,0.46624577045440674,0.6541312336921692,-0.08858643472194672,0.4583118259906769,0.7249183654785156,-0.09209981560707092,0.4556776285171509,0.752032458782196,-0.08487896621227264,0.42859795689582825,0.6620689034461975,-0.042506054043769836,0.42488670349121094,0.6764242053031921,-0.0825238898396492,0.42531123757362366,0.7366178035736084,-0.0694139376282692,0.4285115599632263,0.7553824782371521,-0.05171816051006317,0.39287400245666504,0.6722623705863953,-0.04413623362779617,0.3936811685562134,0.6937294602394104,-0.07243417203426361,0.3988408148288727,0.7415980100631714,-0.06461865454912186,0.4046090543270111,0.7537946701049805,-0.05178123712539673
lead,0.414456844329834,0.8528978824615479,-6.513017325460169e-08,0.457324355840683,0.8393533229827881,-0.028460297733545303,0.4915688931941986,0.7918733358383179,-0.047493256628513336,0.48179545998573303,0.7403498291969299,-0.06575818359851837,0.4559708833694458,0.6995993852615356,-0.08248895406723022,0.49755269289016724,0.6674999594688416,-0.03507586568593979,0.5080683827400208,0.568427562713623,-0.06281735748052597,0.5121684670448303,0.5084549784660339,-0.07977437227964401,0.5127145648002625,0.45738333463668823,-0.09186381846666336,0.45887884497642517,0.6575068235397339,-0.035926710814237595,0.4670043885707855,0.660858690738678,-0.07794054597616196,0.45949628949165344,0.7259271144866943,-0.08791538327932358,0.45313748717308044,0.7538341879844666,-0.08707353472709656,0.42234623432159424,0.6643182039260864,-0.03955923765897751,0.4262401759624481,0.6799849271774292,-0.07780667394399643,0.4279610514640808,0.7382106184959412,-0.07085064798593521,0.42850765585899353,0.7587319612503052,-0.05851021036505699,0.38737738132476807,0.679487943649292,-0.046000584959983826,0.3965826630592346,0.6970369815826416,-0.07175948470830917,0.40291476249694824,0.7424383759498596,-0.06538686156272888,0.405830979347229,0.7580428123474121,-0.05454050749540329
lead,0.4132704436779022,0.8687711358070374,-8.849043098280163e-08,0.45674464106559753,0.8580339550971985,-0.029542984440922737,0.49193793535232544,0.8108715415000916,-0.048580072820186615,0.47979605197906494,0.7564632296562195,-0.06650981307029724,0.456054151058197,0.712654173374176,-0.082937091588974,0.4981158375740051,0.6846325397491455,-0.03605995699763298,0.5088842511177063,0.5850415229797363,-0.06399191915988922,0.5133204460144043,0.5238712430000305,-0.08153608441352844,0.5144643187522888,0.47202086448669434,-0.09402410686016083,0.4590175449848175,0.6734440326690674,-0.03602255508303642,0.46333223581314087,0.680993914604187,-0.07862255722284317,0.4549886882305145,0.7452811598777771,-0.08920864015817642,0.44916579127311707,0.7746940851211548,-0.08863110095262527,0.4223948121070862,0.6800277233123779,-0.03875647485256195,0.4234914183616638,0.699615478515625,-0.0767725482583046,0.4248945415019989,0.7567220330238342,-0.06987389922142029,0.4260777235031128,0.7781747579574585,-0.05756017193198204,0.38749751448631287,0.6949970722198486,-0.04447900876402855,0.3944932818412781,0.715195894241333,-0.069993756711483,0.39999669790267944,0.7605916261672974,-0.06374818831682205,0.40331315994262695,0.7768346667289734,-0.052814532071352005
lead,0.42509326338768005,0.8611251711845398,2.052604202162911e-07,0.4555492699146271,0.8653393983840942,-0.037898387759923935,0.485757052898407,0.8383896350860596,-0.06423608958721161,0.4803847372531891,0.7944793701171875,-0.08560635894536972,0.45676544308662415,0.7593823671340942,-0.10590660572052002,0.49977776408195496,0.7215107679367065,-0.04752957075834274,0.5089259743690491,0.6599987149238586,-0.07897590845823288,0.5119626522064209,0.6058799028396606,-0.09805521368980408,0.5089677572250366,0.5663265585899353,-0.10975214093923569,0.46089842915534973,0.6995897889137268,-0.041755106300115585,0.4634048640727997,0.6919205188751221,-0.07850141823291779,0.4558883607387543,0.7645447254180908,-0.08003954589366913,0.4532580077648163,0.7965475916862488,-0.07191310077905655,0.4217853546142578,0.7007119655609131,-0.039806123822927475,0.42031440138816833,0.712626576423645,-0.07480774819850922,0.4214332401752472,0.771308958530426,-0.06163432449102402,0.42306068539619446,0.7974673509597778,-0.04416521266102791,0.38304299116134644,0.7184803485870361,-0.040956735610961914,0.38440316915512085,0.7340493202209473,-0.06535284221172333,0.39144518971443176,0.7784126996994019,-0.05500933527946472,0.3962039351463318,0.7980729341506958,-0.040475595742464066
lead,0.4116956293582916,0.8869359493255615,-1.1407086475401229e-07,0.45601698756217957,0.8753321766853333,-0.026005612686276436,0.4920421540737152,0.8265405297279358,-0.0430564358830452,0.48060351610183716,0.7723530530929565,-0.05964283272624016,0.45479801297187805,0.7330584526062012,-0.0749770924448967,0.49798476696014404,0.7018406987190247,-0.031296320259571075,0.5089255571365356,0.6020435690879822,-0.05725376307964325,0.513680636882782,0.5416877269744873,-0.0739198848605156,0.5151934027671814,0.49093127250671387,-0.08602165430784225,0.45941129326820374,0.691504180431366,-0.032810866832733154,0.46704748272895813,0.6944923400878906,-0.07414789497852325,0.45822200179100037,0.7584080696105957,-0.085222989320755,0.4504138231277466,0.788555383682251,-0.08510428667068481,0.423402339220047,0.6980593800544739,-0.03670845925807953,0.42718544602394104,0.7113999724388123,-0.07340409606695175,0.4275224506855011,0.7681957483291626,-0.06680262088775635,0.42674770951271057,0.7909730672836304,-0.05485181510448456,0.38804641366004944,0.7126330733299255,-0.043250054121017456,0.39668717980384827,0.7252143621444702,-0.06747975200414658,0.40186601877212524,0.7700181603431702,-0.060499630868434906,0.4042201638221741,0.7878948450088501,-0.049339793622493744
lead,0.4133177399635315,0.9051980376243591,-1.1843620484341955e-07,0.4565836787223816,0.8936246633529663,-0.025246864184737206,0.49053624272346497,0.8453835248947144,-0.0422377809882164,0.4785004258155823,0.793115496635437,-0.05914019048213959,0.4535290002822876,0.75266033411026,-0.07479535788297653,0.4969406723976135,0.7181035280227661,-0.029702119529247284,0.5080201029777527,0.6191920638084412,-0.05460602790117264,0.5127466917037964,0.5592628121376038,-0.07107126712799072,0.514442503452301,0.5090182423591614,-0.08316542208194733,0.4586186110973358,0.7091367244720459,-0.03185580298304558,0.46767398715019226,0.7142919898033142,-0.07265207171440125,0.4587213397026062,0.7775514125823975,-0.08488380908966064,0.45011067390441895,0.808311939239502,-0.0857182964682579,0.42274990677833557,0.7168458104133606,-0.0362049899995327,0.4268510937690735,0.7288273572921753,-0.07282876968383789,0.42682212591171265,0.7852180600166321,-0.06737883388996124,0.42522546648979187,0.808867335319519,-0.056167732924222946,0.38787686824798584,0.7323168516159058,-0.043012797832489014,0.39616337418556213,0.7419257760047913,-0.06755003333091736,0.40166550874710083,0.7868302464485168,-0.0607142336666584,0.4039766788482666,0.8063508868217468,-0.04951692372560501
lead,0.4225690960884094,0.8921375274658203,1.5033646150186541e-07,0.45507726073265076,0.9002279043197632,-0.035774849355220795,0.48873037099838257,0.8669703006744385,-0.058868084102869034,0.4783693253993988,0.8227211236953735,-0.07803913205862045,0.45150476694107056,0.7874211072921753,-0.09585399180650711,0.4976871907711029,0.7419279217720032,-0.045205339789390564,0.5064475536346436,0.6560990214347839,-0.07602589577436447,0.5118494629859924,0.5933661460876465,-0.09355518966913223,0.5122703313827515,0.5407015085220337,-0.10542601346969604,0.4609144330024719,0.7195525765419006,-0.04173187538981438,0.4659322500228882,0.7241812944412231,-0.08274918049573898,0.45753955841064453,0.7941509485244751,-0.08708100765943527,0.4533878564834595,0.82037353515625,-0.081270232796669,0.4243318438529968,0.7192785143852234,-0.041994161903858185,0.4240642786026001,0.7486118078231812,-0.0782361850142479,0.4243170917034149,0.8064498901367188,-0.06584560126066208,0.42616623640060425,0.8235479593276978,-0.04992944002151489,0.38814258575439453,0.7328395247459412,-0.04597397521138191,0.3906443417072296,0.7658208608627319,-0.07037889212369919,0.3957684338092804,0.8136652112007141,-0.06195716932415962,0.39999979734420776,0.8251890540122986,-0.049674004316329956
lead,0.41695159673690796,0.9201644062995911,-1.0519470805547826e-07,0.45776718854904175,0.9041074514389038,-0.02324892394244671,0.48977747559547424,0.8557922840118408,-0.03984629735350609,0.4758206605911255,0.8090522289276123,-0.056783806532621384,0.44847944378852844,0.7748194932937622,-0.07247473299503326,0.49516192078590393,0.7286108136177063,-0.02833176963031292,0.5063942670822144,0.6322741508483887,-0.05180685222148895,0.5108977556228638,0.5729329586029053,-0.06738300621509552,0.5127203464508057,0.523040771484375,-0.07895965874195099,0.45692771673202515,0.7178364396095276,-0.031391240656375885,0.4627409279346466,0.7325020432472229,-0.06994692981243134,0.45377853512763977,0.7938613891601562,-0.08154316991567612,0.4464401602745056,0.8239049315452576,-0.08246271312236786,0.42049410939216614,0.7261505126953125,-0.03635749965906143,0.42413830757141113,0.7454749345779419,-0.07058998942375183,0.4252009987831116,0.7992843985557556,-0.06533209979534149,0.4251101315021515,0.8226427435874939,-0.054807428270578384,0.38601285219192505,0.7434109449386597,-0.04379713162779808,0.3942428231239319,0.7591216564178467,-0.0667698085308075,0.4002208709716797,0.8027987480163574,-0.059834107756614685,0.40365108847618103,0.823174774646759,-0.04862229898571968
lead,0.4191140830516815,0.932540237903595,-1.0112459847277933e-07,0.456169068813324,0.9170944690704346,-0.02502603828907013,0.48706868290901184,0.870194673538208,-0.04218067601323128,0.4724954068660736,0.824496865272522,-0.0596076063811779,0.44387561082839966,0.7915318608283997,-0.07594460248947144,0.492616206407547,0.7420761585235596,-0.02849704772233963,0.5040525794029236,0.6437529921531677,-0.05217774957418442,0.5094457864761353,0.5841267108917236,-0.06768111139535904,0.5120731592178345,0.5350179672241211,-0.07900749146938324,0.4551786780357361,0.7328476905822754,-0.030881108716130257,0.45485931634902954,0.7400117516517639,-0.07064798474311829,0.44650232791900635,0.8032312393188477,-0.08257643133401871,0.44183549284935,0.8383099436759949,-0.08306167274713516,0.4194551408290863,0.7418635487556458,-0.03539714589715004,0.4167745113372803,0.7515435218811035,-0.07063498347997665,0.41895803809165955,0.8072402477264404,-0.06485223770141602,0.4217873811721802,0.836441159248352,-0.05315626785159111,0.3854757249355316,0.7600305080413818,-0.042551714926958084,0.3866437077522278,0.765935480594635,-0.06654602289199829,0.3941922187805176,0.8086920380592346,-0.05937438830733299,0.4010560214519501,0.8334203362464905,-0.04730810597538948
lead,0.4158695340156555,0.8966166377067566,1.7423654696813173e-07,0.4485398530960083,0.9108960628509521,-0.040155623108148575,0.4824659824371338,0.8837937712669373,-0.06836210191249847,0.4732462465763092,0.8417083621025085,-0.09225025773048401,0.4455242455005646,0.8052731156349182,-0.11437974870204926,0.49346446990966797,0.7524396777153015,-0.056168217211961746,0.5020520091056824,0.6573375463485718,-0.09252563863992691,0.5070033669471741,0.5926504135131836,-0.11178630590438843,0.5072733163833618,0.5395582914352417,-0.12391668558120728,0.45580893754959106,0.7286574840545654,-0.051331620663404465,0.4566977322101593,0.7422489523887634,-0.09610964357852936,0.44786521792411804,0.8148225545883179,-0.09945714473724365,0.44664323329925537,0.8330504298210144,-0.09252099692821503,0.4184721112251282,0.7287732362747192,-0.050576165318489075,0.41647443175315857,0.7681624889373779,-0.0895550400018692,0.4174111783504486,0.823523759841919,-0.07531801611185074,0.42201319336891174,0.8304029107093811,-0.0580059178173542,0.3820860683917999,0.7418442368507385,-0.0538792610168457,0.3845234513282776,0.786631166934967,-0.0796264111995697,0.3898419737815857,0.8314772844314575,-0.07035426050424576,0.3949131667613983,0.8350611329078674,-0.0569990836083889
lead,0.4119136929512024,0.931753933429718,-7.08828551410079e-08,0.449872761964798,0.91942298412323,-0.028119051828980446,0.4836322069168091,0.8744580149650574,-0.04671226814389229,0.46819868683815,0.8300001621246338,-0.06468918919563293,0.4371460974216461,0.8002833127975464,-0.08142302930355072,0.4895181357860565,0.7438766956329346,-0.03279130160808563,0.5013578534126282,0.648293137550354,-0.05753175541758537,0.507292628288269,0.5901679992675781,-0.07336313277482986,0.5104449987411499,0.5408504009246826,-0.08502555638551712,0.4510599672794342,0.7311823964118958,-0.03391443192958832,0.45174580812454224,0.7498235702514648,-0.07487811893224716,0.44387832283973694,0.8124655485153198,-0.08734466880559921,0.4394150674343109,0.8415969014167786,-0.08803194016218185,0.41489142179489136,0.7394942045211792,-0.03731733560562134,0.41277748346328735,0.7625571489334106,-0.07271675020456314,0.4154825806617737,0.8168779611587524,-0.06784874200820923,0.41913169622421265,0.8382492661476135,-0.05704453960061073,0.3810550570487976,0.7571996450424194,-0.04379848763346672,0.38430163264274597,0.7795039415359497,-0.06749443709850311,0.39145001769065857,0.8228582143783569,-0.06166917830705643,0.3981999158859253,0.8410637378692627,-0.050799254328012466
lead,0.4125671684741974,0.9344764947891235,-6.22335178945832e-08,0.4484784007072449,0.921351969242096,-0.027010513469576836,0.4805660843849182,0.8771063685417175,-0.0450357049703598,0.46370580792427063,0.8345737457275391,-0.06253591924905777,0.4345794916152954,0.801366925239563,-0.07838873565196991,0.4858139753341675,0.7456469535827637,-0.03198923543095589,0.497731477022171,0.6511140465736389,-0.05649595707654953,0.5028640031814575,0.5934056043624878,-0.07120603322982788,0.5053076148033142,0.5435910224914551,-0.08224546164274216,0.44752269983291626,0.7307563424110413,-0.03363391011953354,0.4480055868625641,0.7534661889076233,-0.07299848645925522,0.44021353125572205,0.8168445229530334,-0.08372580260038376,0.43678176403045654,0.8409092426300049,-0.08375130593776703,0.4112800359725952,0.7382797002792358,-0.03771865367889404,0.4094403088092804,0.7677738070487976,-0.07229503989219666,0.4123786389827728,0.822160005569458,-0.06667488813400269,0.41715243458747864,0.8366885185241699,-0.0560264065861702,0.3774811327457428,0.7555376291275024,-0.04479701817035675,0.3812309503555298,0.7847967743873596,-0.06777865439653397,0.3879864811897278,0.827435314655304,-0.06190000846982002,0.39453911781311035,0.8386538624763489,-0.05150597169995308
lead,0.413734495639801,0.9035133719444275,1.8493867059987679e-07,0.44359707832336426,0.9099120497703552,-0.03999592736363411,0.47230273485183716,0.8825445175170898,-0.0698971077799797,0.46613460779190063,0.8403564691543579,-0.09562873840332031,0.44044041633605957,0.8037638664245605,-0.11909940838813782,0.4882901906967163,0.750813901424408,-0.0564480684697628,0.49663621187210083,0.6647471189498901,-0.09581051766872406,0.4995672106742859,0.6015739440917969,-0.11740978062152863,0.4982328712940216,0.5503551959991455,-0.13084521889686584,0.44779032468795776,0.7236667275428772,-0.051566265523433685,0.4515402913093567,0.7489214539527893,-0.0953703373670578,0.44550007581710815,0.8206865787506104,-0.09694111347198486,0.4429360330104828,0.8319500684738159,-0.08974038809537888,0.4091986417770386,0.7251914143562317,-0.051199864596128464,0.40889400243759155,0.7749951481819153,-0.08927298337221146,0.41127416491508484,0.8285564184188843,-0.07415702193975449,0.4139256179332733,0.8303731679916382,-0.057315193116664886,0.3724218010902405,0.7426425814628601,-0.05501961708068848,0.3758097290992737,0.7949813008308411,-0.08063966035842896,0.3819774389266968,0.8374902009963989,-0.07162121683359146,0.3867449462413788,0.8368874192237854,-0.058752745389938354
lead,0.41268590092658997,0.9330625534057617,-3.216172572706455e-08,0.4478794038295746,0.9185338020324707,-0.028642216697335243,0.4763423800468445,0.874606728553772,-0.047613248229026794,0.4601761996746063,0.8312973976135254,-0.06578753143548965,0.43038249015808105,0.8003100752830505,-0.08263467252254486,0.48260384798049927,0.7464379072189331,-0.03386477380990982,0.4931333363056183,0.6491724848747253,-0.058629099279642105,0.4984971880912781,0.5901787877082825,-0.07420946657657623,0.5009215474128723,0.5409311652183533,-0.08541618287563324,0.44418492913246155,0.7361632585525513,-0.03470674902200699,0.44359874725341797,0.742699146270752,-0.07660593837499619,0.4367625415325165,0.8065346479415894,-0.0889677181839943,0.4336075782775879,0.8412808775901794,-0.08891605585813522,0.40800994634628296,0.7445840835571289,-0.03784996643662453,0.40436646342277527,0.7555491924285889,-0.07431113719940186,0.4081471264362335,0.8111484050750732,-0.06932289153337479,0.41296353936195374,0.8381701707839966,-0.05767310783267021,0.37449803948402405,0.762254536151886,-0.0439298078417778,0.3756084144115448,0.7713205218315125,-0.06888163834810257,0.38445714116096497,0.8136939406394958,-0.06313452869653702,0.3930971026420593,0.8357840776443481,-0.051822926849126816
lead,0.40554848313331604,0.9267933964729309,-3.0905244585710534e-08,0.44321539998054504,0.9149761199951172,-0.028562698513269424,0.4735705852508545,0.8702349662780762,-0.04679640382528305,0.45770853757858276,0.8260295391082764,-0.06416847556829453,0.42594870924949646,0.7975802421569824,-0.08012036979198456,0.4805559813976288,0.7425052523612976,-0.03289728984236717,0.49111512303352356,0.6444374918937683,-0.0576208233833313,0.4962104558944702,0.583873450756073,-0.07304779440164566,0.4980456233024597,0.5333449244499207,-0.08426015824079514,0.4417479932308197,0.7283911108970642,-0.03355984389781952,0.44028761982917786,0.7404056787490845,-0.07512124627828598,0.4341707229614258,0.8055484890937805,-0.08672189712524414,0.43169039487838745,0.8393462300300598,-0.0862843245267868,0.4050986170768738,0.7349629402160645,-0.03666231408715248,0.4014699161052704,0.7534589767456055,-0.07271294295787811,0.40543898940086365,0.8092272877693176,-0.06710602343082428,0.41061779856681824,0.8348727226257324,-0.05527424439787865,0.3712153434753418,0.7515713572502136,-0.042839981615543365,0.3731802999973297,0.7692088484764099,-0.06733956187963486,0.38094562292099,0.8124678134918213,-0.06149296462535858,0.3884478211402893,0.8332640528678894,-0.05025927722454071
lead,0.4032788574695587,0.9176816940307617,-2.587038494539229e-08,0.4419979751110077,0.9050073027610779,-0.02724313735961914,0.4723622500896454,0.8594906330108643,-0.044847145676612854,0.4557151198387146,0.8150171637535095,-0.06154711917042732,0.42567139863967896,0.7836557030677795,-0.0767730325460434,0.47878438234329224,0.7309858202934265,-0.033739082515239716,0.48971644043922424,0.6345295310020447,-0.057698529213666916,0.493760347366333,0.5746427774429321,-0.07237743586301804,0.4952821135520935,0.5237119197845459,-0.08314555138349533,0.4401340186595917,0.7164123058319092,-0.03474849462509155,0.43935438990592957,0.7344571352005005,-0.07365316897630692,0.43243274092674255,0.795839250087738,-0.0843416303396225,0.4293859601020813,0.8260440826416016,-0.08420495688915253,0.40369749069213867,0.723730206489563,-0.037932541221380234,0.40208879113197327,0.7525008320808411,-0.07266324013471603,0.40436843037605286,0.8071673512458801,-0.0674392506480217,0.4076188802719116,0.8299624919891357,-0.05645138397812843,0.37032902240753174,0.7408528327941895,-0.04403625801205635,0.3752337694168091,0.7677471041679382,-0.06762539595365524,0.38102826476097107,0.8120953440666199,-0.061977338045835495,0.38615670800209045,0.8312332630157471,-0.05123414844274521
lead,0.40725550055503845,0.8808308839797974,1.6432773009000812e-07,0.4403958022594452,0.8842428922653198,-0.03904677927494049,0.4698610305786133,0.8498559594154358,-0.06497910618782043,0.45867374539375305,0.8085972666740417,-0.08616344630718231,0.4310113191604614,0.774437665939331,-0.10625503212213516,0.4785156846046448,0.7291297316551208,-0.05175130441784859,0.4893125891685486,0.6429372429847717,-0.08621238172054291,0.49261605739593506,0.5808935165405273,-0.10719048231840134,0.49159136414527893,0.5328654050827026,-0.12063979357481003,0.4389095604419708,0.7110550403594971,-0.046215325593948364,0.4358446002006531,0.718024730682373,-0.09083139151334763,0.4295174777507782,0.7881548404693604,-0.09715523570775986,0.4289393126964569,0.8162041306495667,-0.09231042116880417,0.40081241726875305,0.7144964337348938,-0.044489819556474686,0.39410915970802307,0.7383818030357361,-0.08427953720092773,0.398153692483902,0.795590877532959,-0.07333631813526154,0.4038991630077362,0.8144710659980774,-0.05763600021600723,0.3661547303199768,0.7316684126853943,-0.04618026316165924,0.364076167345047,0.7597997188568115,-0.07367421686649323,0.372252494096756,0.806397020816803,-0.06527683883905411,0.38013043999671936,0.819549024105072,-0.05190884321928024
lead,0.3958369791507721,0.9044731855392456,-5.4058226339748217e-08,0.4383496046066284,0.892663300037384,-0.028044568374753,0.4684496521949768,0.8463574647903442,-0.04463379085063934,0.4521597921848297,0.799348771572113,-0.06033352017402649,0.42448437213897705,0.7664719223976135,-0.07474911957979202,0.4772838354110718,0.7233619689941406,-0.03040575608611107,0.48677903413772583,0.6245695352554321,-0.053486526012420654,0.49075090885162354,0.5645048022270203,-0.06800900399684906,0.4924783408641815,0.5143002867698669,-0.07849635928869247,0.43952396512031555,0.7135684490203857,-0.030591929331421852,0.4363151490688324,0.7155091762542725,-0.07115239650011063,0.4289090037345886,0.7782013416290283,-0.08309626579284668,0.426043301820755,0.8146740198135376,-0.08259804546833038,0.40377092361450195,0.7214106321334839,-0.03314543515443802,0.3988107442855835,0.7304512858390808,-0.06969225406646729,0.4012880325317383,0.7864474654197693,-0.06516404449939728,0.40539243817329407,0.8151070475578308,-0.05328509956598282,0.3702772259712219,0.7375883460044861,-0.03841070085763931,0.36983156204223633,0.7420175671577454,-0.06368569284677505,0.37678325176239014,0.7853923439979553,-0.05810045450925827,0.38446056842803955,0.8098339438438416,-0.04667406901717186
lead,0.39282554388046265,0.8869650363922119,-1.9755926672360147e-08,0.43482357263565063,0.8793680667877197,-0.02991539239883423,0.4683156907558441,0.8347389101982117,-0.047411225736141205,0.4533468782901764,0.7864284515380859,-0.06337560713291168,0.42438608407974243,0.754007875919342,-0.07767011970281601,0.4777158200740814,0.7078205943107605,-0.03465848043560982,0.48762479424476624,0.6107538938522339,-0.05838849022984505,0.490820050239563,0.5526356101036072,-0.07201596349477768,0.4920176863670349,0.5021423101425171,-0.08224336802959442,0.4386875033378601,0.6953421235084534,-0.034469813108444214,0.4360976815223694,0.7073577642440796,-0.0733710378408432,0.4307284355163574,0.7734093070030212,-0.08238006383180618,0.4297274351119995,0.8005900979042053,-0.0808349996805191,0.40176862478256226,0.7027534246444702,-0.03696129471063614,0.39615103602409363,0.7236219644546509,-0.07331491261720657,0.4001683294773102,0.7834465503692627,-0.06712096184492111,0.40561261773109436,0.8037472367286682,-0.05500296875834465,0.3672676086425781,0.7191780209541321,-0.04246218875050545,0.3681114912033081,0.7397571802139282,-0.06752181053161621,0.3759094476699829,0.78630131483078,-0.061767224222421646,0.38309311866760254,0.8038603663444519,-0.05099678412079811
lead,0.4042360484600067,0.8514125943183899,1.6263906843505538e-07,0.43728652596473694,0.855231523513794,-0.040746960788965225,0.465403288602829,0.82036292552948,-0.06826618313789368,0.45816394686698914,0.775890052318573,-0.09084921330213547,0.43197906017303467,0.739480197429657,-0.11229521036148071,0.4776213765144348,0.7020584940910339,-0.05762464925646782,0.4879245162010193,0.609173059463501,-0.09482567757368088,0.4906685948371887,0.5477333664894104,-0.11565516889095306,0.4897165298461914,0.49702319502830505,-0.12863048911094666,0.43750131130218506,0.6819668412208557,-0.05106911063194275,0.4339407682418823,0.6918542981147766,-0.0941867083311081,0.4299922585487366,0.7638558745384216,-0.09669454395771027,0.43135198950767517,0.7817988395690918,-0.09039796888828278,0.39845696091651917,0.6850045919418335,-0.048715297132730484,0.3900664448738098,0.7156076431274414,-0.08631362020969391,0.39628157019615173,0.773309051990509,-0.0706765279173851,0.40356940031051636,0.7834352254867554,-0.053467776626348495,0.3630223870277405,0.7008071541786194,-0.05031970515847206,0.36019274592399597,0.7337895035743713,-0.07594425231218338,0.368894100189209,0.7820514440536499,-0.06509838253259659,0.3766748309135437,0.7907061576843262,-0.05088213458657265
lead,0.3905256390571594,0.8732014298439026,-3.3005417066078735e-08,0.4335070550441742,0.8638421893119812,-0.028661029413342476,0.46348458528518677,0.817340075969696,-0.04549628123641014,0.4507642090320587,0.7678559422492981,-0.06105145439505577,0.42426541447639465,0.7345484495162964,-0.07484877854585648,0.4771769642829895,0.695632815361023,-0.032982487231492996,0.48720118403434753,0.5975546836853027,-0.05663072690367699,0.4907907247543335,0.53887540102005,-0.07071907073259354,0.4921868145465851,0.488156259059906,-0.0813320204615593,0.43950483202934265,0.6832704544067383,-0.03320660814642906,0.43816617131233215,0.6902672052383423,-0.0723336860537529,0.43176910281181335,0.7541821599006653,-0.08189760148525238,0.42921745777130127,0.7839398384094238,-0.0806964784860611,0.40294399857521057,0.6900947093963623,-0.03609288111329079,0.39968758821487427,0.7081747651100159,-0.07216533273458481,0.40199822187423706,0.7652994990348816,-0.06664814800024033,0.4055863320827484,0.7863753437995911,-0.05503455176949501,0.368483304977417,0.7056711316108704,-0.04188035428524017,0.37087368965148926,0.7224856615066528,-0.06667546182870865,0.37707167863845825,0.765998125076294,-0.06158437579870224,0.3829493820667267,0.7829470634460449,-0.05145988613367081
lead,0.38964325189590454,0.8603648543357849,-3.803036108251945e-08,0.4340916872024536,0.8507407903671265,-0.02959727868437767,0.4659266173839569,0.8028279542922974,-0.045870497822761536,0.45185643434524536,0.7520647048950195,-0.060588814318180084,0.4248984754085541,0.7182910442352295,-0.07358488440513611,0.47693854570388794,0.6831662058830261,-0.03248123079538345,0.4868241548538208,0.584096372127533,-0.056331243366003036,0.4899391531944275,0.5251333713531494,-0.07086805999279022,0.4910573959350586,0.4746575355529785,-0.0815139189362526,0.4388754963874817,0.6733302474021912,-0.031931400299072266,0.43785279989242554,0.6724404692649841,-0.07150601595640182,0.4312444031238556,0.7351474165916443,-0.08196739852428436,0.4285506010055542,0.7669306397438049,-0.08107765763998032,0.40263134241104126,0.679974377155304,-0.03414956480264664,0.3992846608161926,0.6897225379943848,-0.07069217413663864,0.40107470750808716,0.7468951344490051,-0.06598810851573944,0.40410980582237244,0.7707218527793884,-0.05447454750537872,0.36826807260513306,0.6954641938209534,-0.03924605995416641,0.36993134021759033,0.7023777365684509,-0.06424663215875626,0.3765186369419098,0.745602548122406,-0.059081584215164185,0.3823584318161011,0.766023576259613,-0.04871072992682457
lead,0.3972908854484558,0.8196241855621338,1.8774017007672228e-07,0.4326688051223755,0.8295271396636963,-0.040671344846487045,0.4669613540172577,0.7967353463172913,-0.0685705617070198,0.45848411321640015,0.7496678829193115,-0.0915832445025444,0.4297337830066681,0.7110329866409302,-0.1134202852845192,0.4777311086654663,0.6777597665786743,-0.05799339711666107,0.4876909554004669,0.5837533473968506,-0.09606581926345825,0.49165913462638855,0.5209334492683411,-0.11756084114313126,0.4898405373096466,0.46689796447753906,-0.1315789520740509,0.43829938769340515,0.6573629975318909,-0.052599988877773285,0.43394896388053894,0.6588156223297119,-0.09708107262849808,0.43002641201019287,0.7347166538238525,-0.09890642017126083,0.4307325482368469,0.7531583309173584,-0.0922517329454422,0.3991148769855499,0.6598020195960999,-0.05157245323061943,0.39149221777915955,0.6801069378852844,-0.09026681631803513,0.3970305323600769,0.7401474714279175,-0.07210705429315567,0.4021788239479065,0.7510500550270081,-0.05343686044216156,0.36224067211151123,0.6752039194107056,-0.05454592779278755,0.36180004477500916,0.7019096612930298,-0.08073630928993225,0.3707314133644104,0.7501256465911865,-0.06851723045110703,0.37678882479667664,0.757938027381897,-0.053842734545469284
lead,0.3907158374786377,0.8467462062835693,-3.7243886197302345e-08,0.43601736426353455,0.8391436338424683,-0.030628111213445663,0.46839991211891174,0.7908751368522644,-0.04631032422184944,0.4532448649406433,0.7403322458267212,-0.05984878167510033,0.4239479899406433,0.7092714309692383,-0.07163815945386887,0.476558119058609,0.6703169345855713,-0.0339072085916996,0.48700016736984253,0.5701778531074524,-0.05803152918815613,0.4898848235607147,0.5122461318969727,-0.07272859662771225,0.4904699921607971,0.46132463216781616,-0.0836636945605278,0.43890005350112915,0.6629955768585205,-0.03298371285200119,0.43869587779045105,0.6549649238586426,-0.07194090634584427,0.4326648414134979,0.7192810773849487,-0.08165665715932846,0.4302102327346802,0.750611424446106,-0.08065860718488693,0.4030269980430603,0.6699272394180298,-0.03508840128779411,0.39996880292892456,0.6732280850410461,-0.07156680524349213,0.40244579315185547,0.7330310344696045,-0.06646666675806046,0.4057154357433319,0.7563297748565674,-0.054953683167696,0.3686334192752838,0.6855100989341736,-0.040140971541404724,0.3705787658691406,0.6855875849723816,-0.06499033421278,0.3781176209449768,0.7302266359329224,-0.05940226837992668,0.3837853968143463,0.7514522671699524,-0.04915959760546684
lead,0.3897496163845062,0.8345156908035278,-3.099654577454203e-08,0.43536800146102905,0.8285041451454163,-0.03208550438284874,0.4660608470439911,0.7792559862136841,-0.0481722392141819,0.45107072591781616,0.7277417778968811,-0.0617712177336216,0.42247772216796875,0.6964746713638306,-0.07354956120252609,0.47565746307373047,0.6594676971435547,-0.036395903676748276,0.48633548617362976,0.5566235780715942,-0.06154544651508331,0.4897516369819641,0.49877041578292847,-0.07739163935184479,0.4902905821800232,0.4485219120979309,-0.08912675827741623,0.43818753957748413,0.6545788049697876,-0.034700147807598114,0.43646013736724854,0.6419450044631958,-0.07525873929262161,0.4310815632343292,0.7050632834434509,-0.08589356392621994,0.42860814929008484,0.7376503944396973,-0.08533062785863876,0.402851939201355,0.6624499559402466,-0.036142557859420776,0.3993005156517029,0.6612240672111511,-0.07295805215835571,0.4027329087257385,0.719452977180481,-0.06834708899259567,0.406128853559494,0.743596613407135,-0.05720314010977745,0.3691999912261963,0.6783724427223206,-0.04074903950095177,0.3715084493160248,0.6772753596305847,-0.0662301704287529,0.3790544867515564,0.7202260494232178,-0.0616552010178566,0.3847448229789734,0.7410271763801575,-0.05214282497763634
lead,0.3913981318473816,0.826364278793335,-2.073711335981443e-08,0.4364621341228485,0.8172106742858887,-0.03255167230963707,0.46688273549079895,0.7663437128067017,-0.04856667295098305,0.4536597728729248,0.715485692024231,-0.06198985129594803,0.4246395528316498,0.6826004981994629,-0.07348639518022537,0.47568970918655396,0.647784411907196,-0.03592947870492935,0.4865906536579132,0.5465525984764099,-0.06111612915992737,0.49027931690216064,0.4890556037425995,-0.0763666108250618,0.4900267720222473,0.43854016065597534,-0.08755161613225937,0.43827024102211,0.6436066627502441,-0.03417670354247093,0.4377758502960205,0.6269005537033081,-0.07387088984251022,0.4331477880477905,0.6916089653968811,-0.08330105990171432,0.43053534626960754,0.7239037156105042,-0.08177531510591507,0.40293967723846436,0.6518399119377136,-0.03580375388264656,0.3997383117675781,0.6493708491325378,-0.07277029007673264,0.40282613039016724,0.7097283005714417,-0.06768723577260971,0.40564441680908203,0.7326720952987671,-0.055936384946107864,0.3695516586303711,0.6681574583053589,-0.04058535397052765,0.37220004200935364,0.6670535206794739,-0.06565162539482117,0.3799203634262085,0.7105244398117065,-0.06063230708241463,0.3851998448371887,0.7295403480529785,-0.05090184509754181
lead,0.3916654884815216,0.8160746097564697,-2.7494698073837753e-08,0.4369978904724121,0.8089603781700134,-0.03355266526341438,0.4678075313568115,0.7583323121070862,-0.050051990896463394,0.45404574275016785,0.7044970989227295,-0.06375022232532501,0.4231489300727844,0.6729336380958557,-0.07569270581007004,0.47638899087905884,0.6392393708229065,-0.03746696934103966,0.48624342679977417,0.5384979248046875,-0.06303675472736359,0.48950058221817017,0.4811592102050781,-0.07881578058004379,0.4891841411590576,0.4306953251361847,-0.09061676263809204,0.43874555826187134,0.6357459425926208,-0.03567489981651306,0.43898284435272217,0.6170476078987122,-0.07630026340484619,0.4346233308315277,0.6790735125541687,-0.08713153004646301,0.4312622845172882,0.7099677324295044,-0.08669567853212357,0.4034710228443146,0.6448200941085815,-0.03721218928694725,0.4009859561920166,0.6407511234283447,-0.07482777535915375,0.40450501441955566,0.6984086036682129,-0.07089994102716446,0.4065666198730469,0.7198088765144348,-0.06002213805913925,0.36991310119628906,0.6615544557571411,-0.04192274436354637,0.37292560935020447,0.6588255167007446,-0.06729935854673386,0.3806650638580322,0.6997361779212952,-0.06301304697990417,0.38504233956336975,0.7172625660896301,-0.054051727056503296
lead,0.39246663451194763,0.8078787326812744,-8.888816793728438e-09,0.4390271306037903,0.799533486366272,-0.032826978713274,0.47076475620269775,0.7497928738594055,-0.049815841019153595,0.45475175976753235,0.6985918283462524,-0.06437807530164719,0.4229964017868042,0.6653863787651062,-0.07735823094844818,0.47579899430274963,0.631331741809845,-0.03734073415398598,0.4859475791454315,0.5310664176940918,-0.062432657927274704,0.4892193078994751,0.4738105535507202,-0.07746914774179459,0.48817703127861023,0.4233446717262268,-0.088577039539814,0.437298983335495,0.6276521682739258,-0.035913318395614624,0.43823596835136414,0.6086042523384094,-0.07738576829433441,0.4349200427532196,0.6719406247138977,-0.08837976306676865,0.4316543936729431,0.7054619193077087,-0.08752461522817612,0.40212270617485046,0.6364173293113708,-0.037595219910144806,0.3993164598941803,0.631640613079071,-0.07554221153259277,0.40337157249450684,0.690412163734436,-0.07152004539966583,0.40595200657844543,0.7139023542404175,-0.0601852647960186,0.368846595287323,0.6524361968040466,-0.04229960963129997,0.3716467022895813,0.6481984257698059,-0.06757203489542007,0.37984034419059753,0.6897561550140381,-0.06316076964139938,0.3853287696838379,0.7082988023757935,-0.053910523653030396
lead,0.39059898257255554,0.8044633865356445,-2.3661433701249734e-08,0.4383137822151184,0.7957397699356079,-0.03237830474972725,0.47028136253356934,0.7439146041870117,-0.047961607575416565,0.4546125531196594,0.6914852261543274,-0.060930944979190826,0.4225168526172638,0.660599410533905,-0.07236317545175552,0.47495460510253906,0.6278585195541382,-0.03675863891839981,0.4851568937301636,0.5260782241821289,-0.06166564300656319,0.48851415514945984,0.46789729595184326,-0.07681359350681305,0.48764997720718384,0.41697877645492554,-0.08800186216831207,0.4366317689418793,0.6257213950157166,-0.03537357971072197,0.43836191296577454,0.6024884581565857,-0.07629822939634323,0.4342886805534363,0.6658743023872375,-0.08699437230825424,0.43051010370254517,0.7002498507499695,-0.08603823184967041,0.4013000726699829,0.6345382928848267,-0.037131525576114655,0.39926114678382874,0.6247681975364685,-0.07495870441198349,0.40307992696762085,0.6843924522399902,-0.07069910317659378,0.40530410408973694,0.7093907594680786,-0.0591646246612072,0.36758437752723694,0.6504697203636169,-0.041872788220644,0.3709415793418884,0.6414988040924072,-0.06712890416383743,0.3794514238834381,0.6830101013183594,-0.062201615422964096,0.38432738184928894,0.7027711272239685,-0.05258064717054367
lead,0.39365914463996887,0.8012306690216064,-2.5943823089846774e-08,0.43940842151641846,0.7902129292488098,-0.03323688358068466,0.4698343873023987,0.7382209300994873,-0.04949815198779106,0.45376262068748474,0.6860812306404114,-0.06299309432506561,0.4222263991832733,0.654116153717041,-0.07467981427907944,0.4760492742061615,0.6211870908737183,-0.0378589928150177,0.4856530427932739,0.5200693607330322,-0.06345285475254059,0.4882526099681854,0.46253859996795654,-0.0789540708065033,0.4869979918003082,0.4112347960472107,-0.09051791578531265,0.4378434717655182,0.6193309426307678,-0.03645889461040497,0.43856531381607056,0.5977649688720703,-0.07758992165327072,0.43513616919517517,0.661911129951477,-0.08821103721857071,0.4323141872882843,0.6943362951278687,-0.08743805438280106,0.40253767371177673,0.6283283829689026,-0.03838000074028969,0.3990931510925293,0.61966872215271,-0.07679727673530579,0.4036816656589508,0.6806028485298157,-0.07259497046470642,0.40675774216651917,0.7043046355247498,-0.06121015548706055,0.368884801864624,0.644649088382721,-0.04342043027281761,0.3708626329898834,0.6368564367294312,-0.06958634406328201,0.37962114810943604,0.6795318126678467,-0.06522815674543381,0.38490384817123413,0.6986631155014038,-0.056062523275613785
lead,0.3933205008506775,0.7983125448226929,-2.135921661761131e-08,0.4388540983200073,0.7856046557426453,-0.03289937227964401,0.4695078134536743,0.7336663007736206,-0.04924222454428673,0.453950434923172,0.6810476779937744,-0.06309397518634796,0.4231903851032257,0.649746835231781,-0.07535658031702042,0.47720733284950256,0.6163932085037231,-0.035364922136068344,0.4866352677345276,0.5159966945648193,-0.06046223267912865,0.489682137966156,0.4571373760700226,-0.0757795199751854,0.48878732323646545,0.406450092792511,-0.08693180233240128,0.43897363543510437,0.6157843470573425,-0.033916324377059937,0.4402572214603424,0.5889018177986145,-0.0757148414850235,0.4368847906589508,0.6525475382804871,-0.08721889555454254,0.43340885639190674,0.6900239586830139,-0.08618205785751343,0.40365666151046753,0.6263020634651184,-0.03568783402442932,0.40201234817504883,0.6135900616645813,-0.07468830049037933,0.4057055413722992,0.6736247539520264,-0.07105997204780579,0.40711382031440735,0.7010779976844788,-0.059117723256349564,0.3697139024734497,0.6438949108123779,-0.04038216173648834,0.37311750650405884,0.6308322548866272,-0.06641166657209396,0.3816249668598175,0.6723604202270508,-0.06171291694045067,0.3861965835094452,0.6936905384063721,-0.05178281292319298
lead,0.3944425582885742,0.7940738201141357,-2.0842739090198847e-08,0.4413638114929199,0.7825402021408081,-0.03210900351405144,0.4713892340660095,0.7289699912071228,-0.04789596423506737,0.45554423332214355,0.6752821207046509,-0.06117583438754082,0.4241280257701874,0.6454899311065674,-0.07287273555994034,0.4777270555496216,0.6130375266075134,-0.03611544892191887,0.48722606897354126,0.5104954838752747,-0.06117497384548187,0.49050384759902954,0.45150601863861084,-0.0762309581041336,0.4896070957183838,0.40058696269989014,-0.08743073046207428,0.4393998682498932,0.6135260462760925,-0.03538138419389725,0.44102486968040466,0.5856431126594543,-0.07625794410705566,0.4382692873477936,0.6487131118774414,-0.0869312658905983,0.4354102909564972,0.6825928688049316,-0.08594857901334763,0.40419426560401917,0.6248180270195007,-0.037828296422958374,0.4020133316516876,0.6120138764381409,-0.07616372406482697,0.4063255488872528,0.6709511876106262,-0.07195384055376053,0.4084535241127014,0.6944130659103394,-0.0603037066757679,0.3705481290817261,0.6431522965431213,-0.04318772256374359,0.3734161853790283,0.6308480501174927,-0.06846445798873901,0.3818586766719818,0.6717529296875,-0.06316357851028442,0.38606691360473633,0.6908811926841736,-0.05339261516928673
lead,0.39641159772872925,0.7887389659881592,-3.3803893018102826e-08,0.4430381953716278,0.7761006355285645,-0.032322537153959274,0.47258853912353516,0.7219067811965942,-0.04750997945666313,0.4570530652999878,0.6687580347061157,-0.0600108802318573,0.4260023832321167,0.6361005902290344,-0.07067004591226578,0.47878462076187134,0.6064404249191284,-0.03539499640464783,0.4886193871498108,0.5046024918556213,-0.059988319873809814,0.4915294647216797,0.44631510972976685,-0.07482225447893143,0.4903079867362976,0.39567437767982483,-0.0857744961977005,0.4407629072666168,0.6073207855224609,-0.03429378941655159,0.4411661624908447,0.5808429718017578,-0.07431861013174057,0.43831896781921387,0.6447076797485352,-0.08459312468767166,0.4357168674468994,0.6792781352996826,-0.08337828516960144,0.4054546654224396,0.6184504628181458,-0.03650961443781853,0.4032445549964905,0.6053751111030579,-0.07432565093040466,0.40802422165870667,0.6656001806259155,-0.07015322148799896,0.4102274179458618,0.6899594664573669,-0.058521922677755356,0.3718986213207245,0.6369608640670776,-0.04169326275587082,0.37539708614349365,0.62442946434021,-0.0669914186000824,0.38459664583206177,0.6657418012619019,-0.06196916475892067,0.3888252377510071,0.6856606602668762,-0.052262239158153534
lead,0.3956218361854553,0.7867218255996704,-2.7658254353468692e-08,0.4421369731426239,0.7748098969459534,-0.03210597485303879,0.47295457124710083,0.7213312983512878,-0.04800768569111824,0.4584737718105316,0.6682357788085938,-0.06139911711215973,0.4268912076950073,0.6358852386474609,-0.07311762124300003,0.47989559173583984,0.603935956954956,-0.03578057140111923,0.48984310030937195,0.5018998980522156,-0.060841433703899384,0.49314188957214355,0.443433552980423,-0.07573943585157394,0.4922115206718445,0.39208289980888367,-0.086886465549469,0.4416423738002777,0.6038377285003662,-0.035443078726530075,0.44319605827331543,0.5749824643135071,-0.07593382149934769,0.440205454826355,0.6398229002952576,-0.08609102666378021,0.43773964047431946,0.6739346385002136,-0.08479175716638565,0.40610700845718384,0.6152037382125854,-0.03837224841117859,0.404587060213089,0.6011231541633606,-0.07694515585899353,0.4089790880680084,0.6622825264930725,-0.07203628122806549,0.411512166261673,0.685760498046875,-0.05991034209728241,0.37227556109428406,0.6339885592460632,-0.044211387634277344,0.3763378858566284,0.6211914420127869,-0.0699748545885086,0.3849512040615082,0.6638229489326477,-0.06421545147895813,0.38908225297927856,0.6830182075500488,-0.05405309423804283
lead,0.39729130268096924,0.7853831648826599,-3.0470886258626706e-08,0.4435570538043976,0.7705250978469849,-0.03339806944131851,0.4737236797809601,0.7167034149169922,-0.04929665848612785,0.4583081603050232,0.6637845635414124,-0.062355637550354004,0.4264838695526123,0.6289584040641785,-0.07361750304698944,0.48001641035079956,0.6029190421104431,-0.03706460818648338,0.49021583795547485,0.5001780986785889,-0.06234081834554672,0.4932976961135864,0.44152891635894775,-0.07757788151502609,0.49209487438201904,0.3902515769004822,-0.08871208131313324,0.4413143992424011,0.6039889454841614,-0.03605581074953079,0.44266951084136963,0.5732361078262329,-0.07660068571567535,0.4400997459888458,0.6371147036552429,-0.08725801110267639,0.43726515769958496,0.673685610294342,-0.08623748272657394,0.40526941418647766,0.6154565811157227,-0.03844311088323593,0.40389201045036316,0.5984670519828796,-0.07713612914085388,0.4086807370185852,0.659324586391449,-0.07323693484067917,0.41078218817710876,0.6851886510848999,-0.06157512590289116,0.3713676631450653,0.6344929337501526,-0.04382579028606415,0.37485212087631226,0.6170476078987122,-0.06992087513208389,0.384884774684906,0.6581871509552002,-0.06491759419441223,0.3897818922996521,0.6798983216285706,-0.05514023080468178
lead,0.39596885442733765,0.7828675508499146,-2.3948750538238528e-08,0.44195806980133057,0.7690066695213318,-0.03366214036941528,0.4721207320690155,0.7146143913269043,-0.049488991498947144,0.4573099613189697,0.6609413027763367,-0.062332913279533386,0.4246477484703064,0.6300362944602966,-0.07325923442840576,0.4797927737236023,0.6010457873344421,-0.03707335144281387,0.4897763729095459,0.4980615973472595,-0.06234205886721611,0.4927758574485779,0.4394723176956177,-0.07709700614213943,0.49121490120887756,0.38792115449905396,-0.08787450939416885,0.4409979581832886,0.6005539298057556,-0.03598092123866081,0.4438261091709137,0.569961667060852,-0.07673276960849762,0.4412692189216614,0.6344316601753235,-0.08692936599254608,0.43782833218574524,0.6690133213996887,-0.08530823141336441,0.40507522225379944,0.6103535294532776,-0.038371019065380096,0.4050103425979614,0.5963121056556702,-0.07735774666070938,0.4096645712852478,0.657680094242096,-0.07340474426746368,0.4109453856945038,0.6811338663101196,-0.06144021078944206,0.3711215853691101,0.6273024678230286,-0.04378286376595497,0.3762548565864563,0.613778829574585,-0.06923925131559372,0.3856580853462219,0.6551436185836792,-0.06396949291229248,0.38900434970855713,0.6745628118515015,-0.0540672168135643
lead,0.3964930772781372,0.781875729560852,-2.6571131073183096e-08,0.4421529471874237,0.7680167555809021,-0.03249647840857506,0.47310927510261536,0.7155395746231079,-0.04881535470485687,0.4574754238128662,0.6617774963378906,-0.0625716894865036,0.4262368381023407,0.6291311383247375,-0.07473535090684891,0.4789924621582031,0.5990086793899536,-0.036039866507053375,0.48873263597488403,0.49738603830337524,-0.06067623198032379,0.49226275086402893,0.43879827857017517,-0.07515403628349304,0.4912225008010864,0.38811230659484863,-0.08589564263820648,0.4405897557735443,0.6003524661064148,-0.0355166457593441,0.4424406588077545,0.5677162408828735,-0.07592099159955978,0.43947523832321167,0.6307722330093384,-0.08629432320594788,0.43607568740844727,0.6664328575134277,-0.0849970206618309,0.4052830934524536,0.6124745607376099,-0.038208115845918655,0.4036705493927002,0.59542316198349,-0.07683856040239334,0.4080479145050049,0.6550028324127197,-0.07258790731430054,0.40965428948402405,0.6797658205032349,-0.06063120812177658,0.3715178668498993,0.6312806606292725,-0.04373042285442352,0.37514519691467285,0.6138437986373901,-0.06941552460193634,0.3839356601238251,0.6542264223098755,-0.06402740627527237,0.3879208564758301,0.6735839247703552,-0.05407857149839401
lead,0.40498772263526917,0.7569640874862671,1.743377566754134e-07,0.43982407450675964,0.7587593197822571,-0.044822245836257935,0.4723818302154541,0.7172591686248779,-0.07247979938983917,0.4622907340526581,0.6658657193183899,-0.09463153034448624,0.4325261116027832,0.6253771185874939,-0.1136590763926506,0.4840628206729889,0.6025584936141968,-0.052853360772132874,0.4890837073326111,0.5073350667953491,-0.09348873794078827,0.4900447130203247,0.44566258788108826,-0.11284586042165756,0.48744961619377136,0.39105021953582764,-0.12314007431268692,0.4440232217311859,0.5916187167167664,-0.04499010369181633,0.4401651918888092,0.5788552165031433,-0.09132310748100281,0.4378490746021271,0.6548517942428589,-0.09037534147500992,0.4390563368797302,0.6646744012832642,-0.07886838912963867,0.40648990869522095,0.5954923033714294,-0.043212227523326874,0.39760416746139526,0.6042985320091248,-0.08896434307098389,0.40479594469070435,0.66834956407547,-0.07272335141897202,0.4108038544654846,0.6714637279510498,-0.05121581256389618,0.37101322412490845,0.6082407236099243,-0.045171018689870834,0.3689456582069397,0.6220192313194275,-0.074891097843647,0.37878692150115967,0.6691106557846069,-0.0637538731098175,0.38519352674484253,0.6731351613998413,-0.04780782759189606
lead,0.3935733139514923,0.7825348973274231,-1.8911594068526938e-08,0.4400087893009186,0.7685713171958923,-0.03205820173025131,0.472012996673584,0.7162177562713623,-0.04842280596494675,0.45704519748687744,0.6626015901565552,-0.0625724196434021,0.4270201027393341,0.6272404193878174,-0.07510803639888763,0.4783249795436859,0.5998316407203674,-0.03389619290828705,0.48839762806892395,0.4982774257659912,-0.05863836780190468,0.4922187030315399,0.4394487142562866,-0.0733979344367981,0.4913874864578247,0.38857728242874146,-0.08417946100234985,0.4404699504375458,0.5993047952651978,-0.03323370963335037,0.44306522607803345,0.5694429278373718,-0.07453565299510956,0.44019466638565063,0.631856381893158,-0.08574505895376205,0.43650540709495544,0.6677290797233582,-0.08459064364433289,0.4053197503089905,0.6104529500007629,-0.03576578199863434,0.40487074851989746,0.5971084833145142,-0.07444851100444794,0.4084237515926361,0.6557174324989319,-0.07034827023744583,0.40944480895996094,0.6797585487365723,-0.05835555121302605,0.37151002883911133,0.6282702684402466,-0.04113619402050972,0.376480370759964,0.6160579919815063,-0.06658050417900085,0.384491890668869,0.6567972302436829,-0.06125015765428543,0.38827061653137207,0.6751640439033508,-0.051132313907146454
lead,0.3949374258518219,0.7832466959953308,-2.8868177182062027e-08,0.441407173871994,0.7697699666023254,-0.03167055919766426,0.4714099168777466,0.7154908180236816,-0.048072244971990585,0.4576217234134674,0.6605827808380127,-0.06252885609865189,0.4278414249420166,0.6243991255760193,-0.075599305331707,0.4777309000492096,0.5981009006500244,-0.03454512357711792,0.48803025484085083,0.4973433017730713,-0.05868873745203018,0.4915827810764313,0.4389597475528717,-0.07368587702512741,0.4904029667377472,0.3885437250137329,-0.08502018451690674,0.4396880567073822,0.5995252132415771,-0.034018199890851974,0.44069698452949524,0.5709939002990723,-0.07524403184652328,0.4384616017341614,0.6336863040924072,-0.08692014217376709,0.4354099929332733,0.669861376285553,-0.08658450841903687,0.40449249744415283,0.6118115782737732,-0.03648480027914047,0.40202075242996216,0.5939868688583374,-0.07494805008172989,0.40737035870552063,0.6528703570365906,-0.07091880589723587,0.409679651260376,0.6804667711257935,-0.05939709395170212,0.3708224296569824,0.6305984258651733,-0.0418279729783535,0.3736017942428589,0.6123903393745422,-0.06858605891466141,0.3833279013633728,0.6534364223480225,-0.06413652747869492,0.3891809284687042,0.6761274337768555,-0.054658520966768265
lead,0.40170881152153015,0.755934476852417,1.877998272448167e-07,0.4367862641811371,0.7603025436401367,-0.04238840192556381,0.4711504876613617,0.7193796038627625,-0.06887779384851456,0.46136561036109924,0.6689619421958923,-0.09002157300710678,0.4304425120353699,0.6289240121841431,-0.10880628973245621,0.4821154773235321,0.6044678092002869,-0.052205003798007965,0.48763757944107056,0.5050370693206787,-0.09072093665599823,0.4898587763309479,0.44130104780197144,-0.11040318012237549,0.48749440908432007,0.3867717981338501,-0.12177921831607819,0.4431048035621643,0.59217369556427,-0.04518967121839523,0.4430846571922302,0.5757180452346802,-0.09228523820638657,0.44081631302833557,0.6500954627990723,-0.09478087723255157,0.4405600130558014,0.6671019792556763,-0.08578526228666306,0.40542373061180115,0.5948022603988647,-0.04326841980218887,0.4014500081539154,0.603242814540863,-0.08817706257104874,0.4087023138999939,0.6660816669464111,-0.07404603809118271,0.4132133424282074,0.67360520362854,-0.05423629283905029,0.36866211891174316,0.6059845685958862,-0.044816017150878906,0.37233880162239075,0.6229537129402161,-0.0743837058544159,0.3824101984500885,0.6699861884117126,-0.06470828503370285,0.38743358850479126,0.6737495064735413,-0.05001130327582359
lead,0.3932766318321228,0.784281313419342,-3.088630506908885e-08,0.4390329420566559,0.7703080177307129,-0.03171820566058159,0.47083908319473267,0.7168903350830078,-0.04813876003026962,0.45639175176620483,0.6618045568466187,-0.062482427805662155,0.42365023493766785,0.629318356513977,-0.07536780089139938,0.47802069783210754,0.600881040096283,-0.03405849635601044,0.4873589277267456,0.499570369720459,-0.05833473056554794,0.4905617833137512,0.44128769636154175,-0.07266370952129364,0.48959240317344666,0.3907868266105652,-0.08339463174343109,0.44039154052734375,0.6004035472869873,-0.03374834358692169,0.4414628744125366,0.5702340006828308,-0.0748124048113823,0.43836814165115356,0.6334107518196106,-0.08564415574073792,0.43536078929901123,0.6694028973579407,-0.08446913212537766,0.4052562713623047,0.6119146347045898,-0.03653891384601593,0.4033041000366211,0.5957311391830444,-0.07512485235929489,0.40741628408432007,0.6549504995346069,-0.07065528631210327,0.40916669368743896,0.6807819604873657,-0.058560892939567566,0.37128251791000366,0.6299416422843933,-0.04215690493583679,0.3748762309551239,0.615207850933075,-0.06777045875787735,0.3830861449241638,0.6556635499000549,-0.062431156635284424,0.3873603940010071,0.6750602126121521,-0.05242150276899338
lead,0.3939337730407715,0.7851347923278809,-3.331483000579283e-08,0.44120755791664124,0.7696573734283447,-0.03275343403220177,0.4722095727920532,0.7149819135665894,-0.04797760769724846,0.4561615586280823,0.6623376607894897,-0.06041416525840759,0.4238465428352356,0.6291143298149109,-0.0710044726729393,0.4770555794239044,0.6005947589874268,-0.035075366497039795,0.4871137738227844,0.49889111518859863,-0.059710826724767685,0.4902893900871277,0.44073134660720825,-0.07454442977905273,0.4891231060028076,0.3896995484828949,-0.08547332882881165,0.4385797679424286,0.6016019582748413,-0.034268900752067566,0.43965786695480347,0.5719379782676697,-0.07471950352191925,0.4370058476924896,0.6354342699050903,-0.08571846783161163,0.4337748885154724,0.6718475818634033,-0.08483943343162537,0.4028961956501007,0.6130701303482056,-0.03684968501329422,0.40130072832107544,0.5978307127952576,-0.07550624758005142,0.4058871567249298,0.6578614711761475,-0.07228502631187439,0.40778711438179016,0.6826344728469849,-0.06098930165171623,0.3695264458656311,0.6319745182991028,-0.042338281869888306,0.37331295013427734,0.6168089509010315,-0.06806004792451859,0.38275134563446045,0.6573200821876526,-0.06332114338874817,0.38698822259902954,0.6771601438522339,-0.05379030108451843
lead,0.3951888382434845,0.784027099609375,-2.513575303453308e-08,0.4411751329898834,0.7691575884819031,-0.0326349250972271,0.4713924527168274,0.7153024673461914,-0.048859260976314545,0.4545742869377136,0.6621260643005371,-0.06252571940422058,0.4219458997249603,0.6293899416923523,-0.07443054765462875,0.4768062233924866,0.6002532243728638,-0.035714879631996155,0.48672670125961304,0.4991350769996643,-0.060655273497104645,0.48983824253082275,0.4415034055709839,-0.07534843683242798,0.4887203872203827,0.3909427523612976,-0.08626854419708252,0.43848124146461487,0.6006261706352234,-0.035190947353839874,0.4397096335887909,0.5723035931587219,-0.0761071965098381,0.4371813237667084,0.6358526945114136,-0.08683060109615326,0.43445441126823425,0.6702547669410706,-0.08582115918397903,0.40295886993408203,0.611983597278595,-0.03799593076109886,0.40116357803344727,0.598732054233551,-0.07688000798225403,0.4057663381099701,0.6585497856140137,-0.07295925170183182,0.4079619348049164,0.6817333698272705,-0.061331696808338165,0.36934369802474976,0.6304392218589783,-0.04370827227830887,0.37331902980804443,0.6175417304039001,-0.06938476115465164,0.3824470639228821,0.658242404460907,-0.06435462832450867,0.3867745101451874,0.6765761971473694,-0.05471007898449898
lead,0.3940024673938751,0.78336101770401,-2.3451800501561593e-08,0.43888866901397705,0.7698613405227661,-0.03194187209010124,0.46816304326057434,0.7167804837226868,-0.048425089567899704,0.45355841517448425,0.6630232334136963,-0.06285453587770462,0.42191118001937866,0.6296750903129578,-0.07575231790542603,0.4764711856842041,0.6014151573181152,-0.03465764597058296,0.48586925864219666,0.4991668462753296,-0.05934028699994087,0.4891894459724426,0.44120508432388306,-0.07419489324092865,0.4883134067058563,0.39107656478881836,-0.08530370891094208,0.4387281537055969,0.6009498834609985,-0.03389737382531166,0.4381999671459198,0.5734635591506958,-0.07541612535715103,0.43555834889411926,0.6363140940666199,-0.08659285306930542,0.4335160255432129,0.6713137030601501,-0.08575913310050964,0.40376171469688416,0.6116320490837097,-0.036307502537965775,0.39977478981018066,0.5976993441581726,-0.07479310780763626,0.40435218811035156,0.6562618613243103,-0.07059352844953537,0.407618910074234,0.6813679337501526,-0.05890084058046341,0.3705689013004303,0.6288299560546875,-0.04164361208677292,0.3723022937774658,0.6167556047439575,-0.06771063804626465,0.3808136284351349,0.6575471758842468,-0.06313170492649078,0.3867492377758026,0.6772903800010681,-0.05360099673271179
lead,0.3958938419818878,0.783350944519043,-1.7358059878347376e-08,0.4400743842124939,0.7703053951263428,-0.032321151345968246,0.470112144947052,0.7178031206130981,-0.049778200685977936,0.4539691209793091,0.6638734936714172,-0.06519466638565063,0.422294557094574,0.6310530304908752,-0.07924476265907288,0.476593941450119,0.5991795063018799,-0.035789065062999725,0.4858073890209198,0.4994114637374878,-0.060982752591371536,0.48918280005455017,0.4415840804576874,-0.07626485824584961,0.4880315065383911,0.39167797565460205,-0.0877692922949791,0.43792808055877686,0.5998232364654541,-0.03506387025117874,0.4373256266117096,0.5723819136619568,-0.07732776552438736,0.4355349838733673,0.6369965672492981,-0.08863162994384766,0.4337671995162964,0.6725587844848633,-0.08779732882976532,0.40290412306785583,0.6122969388961792,-0.037428583949804306,0.39828261733055115,0.5990813970565796,-0.07641184329986572,0.4038161337375641,0.658245325088501,-0.07185747474431992,0.40753692388534546,0.6835135221481323,-0.05988013744354248,0.36961886286735535,0.6312044262886047,-0.042721185833215714,0.37095147371292114,0.6187146306037903,-0.06892984360456467,0.37960755825042725,0.6597117781639099,-0.06411449611186981,0.3859010934829712,0.6789121627807617,-0.05451388657093048
lead,0.3932904005050659,0.7851288318634033,-1.3558976164063097e-08,0.4391349256038666,0.7717878818511963,-0.032563187181949615,0.4701814651489258,0.7183005809783936,-0.04926494136452675,0.45619815587997437,0.6639353632926941,-0.06377465277910233,0.4237159490585327,0.6311010718345642,-0.0768447294831276,0.47715455293655396,0.6011527180671692,-0.034564174711704254,0.48571228981018066,0.50118488073349,-0.059176623821258545,0.48927298188209534,0.4427525997161865,-0.07358852028846741,0.4881089925765991,0.3926544189453125,-0.08431175351142883,0.43920260667800903,0.6016347408294678,-0.03360336646437645,0.4402822256088257,0.5716002583503723,-0.0752057284116745,0.43787893652915955,0.6356737017631531,-0.08597014099359512,0.4350093901157379,0.6719240546226501,-0.0843459889292717,0.40388867259025574,0.613694965839386,-0.03587247431278229,0.40162765979766846,0.6006244421005249,-0.0751202329993248,0.4064463973045349,0.6595351696014404,-0.07100015878677368,0.40874600410461426,0.6842713356018066,-0.058782435953617096,0.369724839925766,0.6317965984344482,-0.040998004376888275,0.37328630685806274,0.6202996969223022,-0.06733889132738113,0.3819285035133362,0.6606855392456055,-0.06270108371973038,0.386910080909729,0.6789330244064331,-0.05295844376087189
lead,0.39168041944503784,0.78586745262146,-2.9060219119969588e-08,0.43928906321525574,0.7733877897262573,-0.03171176463365555,0.4708153009414673,0.7189708948135376,-0.04711786285042763,0.45570388436317444,0.6636695861816406,-0.06019210442900658,0.4252554476261139,0.6282490491867065,-0.07181824743747711,0.4763321876525879,0.6031954884529114,-0.034054648131132126,0.48648911714553833,0.501619815826416,-0.05802251026034355,0.4904884696006775,0.4427177906036377,-0.07269377261400223,0.4895966649055481,0.39195066690444946,-0.08374934643507004,0.4382142126560211,0.603584349155426,-0.03320154920220375,0.44036567211151123,0.5732868909835815,-0.07388369739055634,0.43771374225616455,0.6357409358024597,-0.0851530134677887,0.4340076744556427,0.6720014810562134,-0.08435526490211487,0.40298429131507874,0.6149347424507141,-0.035442691296339035,0.40178319811820984,0.6000605821609497,-0.07364408671855927,0.4064244031906128,0.6586365103721619,-0.0698932483792305,0.40793007612228394,0.6838446855545044,-0.05846409499645233,0.36911770701408386,0.6327219605445862,-0.04050006344914436,0.3731597065925598,0.6184406280517578,-0.0666004940867424,0.38233482837677,0.6593835353851318,-0.06212838366627693,0.38718000054359436,0.6794551610946655,-0.052733585238456726
lead,0.3925447165966034,0.7851706743240356,-2.5872962439166258e-08,0.43925872445106506,0.7711515426635742,-0.032685596495866776,0.4700636863708496,0.718096137046814,-0.04901348799467087,0.4535048305988312,0.6633588075637817,-0.06286157667636871,0.42263689637184143,0.628188967704773,-0.07497897744178772,0.4769483804702759,0.6021938920021057,-0.03447672724723816,0.4868727922439575,0.5014909505844116,-0.059303607791662216,0.4903275668621063,0.4431053102016449,-0.07428835332393646,0.4895482659339905,0.39258652925491333,-0.08535526692867279,0.438583642244339,0.6025004386901855,-0.03370368853211403,0.43944206833839417,0.5720762610435486,-0.0747310146689415,0.4368255138397217,0.6348978281021118,-0.08599770814180374,0.4337747395038605,0.6715357899665833,-0.08510220050811768,0.4031493067741394,0.6140553951263428,-0.03625873103737831,0.40116235613822937,0.5983219742774963,-0.07496145367622375,0.4055706858634949,0.6573392748832703,-0.07127067446708679,0.4075324535369873,0.6825230717658997,-0.05965453386306763,0.36947929859161377,0.6329754590988159,-0.04174812510609627,0.3727067708969116,0.6181905269622803,-0.06761996448040009,0.38145050406455994,0.6588083505630493,-0.06287406384944916,0.38597390055656433,0.678626537322998,-0.05326864495873451
lead,0.3926277160644531,0.7856560349464417,-3.297399686630342e-08,0.43852272629737854,0.7710346579551697,-0.031669385731220245,0.46867889165878296,0.7171648144721985,-0.047670867294073105,0.45395204424858093,0.6637313365936279,-0.0614192932844162,0.42205771803855896,0.6307746767997742,-0.07346628606319427,0.47627192735671997,0.6021798253059387,-0.03451795130968094,0.4864376187324524,0.5015226006507874,-0.05917489528656006,0.48981907963752747,0.443859726190567,-0.07387319952249527,0.4889059364795685,0.3934488892555237,-0.08479830622673035,0.4382038712501526,0.6018836498260498,-0.03428402170538902,0.4393911361694336,0.5746108293533325,-0.07479386776685715,0.4358280897140503,0.637701690196991,-0.08536805212497711,0.43229442834854126,0.671883761882782,-0.08433550596237183,0.40283218026161194,0.6131412982940674,-0.03728871047496796,0.4013262987136841,0.6002323031425476,-0.07542567700147629,0.4053572118282318,0.6593659520149231,-0.07119287550449371,0.4069405496120453,0.6826549768447876,-0.05957968905568123,0.3694113790988922,0.6316028237342834,-0.04319252073764801,0.3734704554080963,0.619705855846405,-0.06831572204828262,0.3819141983985901,0.660220205783844,-0.06302987784147263,0.38587507605552673,0.6786313652992249,-0.05329860746860504
lead,0.3908713459968567,0.7878509163856506,-3.1364503882969075e-08,0.43800708651542664,0.7745553255081177,-0.032684557139873505,0.4691360890865326,0.7197664976119995,-0.048273395746946335,0.45497560501098633,0.6647765636444092,-0.061194054782390594,0.4224669933319092,0.6339888572692871,-0.0724087581038475,0.476753294467926,0.6049473881721497,-0.03495148569345474,0.4862372875213623,0.5027897953987122,-0.05953766033053398,0.4893776774406433,0.4434906244277954,-0.07393358647823334,0.48773056268692017,0.39219462871551514,-0.08459112793207169,0.4382309019565582,0.6048707962036133,-0.034042004495859146,0.43993082642555237,0.5728781223297119,-0.07420101761817932,0.436636745929718,0.6367864012718201,-0.08397693932056427,0.4331786036491394,0.6719176769256592,-0.08211137354373932,0.4024818539619446,0.6156085133552551,-0.03654016926884651,0.40122613310813904,0.5999106764793396,-0.07504502683877945,0.40497875213623047,0.660042405128479,-0.07062789797782898,0.4062415361404419,0.6837044954299927,-0.058497823774814606,0.3685094118118286,0.6330385804176331,-0.04197480157017708,0.37321925163269043,0.6188430190086365,-0.0672946572303772,0.3811590075492859,0.6599317789077759,-0.06185442954301834,0.3842153549194336,0.6783946752548218,-0.05192526802420616
lead,0.3938196301460266,0.785352885723114,-1.7201639224140308e-08,0.43987083435058594,0.7724272012710571,-0.03315582498908043,0.4714139699935913,0.7188115119934082,-0.050205301493406296,0.45523202419281006,0.6645938754081726,-0.06478928029537201,0.4232674241065979,0.6300771832466125,-0.07772055268287659,0.47661858797073364,0.6008539199829102,-0.036127202212810516,0.4858955442905426,0.49964189529418945,-0.0609261691570282,0.4891497492790222,0.4418737292289734,-0.07552820444107056,0.4877704381942749,0.39112740755081177,-0.08650068193674088,0.4380047619342804,0.6013906002044678,-0.035208284854888916,0.44032004475593567,0.5730120539665222,-0.07676193863153458,0.4379720985889435,0.6382457613945007,-0.0876612588763237,0.4348917007446289,0.67298823595047,-0.0864429771900177,0.4027366042137146,0.6131339073181152,-0.037518639117479324,0.4010854959487915,0.5995302200317383,-0.0769018828868866,0.4061431288719177,0.6602978706359863,-0.07281781733036041,0.40861377120018005,0.6842191219329834,-0.06084334850311279,0.36922115087509155,0.6313457489013672,-0.042722079902887344,0.3729296922683716,0.6179385781288147,-0.06928446888923645,0.3820001780986786,0.6596958041191101,-0.06455563008785248,0.3871469497680664,0.6786488890647888,-0.054899413138628006
lead,0.39249229431152344,0.7840863466262817,-1.542696104195329e-08,0.4377284348011017,0.7717305421829224,-0.03296802192926407,0.47017884254455566,0.7198165655136108,-0.05076075345277786,0.4550411105155945,0.6643801331520081,-0.06637975573539734,0.4227229058742523,0.6279757618904114,-0.08050820231437683,0.47623637318611145,0.6018862128257751,-0.03576191887259483,0.4861435294151306,0.5019745826721191,-0.06106201931834221,0.48967957496643066,0.4442824721336365,-0.07614815980195999,0.4886217713356018,0.3938043713569641,-0.08744246512651443,0.43793076276779175,0.6004673838615417,-0.03504066541790962,0.43956902623176575,0.5739253759384155,-0.07744701951742172,0.436660498380661,0.6379296779632568,-0.08902977406978607,0.43318912386894226,0.6728618144989014,-0.08824785053730011,0.4027438461780548,0.611453115940094,-0.03746657446026802,0.40091750025749207,0.6000405550003052,-0.07702606916427612,0.4051453769207001,0.6595541834831238,-0.07266351580619812,0.4069330096244812,0.6839678287506104,-0.060650140047073364,0.36903783679008484,0.6291947364807129,-0.04282385855913162,0.3732643127441406,0.619787335395813,-0.06947878748178482,0.381705641746521,0.661731481552124,-0.06465303897857666,0.38652947545051575,0.6806548237800598,-0.05484505742788315
lead,0.39019453525543213,0.7862138748168945,-4.939719033814072e-08,0.4375350773334503,0.7719592452049255,-0.03085298091173172,0.4674791693687439,0.7171412706375122,-0.04565763846039772,0.45353102684020996,0.664271354675293,-0.05830899998545647,0.4235638678073883,0.6312205195426941,-0.06936925649642944,0.47534477710723877,0.6044279336929321,-0.03233693540096283,0.4855528175830841,0.5030057430267334,-0.05631076171994209,0.4894082248210907,0.4437747001647949,-0.0710417702794075,0.48877328634262085,0.3931320905685425,-0.0818936824798584,0.43793585896492004,0.6043449640274048,-0.03160326927900314,0.43874964118003845,0.5748345255851746,-0.0722947046160698,0.4344434440135956,0.6379052400588989,-0.0833682268857956,0.43039920926094055,0.675471842288971,-0.0821755900979042,0.40292805433273315,0.6146478652954102,-0.034017711877822876,0.4006561040878296,0.5984070897102356,-0.07181850075721741,0.4037579894065857,0.6575840711593628,-0.06779077649116516,0.4052969813346863,0.6840755939483643,-0.05589509755373001,0.36946436762809753,0.6316221952438354,-0.03923601284623146,0.37279218435287476,0.616050124168396,-0.06424933671951294,0.3805939555168152,0.6565577983856201,-0.0591440312564373,0.38469207286834717,0.6771777272224426,-0.04920847341418266
lead,0.39193519949913025,0.7852458357810974,-2.3448809116644043e-08,0.43907296657562256,0.7709507942199707,-0.032171040773391724,0.468572199344635,0.7165090441703796,-0.04829876869916916,0.45378702878952026,0.6632556319236755,-0.06213448569178581,0.42303892970085144,0.6281124353408813,-0.07434779405593872,0.47504308819770813,0.6004021167755127,-0.03458920493721962,0.48462504148483276,0.5005934834480286,-0.05892885476350784,0.48801514506340027,0.4425065815448761,-0.07393705099821091,0.48693522810935974,0.3923804759979248,-0.08520521223545074,0.4367825388908386,0.6021252870559692,-0.033844590187072754,0.4372307360172272,0.572787344455719,-0.07447518408298492,0.43518131971359253,0.6358598470687866,-0.08563973754644394,0.4322846531867981,0.6725601553916931,-0.08496614545583725,0.4013965129852295,0.6146668791770935,-0.03633270412683487,0.398553729057312,0.5984634160995483,-0.07440319657325745,0.4037547707557678,0.6570183634757996,-0.07070444524288177,0.40600353479385376,0.6829572916030884,-0.059428244829177856,0.36801695823669434,0.6341185569763184,-0.04174979031085968,0.3706292510032654,0.618190348148346,-0.06740818917751312,0.3798649311065674,0.6582810282707214,-0.0629182681441307,0.3848972022533417,0.6788989305496216,-0.053730860352516174
lead,0.3906044363975525,0.7827845811843872,-2.728690162712155e-08,0.436810165643692,0.7691060304641724,-0.03235017508268356,0.46660155057907104,0.7160028219223022,-0.04842529073357582,0.45181214809417725,0.6621434092521667,-0.062071479856967926,0.4207083284854889,0.6287528872489929,-0.0740170031785965,0.4743501543998718,0.6013818383216858,-0.034422338008880615,0.4842109680175781,0.5013596415519714,-0.058805156499147415,0.48769742250442505,0.44336768984794617,-0.07319469749927521,0.48677313327789307,0.39330023527145386,-0.0838460922241211,0.43619009852409363,0.6007038950920105,-0.033533576875925064,0.436742901802063,0.572241485118866,-0.07411646097898483,0.43335676193237305,0.6351807713508606,-0.08465145528316498,0.4301522672176361,0.6705828905105591,-0.0832228735089302,0.40071341395378113,0.6114245653152466,-0.035941291600465775,0.39850401878356934,0.5989916324615479,-0.07437904179096222,0.40215951204299927,0.657832682132721,-0.07042504847049713,0.4040067493915558,0.6812559962272644,-0.05863001570105553,0.36707603931427,0.6291295289993286,-0.0412200391292572,0.37070608139038086,0.61737060546875,-0.06658189743757248,0.3786824643611908,0.6576211452484131,-0.061652280390262604,0.38283902406692505,0.6757067441940308,-0.0519690103828907
lead,0.3890831470489502,0.7832895517349243,-2.6190775770373875e-08,0.4352279603481293,0.7708032727241516,-0.0321621410548687,0.46493422985076904,0.7177664041519165,-0.048337001353502274,0.4508165419101715,0.6640422344207764,-0.06213434413075447,0.4197371304035187,0.6298327445983887,-0.07426781952381134,0.47397857904434204,0.6022838950157166,-0.03480474650859833,0.48399701714515686,0.5015101432800293,-0.05969297140836716,0.4875355362892151,0.44315433502197266,-0.07454029470682144,0.48628583550453186,0.3923848271369934,-0.0855417251586914,0.43587276339530945,0.6015726923942566,-0.033891405910253525,0.4366321265697479,0.572891354560852,-0.07499834895133972,0.43329158425331116,0.6360138654708862,-0.0857916846871376,0.4301045835018158,0.6709625124931335,-0.08459476381540298,0.4004577100276947,0.6118925213813782,-0.03624584898352623,0.39776411652565,0.5996500253677368,-0.07487478107213974,0.4014822840690613,0.6586267948150635,-0.07079192996025085,0.4036003053188324,0.6820259094238281,-0.05899833142757416,0.3669711649417877,0.6288407444953918,-0.04148899018764496,0.3703193962574005,0.6177021265029907,-0.06709375232458115,0.3779671788215637,0.6587201952934265,-0.06220410019159317,0.3822467625141144,0.6769603490829468,-0.05255631357431412
lead,0.391399085521698,0.7856109142303467,-3.813307003497357e-08,0.43627092242240906,0.7717577219009399,-0.03164833039045334,0.4664311707019806,0.7173671126365662,-0.047053832560777664,0.4498116374015808,0.6633674502372742,-0.05999475717544556,0.41734495759010315,0.631246030330658,-0.07129839807748795,0.47373640537261963,0.603520393371582,-0.034108586609363556,0.4837970733642578,0.5032822489738464,-0.05845313146710396,0.48710331320762634,0.44517356157302856,-0.0733020231127739,0.486275851726532,0.3944213390350342,-0.08456145226955414,0.4356052577495575,0.6039685606956482,-0.03374277800321579,0.4357205927371979,0.5738138556480408,-0.0741959661245346,0.43289682269096375,0.6362258195877075,-0.08542698621749878,0.43029698729515076,0.6714558601379395,-0.08494918048381805,0.4006665050983429,0.6158360838890076,-0.03655700013041496,0.3966321051120758,0.6004933714866638,-0.07447612285614014,0.40089651942253113,0.658784031867981,-0.07074426114559174,0.40363413095474243,0.6822518110275269,-0.05956525355577469,0.36780083179473877,0.6348354816436768,-0.042231641709804535,0.3690052926540375,0.6200807094573975,-0.06698169559240341,0.3768876791000366,0.6596387624740601,-0.06187908723950386,0.38151201605796814,0.6777909994125366,-0.05251995101571083
lead,0.390529602766037,0.7862485647201538,-2.8492920023381885e-08,0.43662455677986145,0.7716506719589233,-0.03132199868559837,0.4651784598827362,0.7171734571456909,-0.04668300226330757,0.45039165019989014,0.6644003391265869,-0.0599401518702507,0.41913798451423645,0.6335766911506653,-0.07172033935785294,0.4742169678211212,0.604385256767273,-0.03294789046049118,0.48339352011680603,0.5037555694580078,-0.05691412463784218,0.48701947927474976,0.4450695812702179,-0.07167836278676987,0.4864170551300049,0.39480650424957275,-0.08273119479417801,0.43642017245292664,0.6046012043952942,-0.0321774035692215,0.43558335304260254,0.5734519958496094,-0.07307864725589752,0.43270155787467957,0.6354347467422485,-0.08464720100164413,0.4297361671924591,0.6733892560005188,-0.0838623121380806,0.4012228548526764,0.615875780582428,-0.034512974321842194,0.39744752645492554,0.5992525815963745,-0.07268890738487244,0.40149956941604614,0.6570426225662231,-0.06945094466209412,0.4035279154777527,0.6839977502822876,-0.05799754336476326,0.367798775434494,0.6337700486183167,-0.03963382542133331,0.3701522946357727,0.6178246140480042,-0.06528088450431824,0.37803494930267334,0.6570396423339844,-0.061020419001579285,0.38260582089424133,0.6775398254394531,-0.051646411418914795
lead,0.3912661075592041,0.7872827053070068,-2.9010763569203846e-08,0.4373524487018585,0.7735620737075806,-0.03196392580866814,0.46588897705078125,0.7186239361763,-0.04686348885297775,0.44920262694358826,0.6654126644134521,-0.05923650041222572,0.4172765016555786,0.6349803805351257,-0.06993992626667023,0.4738733768463135,0.6039776802062988,-0.033697642385959625,0.48347118496894836,0.5035290718078613,-0.0576217845082283,0.4871145188808441,0.4450261890888214,-0.07223476469516754,0.4866756200790405,0.39489492774009705,-0.08321314305067062,0.43575218319892883,0.6060435175895691,-0.03286312520503998,0.434691846370697,0.5760490894317627,-0.07284681499004364,0.43254292011260986,0.6374363899230957,-0.08393680304288864,0.4308774769306183,0.673682451248169,-0.08328249305486679,0.40039488673210144,0.6187149882316589,-0.035316210240125656,0.3957105278968811,0.60368412733078,-0.07346835732460022,0.4004218578338623,0.6613773703575134,-0.07057905197143555,0.4035657048225403,0.6861634850502014,-0.05964706465601921,0.36710062623023987,0.6382037997245789,-0.040605008602142334,0.36804842948913574,0.6231585741043091,-0.06612814217805862,0.376510351896286,0.6622292995452881,-0.06187339127063751,0.3816039264202118,0.6815018057823181,-0.05279393121600151
lead,0.39059776067733765,0.7874666452407837,-4.042736279075143e-08,0.4359051585197449,0.7743613123893738,-0.03240920230746269,0.46561694145202637,0.721118688583374,-0.04814573749899864,0.4505764842033386,0.6680287718772888,-0.06135653331875801,0.41911354660987854,0.6358268857002258,-0.07296028733253479,0.4746013581752777,0.6045306921005249,-0.0344463586807251,0.48371613025665283,0.5049723386764526,-0.05884668976068497,0.4870586097240448,0.44712454080581665,-0.07352562248706818,0.48654282093048096,0.3967933654785156,-0.08455903083086014,0.4371052086353302,0.6053314208984375,-0.03359271213412285,0.43633973598480225,0.5739825963973999,-0.07381080090999603,0.432767778635025,0.637759804725647,-0.08427807688713074,0.43048009276390076,0.6737406849861145,-0.08301795274019241,0.4018988013267517,0.617411196231842,-0.036065779626369476,0.3978801667690277,0.6012425422668457,-0.07471593469381332,0.4017210006713867,0.6610774397850037,-0.07073710113763809,0.40442970395088196,0.6859851479530334,-0.05888157710433006,0.3681904077529907,0.6362071633338928,-0.04139285534620285,0.3699869215488434,0.6203892230987549,-0.06748480349779129,0.378010094165802,0.6611620187759399,-0.06262627243995667,0.38259780406951904,0.6804537177085876,-0.052935026586055756
lead,0.3919146955013275,0.7883166074752808,-2.663637310718059e-08,0.4368554353713989,0.7745223045349121,-0.030935725197196007,0.4653015732765198,0.7212461829185486,-0.047245174646377563,0.450104296207428,0.6685130596160889,-0.061722442507743835,0.41913503408432007,0.6355371475219727,-0.0748160257935524,0.4735546112060547,0.6051600575447083,-0.033958110958337784,0.4836106598377228,0.5055768489837646,-0.05844929441809654,0.4875841438770294,0.4476264715194702,-0.07359513640403748,0.48688334226608276,0.39732179045677185,-0.08503575623035431,0.4354301989078522,0.6054925322532654,-0.03396215662360191,0.43687760829925537,0.5766538977622986,-0.07550277560949326,0.4337465465068817,0.639708399772644,-0.08725002408027649,0.43015286326408386,0.6759049296379089,-0.08681757003068924,0.40025195479393005,0.6171319484710693,-0.036966852843761444,0.3976331353187561,0.6016936898231506,-0.07543972879648209,0.40195557475090027,0.6603258848190308,-0.07157864421606064,0.40405896306037903,0.6862820386886597,-0.06008647009730339,0.3668411672115326,0.6354926824569702,-0.04277694597840309,0.369732528924942,0.6201784014701843,-0.06864789128303528,0.3782862722873688,0.6607669591903687,-0.0639137253165245,0.3835500478744507,0.6813938021659851,-0.05441150814294815
lead,0.389711856842041,0.7899606823921204,-3.385109437203937e-08,0.43564745783805847,0.7760164737701416,-0.031332697719335556,0.46625006198883057,0.7222340106964111,-0.046791255474090576,0.45133358240127563,0.6689516305923462,-0.060014452785253525,0.41850560903549194,0.6383865475654602,-0.07180823385715485,0.4743204414844513,0.6077376008033752,-0.03336721286177635,0.48343437910079956,0.5072348117828369,-0.05738432705402374,0.48685896396636963,0.4488248825073242,-0.0716511458158493,0.48625245690345764,0.3981647491455078,-0.08239484578371048,0.4366227686405182,0.6080284118652344,-0.033278170973062515,0.43787482380867004,0.5751839280128479,-0.07341323792934418,0.43405336141586304,0.6383033394813538,-0.08398312330245972,0.4305477738380432,0.6744509935379028,-0.08270414173603058,0.4013591706752777,0.620004415512085,-0.03635653480887413,0.39995187520980835,0.6026269197463989,-0.07444044202566147,0.40314289927482605,0.6613171696662903,-0.07013490051031113,0.4043189287185669,0.6855395436286926,-0.05818653479218483,0.3672877550125122,0.6386836767196655,-0.04221315309405327,0.3715256452560425,0.6222353577613831,-0.06721922755241394,0.37893617153167725,0.6621111035346985,-0.06158137321472168,0.38206663727760315,0.6806501150131226,-0.05155769735574722
lead,0.3895679712295532,0.7884061336517334,-3.960244399081603e-08,0.4366942048072815,0.7750232815742493,-0.03287622332572937,0.4675132930278778,0.721823513507843,-0.04862396419048309,0.4511811137199402,0.6684673428535461,-0.06160097196698189,0.4203057289123535,0.6333286166191101,-0.07281442731618881,0.47345948219299316,0.6068503260612488,-0.03599938005208969,0.48369961977005005,0.5050531029701233,-0.06095615774393082,0.48717832565307617,0.4468829929828644,-0.07607588171958923,0.48670604825019836,0.39611202478408813,-0.0870954692363739,0.43518146872520447,0.6082874536514282,-0.03512600436806679,0.4360520541667938,0.5778264999389648,-0.0765298455953598,0.43278664350509644,0.6405117511749268,-0.08831198513507843,0.42911797761917114,0.678202211856842,-0.08777296543121338,0.39967942237854004,0.6197490692138672,-0.03750116005539894,0.398043155670166,0.6022814512252808,-0.0767982080578804,0.4020932912826538,0.6619321703910828,-0.07384113222360611,0.40354469418525696,0.6884104609489441,-0.06248694658279419,0.3663199543952942,0.6387512683868408,-0.042715203016996384,0.3695508539676666,0.6197091937065125,-0.0688866451382637,0.3789578378200531,0.6602656841278076,-0.06415359675884247,0.3832985758781433,0.681999683380127,-0.05443364381790161
lead,0.3903500735759735,0.7900628447532654,-2.924816833171917e-08,0.4359179139137268,0.7760655283927917,-0.031130965799093246,0.4659450352191925,0.7227527499198914,-0.04716391861438751,0.44996532797813416,0.6690354943275452,-0.06118251383304596,0.418700635433197,0.634789228439331,-0.07357455044984818,0.4731784760951996,0.6088579893112183,-0.03390701115131378,0.4834308624267578,0.5068490505218506,-0.05859965458512306,0.48723509907722473,0.4486771821975708,-0.07321761548519135,0.4868042767047882,0.3985905051231384,-0.08395228534936905,0.4351254999637604,0.6081932783126831,-0.03355792537331581,0.43564051389694214,0.5797001123428345,-0.07485456764698029,0.43226951360702515,0.6426528096199036,-0.08579406887292862,0.42970043420791626,0.6781031489372253,-0.08462425321340561,0.39978545904159546,0.618439257144928,-0.03633996844291687,0.3960176408290863,0.6044778823852539,-0.07491673529148102,0.4000263810157776,0.6636108160018921,-0.07078352570533752,0.402986079454422,0.6885979771614075,-0.05887824296951294,0.36632561683654785,0.6356781721115112,-0.041905686259269714,0.36834102869033813,0.6222375631332397,-0.06739894300699234,0.37676918506622314,0.6627743244171143,-0.06233219429850578,0.38229334354400635,0.6824092864990234,-0.05244836211204529
lead,0.388629674911499,0.7904511094093323,-3.229702372209431e-08,0.43611854314804077,0.7775065302848816,-0.03132939338684082,0.46646466851234436,0.7232232093811035,-0.04653484374284744,0.450108140707016,0.6696377396583557,-0.059504665434360504,0.4171932637691498,0.6394994258880615,-0.07094065845012665,0.47373929619789124,0.6081578731536865,-0.03352378308773041,0.48315420746803284,0.5067734718322754,-0.05762358382344246,0.486711710691452,0.4484425187110901,-0.07214658707380295,0.4859527051448822,0.39819571375846863,-0.08295559138059616,0.43581509590148926,0.6085699200630188,-0.03311671316623688,0.43632426857948303,0.577703058719635,-0.07418961822986603,0.4333513081073761,0.6399855613708496,-0.08569009602069855,0.43000850081443787,0.6775954365730286,-0.0847843810915947,0.4005680978298187,0.6199862360954285,-0.035818178206682205,0.39789876341819763,0.6046512126922607,-0.0742417424917221,0.4024173617362976,0.6630076169967651,-0.0710829347372055,0.40448978543281555,0.689140260219574,-0.05960268899798393,0.36711108684539795,0.6382812857627869,-0.041280560195446014,0.37038373947143555,0.6228945851325989,-0.06642811745405197,0.3790494501590729,0.6623379588127136,-0.06168542429804802,0.38359424471855164,0.6822587847709656,-0.05206950753927231
lead,0.390434205532074,0.7908310294151306,-2.870568138746421e-08,0.4359448254108429,0.777284562587738,-0.03202838823199272,0.4656115472316742,0.7247034311294556,-0.04836392030119896,0.4498134255409241,0.6710304617881775,-0.06230432167649269,0.42012834548950195,0.6349489688873291,-0.07442780584096909,0.47348910570144653,0.6094759702682495,-0.035307254642248154,0.4839368760585785,0.5078709125518799,-0.0603104904294014,0.4876534938812256,0.449421763420105,-0.07491574436426163,0.48696577548980713,0.3984316289424896,-0.085719034075737,0.43575066328048706,0.6084157824516296,-0.034559354186058044,0.4363878071308136,0.580263614654541,-0.07556553184986115,0.43244948983192444,0.644315242767334,-0.08564730733633041,0.42964720726013184,0.679591953754425,-0.08404416590929031,0.4004008173942566,0.6185845136642456,-0.0371030755341053,0.3975551724433899,0.6058667302131653,-0.07573176175355911,0.4009505808353424,0.665966272354126,-0.07089927047491074,0.4035573899745941,0.6897342801094055,-0.058704350143671036,0.366903692483902,0.6357766389846802,-0.042530279606580734,0.3698788583278656,0.6243381500244141,-0.06807783991098404,0.3776559829711914,0.6659166216850281,-0.06281277537345886,0.38252708315849304,0.6840272545814514,-0.05294996127486229
lead,0.3905223309993744,0.7913404703140259,-3.1298423408543385e-08,0.4359670579433441,0.7776031494140625,-0.03156163915991783,0.46652543544769287,0.7248015999794006,-0.04743072763085365,0.4500104486942291,0.6712406873703003,-0.061021726578474045,0.41931894421577454,0.6369861960411072,-0.07291492819786072,0.4732869565486908,0.6085422039031982,-0.033819422125816345,0.4834127724170685,0.5077914595603943,-0.05825044959783554,0.48714107275009155,0.44988489151000977,-0.0727691724896431,0.486572265625,0.40004676580429077,-0.08346205949783325,0.4353903532028198,0.6082770228385925,-0.03301173821091652,0.436591237783432,0.5799083113670349,-0.0736384391784668,0.4333113133907318,0.6434814929962158,-0.08418072015047073,0.4304670989513397,0.6795156002044678,-0.08277695626020432,0.4003022611141205,0.6191512942314148,-0.03541267663240433,0.39810439944267273,0.6056291460990906,-0.07339788228273392,0.40207797288894653,0.6648846864700317,-0.06903110444545746,0.40447068214416504,0.689498245716095,-0.05707625672221184,0.3668166399002075,0.6369017958641052,-0.040640708059072495,0.3702104687690735,0.6235835552215576,-0.065660759806633,0.3785497546195984,0.6640864610671997,-0.06041792780160904,0.3834512531757355,0.6828299760818481,-0.050499241799116135
lead,0.3890933096408844,0.7908364534378052,-2.7501151578235294e-08,0.43553853034973145,0.7784721255302429,-0.03175726532936096,0.466493159532547,0.7254816889762878,-0.04760688170790672,0.45175907015800476,0.671844482421875,-0.06120971217751503,0.42097657918930054,0.6365459561347961,-0.07320031523704529,0.47359415888786316,0.6098771095275879,-0.03388982638716698,0.483783096075058,0.5086851119995117,-0.05842376872897148,0.4876328110694885,0.45008426904678345,-0.07296440005302429,0.48673421144485474,0.3996850252151489,-0.08370978385210037,0.435354083776474,0.609328031539917,-0.033110711723566055,0.4359966516494751,0.5791099071502686,-0.07478521764278412,0.4327991008758545,0.6430062651634216,-0.08593206852674484,0.4294227361679077,0.6806596517562866,-0.08455587923526764,0.39967426657676697,0.6203144192695618,-0.03548885136842728,0.39797765016555786,0.6061974167823792,-0.07477768510580063,0.4019681215286255,0.6658022403717041,-0.07089751213788986,0.4036688804626465,0.6912626028060913,-0.05879604443907738,0.36562925577163696,0.6381456851959229,-0.04061136022210121,0.3702392876148224,0.6256097555160522,-0.0670386403799057,0.37848466634750366,0.6665644645690918,-0.0624103844165802,0.38284170627593994,0.6854479312896729,-0.05258781090378761
lead,0.3898111879825592,0.7917782664299011,-3.279149396462344e-08,0.4352276623249054,0.7780416011810303,-0.031543243676424026,0.46622252464294434,0.7245804071426392,-0.04751202464103699,0.45044782757759094,0.671013593673706,-0.06133132055401802,0.4180813431739807,0.637367308139801,-0.0736381784081459,0.4730910360813141,0.60976642370224,-0.03414376452565193,0.48325079679489136,0.5090047717094421,-0.0588877908885479,0.48700329661369324,0.4507870674133301,-0.07397269457578659,0.48643946647644043,0.4001803994178772,-0.085139200091362,0.4347718358039856,0.6088473200798035,-0.03349761292338371,0.4356253445148468,0.5803192257881165,-0.07461337000131607,0.43223971128463745,0.6446312665939331,-0.08563065528869629,0.42898833751678467,0.68110191822052,-0.08460107445716858,0.39962828159332275,0.618972659111023,-0.03598465770483017,0.39651429653167725,0.6036957502365112,-0.07401342689990997,0.40051084756851196,0.6636636257171631,-0.0694444552063942,0.402708500623703,0.689836859703064,-0.057440705597400665,0.3660927712917328,0.6361282467842102,-0.04137659817934036,0.36887457966804504,0.6217390894889832,-0.0666506364941597,0.37719792127609253,0.6629853248596191,-0.061294425278902054,0.38194596767425537,0.6835771799087524,-0.05129723623394966
lead,0.3898851275444031,0.7921954393386841,-2.4943762610973863e-08,0.4360280930995941,0.7777400016784668,-0.03186234459280968,0.46561506390571594,0.7248581647872925,-0.04787232354283333,0.4501879811286926,0.6721757054328918,-0.061586927622556686,0.41923877596855164,0.6383500099182129,-0.07373460382223129,0.4725697636604309,0.6099277138710022,-0.03485679253935814,0.4825167655944824,0.507664144039154,-0.059563323855400085,0.4865248501300812,0.44901469349861145,-0.07445064932107925,0.486296147108078,0.398563951253891,-0.08536005765199661,0.43472185730934143,0.6110783219337463,-0.03434428200125694,0.4360620379447937,0.5792977809906006,-0.0751376822590828,0.4328235685825348,0.6417207717895508,-0.08622302114963531,0.4294165074825287,0.6791113018989563,-0.08524513989686966,0.399370402097702,0.6232626438140869,-0.03699126094579697,0.39842507243156433,0.6059426665306091,-0.07546877861022949,0.40226662158966064,0.6644575595855713,-0.0715552419424057,0.40359678864479065,0.690466046333313,-0.059727638959884644,0.36578014492988586,0.6426910758018494,-0.04243358224630356,0.37000131607055664,0.6249958872795105,-0.06806085258722305,0.37884393334388733,0.6647281050682068,-0.06279480457305908,0.3830495774745941,0.6853381395339966,-0.05274571105837822
lead,0.389094740152359,0.7891852855682373,-3.6962152449859786e-08,0.4353099763393402,0.7766340970993042,-0.032016634941101074,0.46623772382736206,0.7230596542358398,-0.047677405178546906,0.45012903213500977,0.6700550317764282,-0.06085098907351494,0.4175179600715637,0.640943169593811,-0.07225082069635391,0.47222986817359924,0.6086119413375854,-0.035483550280332565,0.4823175370693207,0.5066633820533752,-0.06046351417899132,0.48597246408462524,0.44899845123291016,-0.07509028166532516,0.4857628643512726,0.3989177346229553,-0.08582451939582825,0.43418094515800476,0.6074792742729187,-0.03492461517453194,0.43433335423469543,0.5804764032363892,-0.0759262666106224,0.4306182265281677,0.6443016529083252,-0.08630158752202988,0.4278010129928589,0.6792834997177124,-0.08485180884599686,0.39900335669517517,0.6170612573623657,-0.037632472813129425,0.39589545130729675,0.6042851805686951,-0.07624736428260803,0.3998214304447174,0.6645472049713135,-0.07195431739091873,0.40244588255882263,0.6890342831611633,-0.059925589710474014,0.36567917466163635,0.6342285871505737,-0.04324643313884735,0.368294358253479,0.622106671333313,-0.06847909092903137,0.37653639912605286,0.663318395614624,-0.06311160326004028,0.3808547854423523,0.6829063892364502,-0.053099457174539566
lead,0.3890315890312195,0.7914168834686279,-4.3255777626427516e-08,0.43496111035346985,0.7780653834342957,-0.030638383701443672,0.46527624130249023,0.724602222442627,-0.046255819499492645,0.4502421021461487,0.6714484095573425,-0.059859443455934525,0.41848301887512207,0.6377159953117371,-0.07197309285402298,0.47259604930877686,0.6098757982254028,-0.033511530607938766,0.4828673303127289,0.5081387758255005,-0.05808152258396149,0.4866219162940979,0.4496365487575531,-0.07276284694671631,0.48581162095069885,0.3990919589996338,-0.08359580487012863,0.434859037399292,0.6100148558616638,-0.033294759690761566,0.43502184748649597,0.5788248181343079,-0.07414168119430542,0.4308726489543915,0.6432048678398132,-0.08472105860710144,0.42754310369491577,0.6797875761985779,-0.08333470672369003,0.3997671604156494,0.621063768863678,-0.03615454211831093,0.3967032730579376,0.6036435961723328,-0.07433044910430908,0.40009236335754395,0.6637347340583801,-0.06943131983280182,0.40227559208869934,0.6895577907562256,-0.05704985558986664,0.36619842052459717,0.6389035582542419,-0.04175258055329323,0.3687739968299866,0.6229134202003479,-0.0670035108923912,0.3766554296016693,0.6639811396598816,-0.061235275119543076,0.38131052255630493,0.6839967966079712,-0.05088280141353607
lead,0.3911237418651581,0.7924386262893677,-2.8385187533785938e-08,0.4361216723918915,0.7783206105232239,-0.03227744251489639,0.46592453122138977,0.7256479859352112,-0.04830392450094223,0.4493674337863922,0.6719342470169067,-0.061671629548072815,0.41766607761383057,0.6388940215110779,-0.07317417114973068,0.472958505153656,0.6096996665000916,-0.035479336977005005,0.4834560453891754,0.5092661380767822,-0.060533810406923294,0.48727279901504517,0.45136207342147827,-0.07506738603115082,0.48676881194114685,0.40079694986343384,-0.0858282595872879,0.43446266651153564,0.6098473072052002,-0.03487740457057953,0.43625596165657043,0.5802624821662903,-0.07447899132966995,0.43298307061195374,0.6448968052864075,-0.08368789404630661,0.4304964542388916,0.6783813238143921,-0.08186067640781403,0.3987791836261749,0.6211209297180176,-0.03771683946251869,0.3975270688533783,0.6083678603172302,-0.07585624605417252,0.40149611234664917,0.6688962578773499,-0.07085292041301727,0.4038392901420593,0.6903535723686218,-0.05872434005141258,0.3650420308113098,0.6397442817687988,-0.04344495013356209,0.3694983422756195,0.6265220642089844,-0.06831438094377518,0.37804633378982544,0.6675012707710266,-0.06238185986876488,0.3820452392101288,0.6844656467437744,-0.052337855100631714
lead,0.38889163732528687,0.7918903231620789,-2.962166156805779e-08,0.4343167841434479,0.7785967588424683,-0.03182293102145195,0.46485084295272827,0.726789116859436,-0.047986000776290894,0.4486827850341797,0.6733840107917786,-0.06191519275307655,0.4171135723590851,0.6411910057067871,-0.07426278293132782,0.4726952910423279,0.6102058291435242,-0.03437945246696472,0.48300105333328247,0.5096245408058167,-0.058904778212308884,0.4867110252380371,0.4515153765678406,-0.07350323349237442,0.48637765645980835,0.4010941684246063,-0.08431416004896164,0.4348208010196686,0.6092953085899353,-0.03388398513197899,0.4356960952281952,0.5801791548728943,-0.07469659298658371,0.4321746826171875,0.643589973449707,-0.08555005490779877,0.4293663501739502,0.6804014444351196,-0.08438582718372345,0.399556040763855,0.6199054718017578,-0.036565203219652176,0.3971033990383148,0.605781614780426,-0.07506692409515381,0.40104663372039795,0.6653760075569153,-0.07090862840414047,0.40365317463874817,0.6915163993835449,-0.05889979749917984,0.3656630516052246,0.6378529667854309,-0.04208441078662872,0.36907482147216797,0.6233221888542175,-0.06770125031471252,0.3776482045650482,0.6643606424331665,-0.06249607354402542,0.3827196955680847,0.685215413570404,-0.0524168536067009
lead,0.3893146812915802,0.7922554016113281,-3.572670337348427e-08,0.43566131591796875,0.7798098921775818,-0.031052984297275543,0.4656398892402649,0.7267705202102661,-0.046459686011075974,0.44971808791160583,0.6735892295837402,-0.059696536511182785,0.4194353222846985,0.6392132043838501,-0.07138081640005112,0.4727332293987274,0.6094154715538025,-0.03341328352689743,0.4831113815307617,0.5089361071586609,-0.05758678913116455,0.48696547746658325,0.4506065249443054,-0.07210275530815125,0.48640570044517517,0.4003452658653259,-0.08290155231952667,0.43458184599876404,0.6098736524581909,-0.032954975962638855,0.43528249859809875,0.5796480178833008,-0.07340738922357559,0.43163976073265076,0.6432397365570068,-0.08411170542240143,0.42859330773353577,0.6797476410865784,-0.08289922773838043,0.39910179376602173,0.6214367151260376,-0.0356365442276001,0.3965577781200409,0.6060880422592163,-0.07399384677410126,0.4005674719810486,0.6657077670097351,-0.06979760527610779,0.4029369354248047,0.6909533143043518,-0.05788673833012581,0.36505424976348877,0.6398371458053589,-0.041049908846616745,0.36855021119117737,0.6246575713157654,-0.06682001054286957,0.3771173059940338,0.6656671166419983,-0.06169513612985611,0.3820316791534424,0.6853502988815308,-0.05177865922451019
lead,0.3898344039916992,0.7931919693946838,-2.0975026160385823e-08,0.43533241748809814,0.7786662578582764,-0.030841218307614326,0.4654863178730011,0.7259650230407715,-0.04677274823188782,0.449452668428421,0.6730374097824097,-0.060742735862731934,0.4178047776222229,0.6390411257743835,-0.07313222438097,0.472485214471817,0.6104046702384949,-0.03330625966191292,0.4828881323337555,0.5098820328712463,-0.05781639739871025,0.486850380897522,0.45156145095825195,-0.07228761911392212,0.4862133264541626,0.4011116325855255,-0.08296457678079605,0.434626966714859,0.6095801591873169,-0.03310953825712204,0.4357019364833832,0.5811806917190552,-0.07408709079027176,0.43274831771850586,0.6437176465988159,-0.0849701315164566,0.42976292967796326,0.6803389191627502,-0.08375701308250427,0.3993713855743408,0.6206153631210327,-0.03602246567606926,0.3974896967411041,0.6093043088912964,-0.0744086429476738,0.40139439702033997,0.6675819754600525,-0.07044404745101929,0.4033180773258209,0.6920892000198364,-0.058636900037527084,0.3660258650779724,0.6386757493019104,-0.04166669398546219,0.3703020513057709,0.627619743347168,-0.06675460934638977,0.3782157897949219,0.6674888730049133,-0.061690665781497955,0.3825852572917938,0.6856088042259216,-0.05186969414353371
lead,0.3883874714374542,0.7918747663497925,-2.133433874007551e-08,0.4343933165073395,0.7793487906455994,-0.033078912645578384,0.4643171727657318,0.7263755202293396,-0.04927315190434456,0.44777730107307434,0.6710993051528931,-0.06287334859371185,0.41754719614982605,0.6364086866378784,-0.07475315779447556,0.4717521369457245,0.6103228330612183,-0.03510591387748718,0.4820178151130676,0.5082980394363403,-0.05991652235388756,0.4859625995159149,0.4492747187614441,-0.07486630976200104,0.48529472947120667,0.39854735136032104,-0.0858813226222992,0.4337628483772278,0.6100276112556458,-0.033592548221349716,0.4345550239086151,0.5803183317184448,-0.07479646056890488,0.4315246641635895,0.642821729183197,-0.08594484627246857,0.4284103810787201,0.6799193024635315,-0.08485618978738785,0.39866435527801514,0.6208566427230835,-0.035392776131629944,0.39630478620529175,0.6070392727851868,-0.07421818375587463,0.4004916250705719,0.6660910844802856,-0.07061454653739929,0.4028833210468292,0.6920484304428101,-0.05893196538090706,0.36530086398124695,0.6388629078865051,-0.04014137014746666,0.36848244071006775,0.6259374022483826,-0.06648795306682587,0.3772754371166229,0.6670119166374207,-0.06222410500049591,0.38271546363830566,0.6873727440834045,-0.052708327770233154
lead,0.3889269232749939,0.7911295890808105,-2.498283890872699e-08,0.43497514724731445,0.7782537341117859,-0.03255222737789154,0.46381181478500366,0.7249670624732971,-0.0486271008849144,0.44772976636886597,0.6719322204589844,-0.062225498259067535,0.41707679629325867,0.6377556920051575,-0.07409167289733887,0.4715108871459961,0.6091898083686829,-0.035424068570137024,0.48196133971214294,0.508102297782898,-0.06053214892745018,0.4858425557613373,0.44950753450393677,-0.07586444914340973,0.4849804639816284,0.39937156438827515,-0.0871577188372612,0.4330245554447174,0.609419047832489,-0.0342075489461422,0.43219417333602905,0.5814979076385498,-0.07628919929265976,0.42919254302978516,0.6448003649711609,-0.08781099319458008,0.4266064167022705,0.6816352605819702,-0.08688543736934662,0.3976156413555145,0.6201770901679993,-0.03626498579978943,0.3931884765625,0.6076093316078186,-0.07509114593267441,0.3977971374988556,0.6664237976074219,-0.07152720540761948,0.4011995494365692,0.6914489269256592,-0.05999946594238281,0.36449235677719116,0.6376692652702332,-0.04127196595072746,0.36609548330307007,0.6266276836395264,-0.06698331981897354,0.37443143129348755,0.6671351194381714,-0.06261678785085678,0.38019996881484985,0.6861333847045898,-0.05326322093605995
lead,0.39024436473846436,0.7924758195877075,-3.0721988508730647e-08,0.4349992573261261,0.7786335349082947,-0.03237093240022659,0.46518388390541077,0.7259522676467896,-0.04854283109307289,0.4480776786804199,0.6731980443000793,-0.06217540428042412,0.4156166911125183,0.6408358812332153,-0.07408760488033295,0.4723060727119446,0.6093061566352844,-0.03505314141511917,0.482053279876709,0.509375810623169,-0.06003997474908829,0.48546740412712097,0.4515186548233032,-0.0748608186841011,0.4848320484161377,0.4011402726173401,-0.08586281538009644,0.4340282678604126,0.6098650693893433,-0.034482501447200775,0.4346398115158081,0.5800295472145081,-0.07497988641262054,0.43154552578926086,0.6443390250205994,-0.08528673648834229,0.42929431796073914,0.6794541478157043,-0.08394430577754974,0.3986189067363739,0.6220182180404663,-0.037248700857162476,0.3959006667137146,0.6083714365959167,-0.0756542757153511,0.4002179801464081,0.668034553527832,-0.07119157910346985,0.4029398560523987,0.6911032795906067,-0.05922118201851845,0.36496707797050476,0.6412702798843384,-0.042907554656267166,0.3681009113788605,0.6277388334274292,-0.06800436228513718,0.37650230526924133,0.6681804656982422,-0.06234981492161751,0.38091251254081726,0.6858842372894287,-0.052331265062093735
lead,0.38859203457832336,0.7923302054405212,-3.748371923961713e-08,0.43415334820747375,0.7793175578117371,-0.03185967728495598,0.46428120136260986,0.7268462181091309,-0.04753360152244568,0.4480263292789459,0.6736945509910583,-0.06077568233013153,0.41685250401496887,0.639461100101471,-0.07233133167028427,0.47173258662223816,0.6107414364814758,-0.03455608710646629,0.4821910858154297,0.5098370313644409,-0.05943161994218826,0.48581936955451965,0.4518154561519623,-0.07451779395341873,0.4853565990924835,0.4011304974555969,-0.08573892712593079,0.4340249001979828,0.6102015376091003,-0.03388692066073418,0.4343422055244446,0.5813365578651428,-0.07460310310125351,0.4307830333709717,0.6452216506004333,-0.0854494720697403,0.428154855966568,0.6807715892791748,-0.08448971807956696,0.39880239963531494,0.620884358882904,-0.03646990656852722,0.3959803283214569,0.6060686707496643,-0.07473261654376984,0.4001859724521637,0.6662880182266235,-0.07041680067777634,0.4032772183418274,0.691348671913147,-0.0586085319519043,0.365327924489975,0.6393082737922668,-0.04195135459303856,0.3680519461631775,0.6254775524139404,-0.06770134717226028,0.3771616816520691,0.66716468334198,-0.06263028830289841,0.38281697034835815,0.6872804164886475,-0.0527796596288681
lead,0.38832154870033264,0.7930103540420532,-3.714375296226535e-08,0.4339073896408081,0.7805993556976318,-0.032337307929992676,0.46487852931022644,0.7279784083366394,-0.04799347743391991,0.44836005568504333,0.6744713187217712,-0.06096601486206055,0.4164893329143524,0.6406556963920593,-0.07216131687164307,0.4724487066268921,0.6107161641120911,-0.034734781831502914,0.482618510723114,0.5102783441543579,-0.05952635407447815,0.4860250949859619,0.4520842730998993,-0.07420553267002106,0.48537132143974304,0.4013170599937439,-0.08510018140077591,0.43463489413261414,0.6096454858779907,-0.03379865363240242,0.4350754916667938,0.5816263556480408,-0.07390283793210983,0.4313502907752991,0.6459124088287354,-0.083968885242939,0.4288673996925354,0.6807830333709717,-0.08250763267278671,0.3993408679962158,0.6200302243232727,-0.03625791147351265,0.39645740389823914,0.6080702543258667,-0.07418028265237808,0.40002113580703735,0.6681354641914368,-0.0697595402598381,0.4026755094528198,0.6909662485122681,-0.05799514800310135,0.3655819594860077,0.6376199722290039,-0.041666872799396515,0.3681395351886749,0.6269567012786865,-0.06664221733808517,0.3759722113609314,0.6681746244430542,-0.06144816055893898,0.38054129481315613,0.6855778694152832,-0.05178411677479744
lead,0.388569176197052,0.7935432195663452,-1.690298923051614e-08,0.43425115942955017,0.7805817723274231,-0.03151199594140053,0.4650721549987793,0.7282587289810181,-0.04810413345694542,0.44936102628707886,0.6741800308227539,-0.06276484578847885,0.41805556416511536,0.6384092569351196,-0.07597682625055313,0.4724772274494171,0.6119902729988098,-0.033577777445316315,0.4825895130634308,0.5116932988166809,-0.05817315727472305,0.48677533864974976,0.4529538154602051,-0.07285839319229126,0.48614829778671265,0.402452290058136,-0.08371903747320175,0.4337531328201294,0.6102536916732788,-0.032884206622838974,0.43467020988464355,0.5819616317749023,-0.07510080933570862,0.4314247667789459,0.6461589932441711,-0.08648966997861862,0.4278794527053833,0.6837911605834961,-0.08510298281908035,0.3983255922794342,0.6207790374755859,-0.035256221890449524,0.3954674303531647,0.6093217730522156,-0.07412461936473846,0.39954209327697754,0.6682029962539673,-0.06998550891876221,0.4017675220966339,0.6933819055557251,-0.05783630907535553,0.3647613525390625,0.6379295587539673,-0.04042748734354973,0.3681986927986145,0.6279473304748535,-0.06611817330121994,0.37605157494544983,0.6687525510787964,-0.061278630048036575,0.3813132047653198,0.6872665882110596,-0.05140528455376625
lead,0.38847431540489197,0.7926665544509888,-1.6795995705365385e-08,0.4335871934890747,0.7806407809257507,-0.03311677649617195,0.4644339680671692,0.7292483448982239,-0.0502329058945179,0.44792798161506653,0.6757818460464478,-0.06498656421899796,0.41708171367645264,0.641002357006073,-0.07814674824476242,0.47217243909835815,0.6121134161949158,-0.036183491349220276,0.4826793670654297,0.5104192495346069,-0.06154771149158478,0.4865078926086426,0.45157814025878906,-0.0768103301525116,0.4857304096221924,0.4004829525947571,-0.08809734880924225,0.4341568052768707,0.6100395917892456,-0.03492618724703789,0.4348154366016388,0.5839919447898865,-0.07757105678319931,0.4310376048088074,0.646932065486908,-0.08937036991119385,0.4277186691761017,0.6826854944229126,-0.08860332518815994,0.3988848924636841,0.6196324229240417,-0.036864183843135834,0.39550089836120605,0.6084101796150208,-0.07650432735681534,0.3994361460208893,0.6677640080451965,-0.0729111060500145,0.4022892117500305,0.6933017373085022,-0.06120467185974121,0.3649942874908447,0.6362149715423584,-0.04173693060874939,0.3673803508281708,0.6259199976921082,-0.06875139474868774,0.3760164976119995,0.6676746010780334,-0.06467006355524063,0.3822730779647827,0.6876205801963806,-0.05515962094068527
lead,0.39053449034690857,0.7931178212165833,-1.4580245455420027e-08,0.4352912902832031,0.7798265218734741,-0.032822031527757645,0.4650436043739319,0.7281262278556824,-0.05005153641104698,0.44808197021484375,0.6755895614624023,-0.06502650678157806,0.4171217381954193,0.6409398913383484,-0.07850109040737152,0.4719241261482239,0.6104596853256226,-0.0361163392663002,0.4823019504547119,0.5104996562004089,-0.06131947413086891,0.48621708154678345,0.45236778259277344,-0.07670323550701141,0.48565974831581116,0.402118980884552,-0.08815193176269531,0.4334321916103363,0.6108344793319702,-0.03517497330904007,0.43376967310905457,0.5840227603912354,-0.07746675610542297,0.4303380250930786,0.6469771862030029,-0.08925645053386688,0.42736947536468506,0.6830846667289734,-0.08865730464458466,0.39821866154670715,0.6226387619972229,-0.037389762699604034,0.3945200443267822,0.6101688742637634,-0.07640447467565536,0.399036169052124,0.6685961484909058,-0.07263723015785217,0.40227699279785156,0.693898618221283,-0.061081238090991974,0.36502209305763245,0.6411843299865723,-0.0425456240773201,0.3673766255378723,0.6289148330688477,-0.06882785260677338,0.3760254979133606,0.6695764660835266,-0.06432205438613892,0.38228705525398254,0.6890783309936523,-0.05479523539543152
lead,0.3880731463432312,0.793803334236145,-2.5301073236505545e-08,0.4341411888599396,0.7812430262565613,-0.03253667429089546,0.46579694747924805,0.729678750038147,-0.04893815144896507,0.44991788268089294,0.6761979460716248,-0.06291805952787399,0.4178938567638397,0.6428065299987793,-0.07531652599573135,0.4729887545108795,0.6126930713653564,-0.034630563110113144,0.4824911952018738,0.5120369791984558,-0.059333909302949905,0.4862669110298157,0.4532053768634796,-0.07393202930688858,0.48567119240760803,0.40247076749801636,-0.08473131060600281,0.43513646721839905,0.6112967729568481,-0.03364674374461174,0.43597424030303955,0.5813516974449158,-0.07474911212921143,0.43232598900794983,0.6451619863510132,-0.08544768393039703,0.4290514588356018,0.6815221309661865,-0.08390941470861435,0.39991462230682373,0.6216018199920654,-0.03592481091618538,0.3974565267562866,0.6078611612319946,-0.07466049492359161,0.4011830985546112,0.667616069316864,-0.07030966132879257,0.4033094644546509,0.6925819516181946,-0.058046385645866394,0.3659452795982361,0.6388561129570007,-0.041092053055763245,0.3694824278354645,0.6258785128593445,-0.06696871668100357,0.37733185291290283,0.6670714020729065,-0.06189876049757004,0.38174477219581604,0.6861103177070618,-0.051861539483070374
lead,0.3882841169834137,0.793738603591919,-3.034352147324171e-08,0.4351324439048767,0.7809756994247437,-0.03204403817653656,0.46580633521080017,0.7274320125579834,-0.04761689901351929,0.4492291808128357,0.6739073395729065,-0.06075051799416542,0.4170118272304535,0.6418678164482117,-0.07226065546274185,0.47227370738983154,0.6118186712265015,-0.03458685427904129,0.48237258195877075,0.5103430151939392,-0.059309009462594986,0.4863637685775757,0.45175737142562866,-0.07445366680622101,0.486068993806839,0.4008517265319824,-0.08564385026693344,0.4342658817768097,0.6121382713317871,-0.03390398994088173,0.4344042241573334,0.5824878215789795,-0.07533419877290726,0.4315001368522644,0.6459935903549194,-0.08680813014507294,0.4284100830554962,0.684768557548523,-0.08591193705797195,0.3989638686180115,0.623225748538971,-0.03643547743558884,0.3959634006023407,0.6079745292663574,-0.07499376684427261,0.400020569562912,0.6671719551086426,-0.0715007409453392,0.40193188190460205,0.6940992474555969,-0.05986824259161949,0.3655394911766052,0.6416048407554626,-0.0418403185904026,0.3680397868156433,0.6256789565086365,-0.06720110028982162,0.3764724135398865,0.6657989621162415,-0.06235048547387123,0.3809835910797119,0.6864568591117859,-0.05265163257718086
lead,0.3886031210422516,0.7949123382568359,-3.578445628704685e-08,0.43483519554138184,0.781590461730957,-0.03191356360912323,0.46509015560150146,0.7274399399757385,-0.047344401478767395,0.4490128457546234,0.6736239194869995,-0.06031164899468422,0.4170181453227997,0.6397743821144104,-0.07156835496425629,0.4722519516944885,0.6119410991668701,-0.034124091267585754,0.48243632912635803,0.5109383463859558,-0.05857594683766365,0.4863921105861664,0.45240187644958496,-0.07299607992172241,0.48597341775894165,0.4018403887748718,-0.08366114646196365,0.433917373418808,0.6112195253372192,-0.033371198922395706,0.4348251223564148,0.5822510719299316,-0.07395593822002411,0.4312891960144043,0.6465197801589966,-0.08434417843818665,0.42804330587387085,0.6830210089683533,-0.08284042775630951,0.3984447717666626,0.6219268441200256,-0.03592700883746147,0.39585816860198975,0.6089116930961609,-0.07433076202869415,0.39969927072525024,0.669042706489563,-0.07031871378421783,0.4018489718437195,0.6934243440628052,-0.058522891253232956,0.36497849225997925,0.6399111747741699,-0.04133618250489235,0.36809253692626953,0.6278132796287537,-0.0666060820221901,0.37649402022361755,0.6686782836914062,-0.06165385618805885,0.3810988664627075,0.6872249245643616,-0.05201153829693794
lead,0.3875729441642761,0.7939929366111755,-4.1885723334189606e-08,0.43456941843032837,0.7816481590270996,-0.030906548723578453,0.46512556076049805,0.727294385433197,-0.045837122946977615,0.44998088479042053,0.6731500625610352,-0.0584135577082634,0.41737014055252075,0.6407057046890259,-0.06937216222286224,0.4723992347717285,0.6118414998054504,-0.03419843688607216,0.48275837302207947,0.5100796222686768,-0.05842176079750061,0.48636311292648315,0.4520869255065918,-0.07270175963640213,0.4855194687843323,0.4012281894683838,-0.08339706808328629,0.4341380000114441,0.6110697388648987,-0.034080442041158676,0.4362386465072632,0.5817975401878357,-0.07404708117246628,0.4327795207500458,0.6458587646484375,-0.08419330418109894,0.4289661943912506,0.6809549331665039,-0.08279623091220856,0.39838525652885437,0.6216470003128052,-0.03712083399295807,0.39749208092689514,0.6078835129737854,-0.07491755485534668,0.4012395739555359,0.668184757232666,-0.07046626508235931,0.4024580717086792,0.6915480494499207,-0.05861404538154602,0.3643650710582733,0.6395546197891235,-0.04293598234653473,0.36889100074768066,0.6263831257820129,-0.06753107905387878,0.3772056996822357,0.6673362851142883,-0.06190652772784233,0.3806706964969635,0.6855266094207764,-0.051988642662763596
lead,0.38786381483078003,0.7946955561637878,-4.104721185171911e-08,0.43540751934051514,0.7800930142402649,-0.03068125993013382,0.4644103944301605,0.7261529564857483,-0.04554150998592377,0.4488997459411621,0.6737858057022095,-0.05818586051464081,0.4172552525997162,0.6415573954582214,-0.06918129324913025,0.4719158113002777,0.6125508546829224,-0.03356761857867241,0.48199278116226196,0.5112032294273376,-0.05804569274187088,0.48612144589424133,0.4523255228996277,-0.07277341187000275,0.48587504029273987,0.40144670009613037,-0.08364049345254898,0.43395495414733887,0.612814724445343,-0.03349348530173302,0.43478137254714966,0.5830020904541016,-0.07412596791982651,0.4311298429965973,0.6456838846206665,-0.08504868298768997,0.42727693915367126,0.6829591989517212,-0.08394628763198853,0.3983233571052551,0.6239951848983765,-0.036606982350349426,0.3964339792728424,0.6113306879997253,-0.0745617151260376,0.39976727962493896,0.6696822047233582,-0.0711270123720169,0.4008136987686157,0.6938185691833496,-0.05976342782378197,0.364819198846817,0.6424323916435242,-0.04248632490634918,0.36836135387420654,0.6298902630805969,-0.06690353900194168,0.376130610704422,0.6690070629119873,-0.061957504600286484,0.37944698333740234,0.6870372295379639,-0.05249972641468048
lead,0.38768270611763,0.7940006256103516,-3.4748836696962826e-08,0.4354286193847656,0.780921220779419,-0.03106636367738247,0.46507421135902405,0.7255587577819824,-0.04550822824239731,0.44886553287506104,0.6723417043685913,-0.057514965534210205,0.41651374101638794,0.6404393315315247,-0.06786934286355972,0.4715343713760376,0.611207902431488,-0.03379330039024353,0.4819619953632355,0.5090643167495728,-0.057869378477334976,0.4854971766471863,0.4505023956298828,-0.0724940374493599,0.48460957407951355,0.39970076084136963,-0.08341141045093536,0.433199018239975,0.6113905906677246,-0.03337427228689194,0.433415025472641,0.5823028087615967,-0.07353419810533524,0.4309186637401581,0.645043134689331,-0.08455166220664978,0.42798560857772827,0.681425154209137,-0.08376706391572952,0.3975849449634552,0.6224303245544434,-0.03610050305724144,0.3945971429347992,0.6088321805000305,-0.0738157108426094,0.39911597967147827,0.6677714586257935,-0.07038640230894089,0.4011627435684204,0.6923672556877136,-0.059233665466308594,0.364103764295578,0.6408666968345642,-0.04163224250078201,0.3669753074645996,0.6282862424850464,-0.06637576967477798,0.37571650743484497,0.6687316298484802,-0.06145275756716728,0.37983375787734985,0.6883116960525513,-0.05197658762335777
lead,0.3895825147628784,0.7918800115585327,-2.7297492266598056e-08,0.4351377487182617,0.7791557908058167,-0.03232342377305031,0.4653007388114929,0.7257652282714844,-0.048474013805389404,0.4480478763580322,0.6726729869842529,-0.06216990202665329,0.41553986072540283,0.6398027539253235,-0.07417967170476913,0.47170159220695496,0.6099714636802673,-0.03614397719502449,0.4820060729980469,0.5084265470504761,-0.06146039813756943,0.4854689836502075,0.45022091269493103,-0.07646884769201279,0.48445767164230347,0.39933884143829346,-0.08756758272647858,0.4331240952014923,0.6092010736465454,-0.035535044968128204,0.43348366022109985,0.5818656086921692,-0.07708056271076202,0.430634081363678,0.6459589600563049,-0.08789076656103134,0.428083211183548,0.6816285252571106,-0.08680085092782974,0.39756354689598083,0.6196463108062744,-0.03816493973135948,0.3940703570842743,0.6078458428382874,-0.07703777402639389,0.3983926475048065,0.6679752469062805,-0.07278864085674286,0.40109485387802124,0.6924741268157959,-0.060913294553756714,0.3640197217464447,0.6373348236083984,-0.04370289668440819,0.36642706394195557,0.6256160736083984,-0.0691882073879242,0.3751039206981659,0.6666993498802185,-0.06399088352918625,0.38015151023864746,0.6856362223625183,-0.05416896194219589
lead,0.38711851835250854,0.7937309741973877,-2.2852875147805207e-08,0.433162122964859,0.7798365354537964,-0.03315778076648712,0.4645189046859741,0.7273467183113098,-0.049517933279275894,0.44759488105773926,0.6739216446876526,-0.06326812505722046,0.4155287444591522,0.6398131251335144,-0.0752127543091774,0.4718345105648041,0.6114379167556763,-0.03452485799789429,0.4815254807472229,0.5101820230484009,-0.05969424545764923,0.4851897656917572,0.4511827230453491,-0.0745958760380745,0.48456746339797974,0.4006054699420929,-0.08546291291713715,0.43394237756729126,0.6103585958480835,-0.03319954499602318,0.4348168671131134,0.5806223154067993,-0.07479976117610931,0.43101030588150024,0.6443732976913452,-0.08576425909996033,0.42798537015914917,0.6810680031776428,-0.08424288034439087,0.3985272943973541,0.6207568049430847,-0.03531215339899063,0.3965323567390442,0.608067512512207,-0.07464251667261124,0.40010687708854675,0.6677610278129578,-0.07090064883232117,0.40250056982040405,0.692163348197937,-0.05887353792786598,0.3647546172142029,0.6383668780326843,-0.04033861681818962,0.36906182765960693,0.6271235942840576,-0.06650853902101517,0.3771231770515442,0.6681162714958191,-0.06178843975067139,0.38165321946144104,0.6866698265075684,-0.05190679430961609
lead,0.3868202567100525,0.792843222618103,-2.849737867904878e-08,0.4340468645095825,0.7804070711135864,-0.03254413977265358,0.4644133150577545,0.7271806597709656,-0.04824554920196533,0.4474039077758789,0.672391951084137,-0.0613558255136013,0.41614437103271484,0.639179527759552,-0.07275000959634781,0.471214234828949,0.6098334789276123,-0.03467298671603203,0.4818829894065857,0.5088766813278198,-0.059192657470703125,0.4858141541481018,0.45022910833358765,-0.07414930313825607,0.48546499013900757,0.39983534812927246,-0.08522426337003708,0.43298664689064026,0.6099889278411865,-0.03376023471355438,0.4343792498111725,0.5805586576461792,-0.07447084784507751,0.4310992658138275,0.6420688033103943,-0.08595980703830719,0.4276925325393677,0.6788278818130493,-0.0853564515709877,0.397586464881897,0.6211429834365845,-0.03612909093499184,0.3958624005317688,0.6070669889450073,-0.07454221695661545,0.3998432755470276,0.6651551127433777,-0.07157344371080399,0.4015997648239136,0.6905825138092041,-0.06050372123718262,0.36394456028938293,0.6398653388023376,-0.04139774292707443,0.3670008182525635,0.6250569224357605,-0.06701523810625076,0.37580451369285583,0.6647300720214844,-0.06271065026521683,0.3805001676082611,0.6849948763847351,-0.053454410284757614
lead,0.3879440426826477,0.7934937477111816,-3.1400343658560814e-08,0.43458476662635803,0.7796666622161865,-0.03239060565829277,0.46460872888565063,0.7260297536849976,-0.04806627705693245,0.44765064120292664,0.6724323630332947,-0.06123209372162819,0.4163912832736969,0.6391940712928772,-0.07264882326126099,0.4716695547103882,0.6108106374740601,-0.034677475690841675,0.4823668301105499,0.5099551677703857,-0.05941550061106682,0.4861195683479309,0.4513964056968689,-0.0743103176355362,0.4855921268463135,0.40081700682640076,-0.08531465381383896,0.43292689323425293,0.6107000112533569,-0.03380235284566879,0.43367889523506165,0.5814976096153259,-0.0748663917183876,0.43066170811653137,0.6445345282554626,-0.08599861711263657,0.4279252886772156,0.6809871196746826,-0.08504427224397659,0.3972134292125702,0.6216834187507629,-0.03623437136411667,0.3944287598133087,0.6074032187461853,-0.07468056678771973,0.3986305594444275,0.6664201021194458,-0.07110849022865295,0.4011732339859009,0.691081166267395,-0.05964265763759613,0.36355945467948914,0.639887809753418,-0.04158340394496918,0.36644554138183594,0.6253845691680908,-0.06679414957761765,0.3752034902572632,0.6652354001998901,-0.06198528781533241,0.3803310990333557,0.6842874884605408,-0.05246984213590622
lead,0.38803550601005554,0.7940448522567749,-3.061191478082037e-08,0.43477699160575867,0.7805505394935608,-0.032515767961740494,0.4638300836086273,0.726410984992981,-0.048757653683423996,0.448894739151001,0.6708807945251465,-0.06261104345321655,0.418687641620636,0.6353224515914917,-0.07489699870347977,0.47188615798950195,0.6110699772834778,-0.03460157662630081,0.48191624879837036,0.5098276734352112,-0.05884512886404991,0.4859762489795685,0.4503287672996521,-0.07305475324392319,0.48534196615219116,0.39962559938430786,-0.08352962881326675,0.4338737726211548,0.6116544604301453,-0.03330286592245102,0.4341801702976227,0.5792667865753174,-0.07349404692649841,0.43067625164985657,0.6439571976661682,-0.08321379870176315,0.42766842246055603,0.6814680695533752,-0.08107642084360123,0.39839234948158264,0.6228111982345581,-0.035319823771715164,0.39576059579849243,0.6050792336463928,-0.07378226518630981,0.3998214602470398,0.6654346585273743,-0.06904961913824081,0.40190035104751587,0.6915260553359985,-0.056533120572566986,0.36426740884780884,0.6403966546058655,-0.04018404707312584,0.36726248264312744,0.622442901134491,-0.06620392948389053,0.376035213470459,0.6637845635414124,-0.06103123351931572,0.3808753490447998,0.684675395488739,-0.050956226885318756
lead,0.38671624660491943,0.7940994501113892,-2.9294044523453522e-08,0.4325370192527771,0.7808046340942383,-0.03264704346656799,0.4635714292526245,0.7273818850517273,-0.048276759684085846,0.44759008288383484,0.672776460647583,-0.06127029284834862,0.415694922208786,0.6421310901641846,-0.07237856835126877,0.4716646075248718,0.6114305257797241,-0.03423687443137169,0.48219770193099976,0.5095791220664978,-0.05842956528067589,0.48584580421447754,0.4510546028614044,-0.0725298523902893,0.4852493405342102,0.4006574749946594,-0.08294393867254257,0.433915913105011,0.6107745170593262,-0.033242300152778625,0.43550628423690796,0.5809900760650635,-0.07323240488767624,0.43201202154159546,0.6434793472290039,-0.08362515270709991,0.42883339524269104,0.6785385012626648,-0.08227591216564178,0.39860618114471436,0.6213060021400452,-0.035598788410425186,0.3975940942764282,0.6066679358482361,-0.07376400381326675,0.401294082403183,0.6659124493598938,-0.06997731328010559,0.402871310710907,0.6900794506072998,-0.05831313878297806,0.3647433817386627,0.6392115950584412,-0.040870778262615204,0.36898091435432434,0.6252973079681396,-0.06591590493917465,0.3772888779640198,0.6653388142585754,-0.0608161985874176,0.38102781772613525,0.6842573881149292,-0.05104593560099602
lead,0.3875059485435486,0.7947510480880737,-3.418436023139293e-08,0.4338146150112152,0.7808948159217834,-0.03208981081843376,0.4643630385398865,0.7273209095001221,-0.04814806208014488,0.44883498549461365,0.673999011516571,-0.06182554364204407,0.4181697368621826,0.6394277215003967,-0.07379214465618134,0.4722133278846741,0.6109705567359924,-0.034736573696136475,0.4826229214668274,0.509749710559845,-0.05977095291018486,0.48659461736679077,0.45114123821258545,-0.0749635249376297,0.48606017231941223,0.3999916911125183,-0.08626437187194824,0.43410524725914,0.6103447675704956,-0.03425344079732895,0.43540287017822266,0.5811310410499573,-0.07584399729967117,0.43142157793045044,0.6450653076171875,-0.08713667839765549,0.42743197083473206,0.6811707019805908,-0.0861949771642685,0.3985838294029236,0.6212438344955444,-0.03699987381696701,0.3966210186481476,0.6075672507286072,-0.0756833404302597,0.40007418394088745,0.6670095920562744,-0.071589894592762,0.4014754891395569,0.6912150979042053,-0.05977419391274452,0.36471331119537354,0.6392344832420349,-0.04266214743256569,0.3683871924877167,0.6265889406204224,-0.06812358647584915,0.37619704008102417,0.6673576831817627,-0.06300893425941467,0.3799358010292053,0.68575519323349,-0.05322704464197159
lead,0.386184424161911,0.7961776256561279,-2.3505910107246564e-08,0.43421363830566406,0.7809678316116333,-0.030922818928956985,0.4645468592643738,0.7275040149688721,-0.04678599536418915,0.4478336572647095,0.6739071011543274,-0.06073826178908348,0.4167676568031311,0.6390592455863953,-0.07318364083766937,0.47168147563934326,0.6125748753547668,-0.03275424987077713,0.482182115316391,0.5111309885978699,-0.05688462033867836,0.4863877594470978,0.4519321322441101,-0.07134042680263519,0.48587337136268616,0.40119391679763794,-0.08195075392723083,0.4331037998199463,0.6126202940940857,-0.03277783468365669,0.4353766143321991,0.5798867344856262,-0.07407279312610626,0.4321337640285492,0.642487108707428,-0.08565854281187057,0.4279262125492096,0.6810826659202576,-0.08460204303264618,0.39722704887390137,0.6238922476768494,-0.0358746163547039,0.39648106694221497,0.6070745587348938,-0.07450704276561737,0.400349885225296,0.6655216813087463,-0.07104738801717758,0.4013430178165436,0.6919434070587158,-0.05924701690673828,0.3631841838359833,0.641997218132019,-0.04166784882545471,0.36770325899124146,0.6241843104362488,-0.06684169173240662,0.3764762580394745,0.6636935472488403,-0.06165465712547302,0.3807777762413025,0.6841104626655579,-0.05161444470286369
lead,0.38766855001449585,0.794092059135437,-3.786520608173305e-08,0.4343089461326599,0.7796188592910767,-0.03283446654677391,0.46520835161209106,0.7258787155151367,-0.04811685532331467,0.4475676119327545,0.6732004284858704,-0.06057436019182205,0.41558241844177246,0.6409465670585632,-0.07109690457582474,0.4714891016483307,0.6102720499038696,-0.035463109612464905,0.4823575019836426,0.5083677768707275,-0.05964589864015579,0.4857158958911896,0.4503573179244995,-0.07380400598049164,0.4855259954929352,0.3994066119194031,-0.08423885703086853,0.4330529570579529,0.6103355884552002,-0.0345558263361454,0.4337736666202545,0.5810555219650269,-0.07430653274059296,0.4307345151901245,0.645022988319397,-0.08470401167869568,0.4283236563205719,0.6815018057823181,-0.08355925232172012,0.3973216414451599,0.6209526658058167,-0.03700203076004982,0.39560842514038086,0.6050794124603271,-0.07525099813938141,0.39963746070861816,0.6661630868911743,-0.07164959609508514,0.4016728103160858,0.6917544603347778,-0.060114484280347824,0.3634825646877289,0.6395531296730042,-0.04235582798719406,0.3669188916683197,0.6216472387313843,-0.0674295648932457,0.37636321783065796,0.662584125995636,-0.062196556478738785,0.3807353973388672,0.6839427351951599,-0.05235815420746803
lead,0.3891948461532593,0.7943868041038513,-4.104425244122467e-08,0.4339147210121155,0.7791703343391418,-0.031005609780550003,0.4639320969581604,0.7260618209838867,-0.046677254140377045,0.44775909185409546,0.6728524565696716,-0.06006923317909241,0.4158305525779724,0.641664981842041,-0.0716514065861702,0.47172811627388,0.6104093790054321,-0.034283168613910675,0.482099711894989,0.5095505714416504,-0.0591726116836071,0.4857655465602875,0.45157119631767273,-0.07336870580911636,0.4855577349662781,0.4013717770576477,-0.08382004499435425,0.43339553475379944,0.6098926067352295,-0.03443501517176628,0.43348079919815063,0.5824458599090576,-0.07434554398059845,0.42941519618034363,0.6470183730125427,-0.0835079625248909,0.42718642950057983,0.6801738739013672,-0.08151247352361679,0.3978465795516968,0.6211121678352356,-0.03793128952383995,0.3953368067741394,0.6100162863731384,-0.07563580572605133,0.3984506130218506,0.6700074672698975,-0.07032202929258347,0.4008435010910034,0.6911285519599915,-0.05804755538702011,0.36408841609954834,0.640079140663147,-0.044303543865680695,0.3668074607849121,0.629514217376709,-0.06813260912895203,0.3743078410625458,0.6701946258544922,-0.06175725907087326,0.3782433867454529,0.6864582300186157,-0.05148692429065704
lead,0.3881627023220062,0.7941724061965942,-3.5432371703336685e-08,0.4346604347229004,0.7804709672927856,-0.03231034427881241,0.4647563397884369,0.7275151014328003,-0.048332106322050095,0.44826439023017883,0.6741158962249756,-0.06192545220255852,0.41675302386283875,0.6419081687927246,-0.07389999181032181,0.47206905484199524,0.6108976006507874,-0.03475719317793846,0.4818640947341919,0.5105006694793701,-0.05924314260482788,0.4854706823825836,0.45212799310684204,-0.07388672232627869,0.48512762784957886,0.40176063776016235,-0.08482158929109573,0.43385788798332214,0.6108700633049011,-0.034100282937288284,0.4344724714756012,0.5805539488792419,-0.07479224354028702,0.43101516366004944,0.6441187262535095,-0.08554843813180923,0.4280783236026764,0.6809548139572144,-0.08433984965085983,0.39855408668518066,0.6223044395446777,-0.03671299293637276,0.396101713180542,0.6071422100067139,-0.07500673830509186,0.40044569969177246,0.6663560271263123,-0.07093442231416702,0.40292486548423767,0.6917110085487366,-0.05911167711019516,0.3648783266544342,0.6410708427429199,-0.042245056480169296,0.3678101897239685,0.6254790425300598,-0.06759556382894516,0.37661483883857727,0.6657498478889465,-0.06248558685183525,0.3816087245941162,0.6856103539466858,-0.05268631502985954
lead,0.38605788350105286,0.7946839332580566,-3.060889142147971e-08,0.43230944871902466,0.7820432186126709,-0.032275017350912094,0.46380555629730225,0.7291936874389648,-0.048536986112594604,0.44853541254997253,0.6745337843894958,-0.06255315989255905,0.41736334562301636,0.6386537551879883,-0.07503431290388107,0.471851110458374,0.6129480004310608,-0.034282319247722626,0.48232200741767883,0.511369526386261,-0.058924634009599686,0.48629000782966614,0.45248013734817505,-0.07374636083841324,0.48592498898506165,0.40166980028152466,-0.08467905968427658,0.43368038535118103,0.6116488575935364,-0.033422719687223434,0.4352734684944153,0.5816013216972351,-0.0752452164888382,0.4309658408164978,0.6446518301963806,-0.08693225681781769,0.4267352819442749,0.682549238204956,-0.086012102663517,0.39811742305755615,0.621989905834198,-0.03570600226521492,0.39675629138946533,0.6056795716285706,-0.0748840719461441,0.39982518553733826,0.6651413440704346,-0.07116328924894333,0.40101325511932373,0.6922711730003357,-0.05923573672771454,0.3640213906764984,0.6392856240272522,-0.040819600224494934,0.3679793179035187,0.6238628625869751,-0.06726965308189392,0.37625744938850403,0.6648768782615662,-0.0626281350851059,0.38100072741508484,0.6857231259346008,-0.05274476483464241
lead,0.38863468170166016,0.7949099540710449,-3.7420498699702875e-08,0.43523266911506653,0.7798259854316711,-0.0324382521212101,0.46397480368614197,0.7268542647361755,-0.04800445958971977,0.4469461441040039,0.6745060682296753,-0.061005838215351105,0.4160294830799103,0.6428880095481873,-0.07216046750545502,0.4719652533531189,0.612314760684967,-0.03505672514438629,0.4823971688747406,0.5103535056114197,-0.06020793318748474,0.48621848225593567,0.4512168765068054,-0.07551952451467514,0.48606353998184204,0.400208443403244,-0.08662179857492447,0.43390926718711853,0.6125707626342773,-0.03426848351955414,0.4342249035835266,0.5818864107131958,-0.07586930692195892,0.43022558093070984,0.644551157951355,-0.08739859610795975,0.4269375205039978,0.6829489469528198,-0.08640538156032562,0.39847898483276367,0.6230154037475586,-0.03682129085063934,0.39540764689445496,0.6076904535293579,-0.07536167651414871,0.398865669965744,0.6666298508644104,-0.0722622200846672,0.40105974674224854,0.6932209134101868,-0.06075963377952576,0.36514198780059814,0.6409944295883179,-0.04233931377530098,0.3670122027397156,0.625034749507904,-0.06723056733608246,0.37534359097480774,0.6645748019218445,-0.0625152736902237,0.3800289034843445,0.6854220628738403,-0.052907511591911316
lead,0.3885003328323364,0.795743465423584,-3.629922318282297e-08,0.4347768723964691,0.7807457447052002,-0.03167122229933739,0.4642047882080078,0.7266063690185547,-0.04703298583626747,0.44866400957107544,0.6744081974029541,-0.05996328592300415,0.4174703359603882,0.6424803137779236,-0.0711527168750763,0.47203490138053894,0.6119531989097595,-0.034797195345163345,0.4823814928531647,0.5108004808425903,-0.05949356406927109,0.48601746559143066,0.45240578055381775,-0.07385090738534927,0.4855990409851074,0.4018145799636841,-0.08439666777849197,0.4338076412677765,0.6126692891120911,-0.03439599275588989,0.43435779213905334,0.581540584564209,-0.0746854618191719,0.43122196197509766,0.6459940671920776,-0.08464730530977249,0.4288989305496216,0.6812012195587158,-0.0829862728714943,0.39824625849723816,0.6238892078399658,-0.037292953580617905,0.39519038796424866,0.6083148121833801,-0.07564309239387512,0.39967119693756104,0.669019877910614,-0.07119373232126236,0.4023802578449249,0.6930747628211975,-0.059077925980091095,0.3642849326133728,0.642149806022644,-0.043032754212617874,0.36702629923820496,0.6271227598190308,-0.06790788471698761,0.37596359848976135,0.6680845022201538,-0.06224597617983818,0.38039547204971313,0.6869683861732483,-0.05219166353344917
lead,0.3872254192829132,0.794405460357666,-3.074519838719425e-08,0.4339199662208557,0.7811117172241211,-0.03202279284596443,0.4647090435028076,0.7291365265846252,-0.04835839569568634,0.44754454493522644,0.6759651899337769,-0.06231529638171196,0.41516345739364624,0.6443666219711304,-0.07468266785144806,0.47194504737854004,0.6119536757469177,-0.03533552587032318,0.48236262798309326,0.5111013650894165,-0.06030358746647835,0.48608458042144775,0.45264798402786255,-0.07547973096370697,0.4858032464981079,0.4018650949001312,-0.08679140359163284,0.43371355533599854,0.6118122339248657,-0.03532378003001213,0.4356948435306549,0.5822797417640686,-0.07641969621181488,0.4319804012775421,0.644532322883606,-0.08790024369955063,0.4282166659832001,0.6799120306968689,-0.08735037595033646,0.39825037121772766,0.6235249042510986,-0.03847022354602814,0.3973241150379181,0.609142541885376,-0.07660823315382004,0.4011095464229584,0.6671648025512695,-0.07278801500797272,0.40249350666999817,0.6909193396568298,-0.06137039139866829,0.3645005226135254,0.6428132057189941,-0.044530220329761505,0.3686475455760956,0.628217339515686,-0.06915467232465744,0.37730371952056885,0.6674412488937378,-0.06363370269536972,0.381327748298645,0.6861966252326965,-0.053777020424604416
lead,0.38751599192619324,0.7955499887466431,-2.329260517797138e-08,0.4348173141479492,0.7826347351074219,-0.032267145812511444,0.46636122465133667,0.7300886511802673,-0.04828270152211189,0.44931137561798096,0.6765781044960022,-0.06172090023756027,0.4172595739364624,0.6425080299377441,-0.07332096993923187,0.47261303663253784,0.6145191788673401,-0.03503785654902458,0.48309051990509033,0.5124703645706177,-0.06032608821988106,0.48702019453048706,0.4533293545246124,-0.07502371817827225,0.48651134967803955,0.4017934203147888,-0.08579065650701523,0.4343279004096985,0.6124848127365112,-0.0346815399825573,0.43685832619667053,0.5819683074951172,-0.07569333910942078,0.43288230895996094,0.6451722383499146,-0.08629234880208969,0.4288695752620697,0.6806188821792603,-0.08492106199264526,0.398689329624176,0.6226823925971985,-0.037658993154764175,0.3981609642505646,0.6102873086929321,-0.0764077827334404,0.4011377990245819,0.6695933938026428,-0.07233287394046783,0.40216559171676636,0.6921268701553345,-0.0604998953640461,0.3648335337638855,0.6405662298202515,-0.04349299147725105,0.3694532513618469,0.6296743154525757,-0.06845732033252716,0.37697240710258484,0.6697610020637512,-0.06303737312555313,0.38002461194992065,0.6861728429794312,-0.05318191647529602
lead,0.38777291774749756,0.7933259010314941,-2.7906750688089232e-08,0.43453559279441833,0.7800523042678833,-0.032791316509246826,0.4653080701828003,0.7263465523719788,-0.048520278185606,0.44979777932167053,0.6736491322517395,-0.061793357133865356,0.41641831398010254,0.6415731310844421,-0.07346225529909134,0.47176292538642883,0.6117810010910034,-0.035209715366363525,0.4819878339767456,0.5095909237861633,-0.05967315658926964,0.4857123792171478,0.451306015253067,-0.07454852014780045,0.48532605171203613,0.4002000689506531,-0.08547437936067581,0.43355217576026917,0.6112900972366333,-0.03433721140027046,0.43505746126174927,0.5817593932151794,-0.07617902755737305,0.4316554069519043,0.6445469856262207,-0.08845698088407516,0.4276869297027588,0.6828661561012268,-0.08790411055088043,0.39814791083335876,0.6211272478103638,-0.03664087876677513,0.39572107791900635,0.6058457493782043,-0.07574808597564697,0.39983466267585754,0.6656460165977478,-0.0733853206038475,0.40165820717811584,0.6933718919754028,-0.06221018731594086,0.36490505933761597,0.6383079886436462,-0.041851289570331573,0.3669808804988861,0.6220995783805847,-0.0678100511431694,0.3763967752456665,0.6627692580223083,-0.06371240317821503,0.3818160891532898,0.6857591867446899,-0.054313670843839645
lead,0.3888852596282959,0.793153703212738,-2.7665294055623235e-08,0.4342682957649231,0.7794198393821716,-0.031083831563591957,0.4646756649017334,0.7272229194641113,-0.047263868153095245,0.4486386477947235,0.6740383505821228,-0.06137418374419212,0.41730815172195435,0.6399280428886414,-0.0738290399312973,0.47148579359054565,0.6102736592292786,-0.03424243628978729,0.48246318101882935,0.5097220540046692,-0.058781225234270096,0.4862981140613556,0.4517505168914795,-0.0729946717619896,0.4858109951019287,0.4013839662075043,-0.08349324762821198,0.4331316351890564,0.6094711422920227,-0.03409672901034355,0.4337809383869171,0.58174729347229,-0.07461699843406677,0.4302143454551697,0.645616352558136,-0.08476836234331131,0.4276820719242096,0.6805595755577087,-0.08328598737716675,0.39759284257888794,0.6202957630157471,-0.03708529844880104,0.3948867917060852,0.608140230178833,-0.07549739629030228,0.3987923264503479,0.6681362390518188,-0.07082916796207428,0.4014074206352234,0.692181408405304,-0.058703385293483734,0.36384958028793335,0.6383373141288757,-0.042831599712371826,0.36697304248809814,0.6259697675704956,-0.06801881641149521,0.37536096572875977,0.6672372221946716,-0.062383659183979034,0.3803529441356659,0.6861177682876587,-0.0522238053381443
lead,0.38644516468048096,0.7936396598815918,-3.954763627689317e-08,0.43361595273017883,0.780785322189331,-0.031879253685474396,0.46410155296325684,0.7276396751403809,-0.04721320420503616,0.4480648338794708,0.6741500496864319,-0.06008927524089813,0.4162796139717102,0.6404354572296143,-0.07132294774055481,0.47118648886680603,0.6109217405319214,-0.03422868996858597,0.4816265404224396,0.5094751119613647,-0.0586397647857666,0.48557496070861816,0.45113688707351685,-0.07322891801595688,0.48543158173561096,0.40064868330955505,-0.08394191414117813,0.4330693483352661,0.6109556555747986,-0.03352535143494606,0.4343775808811188,0.5809834599494934,-0.07407693564891815,0.43075111508369446,0.6447222828865051,-0.08490275591611862,0.4272495210170746,0.6821122765541077,-0.08366440236568451,0.39753344655036926,0.6217209100723267,-0.03608329966664314,0.3958880305290222,0.6063393950462341,-0.07450054585933685,0.39960116147994995,0.6666236519813538,-0.07071807980537415,0.4013540744781494,0.6925294399261475,-0.058918297290802,0.36374974250793457,0.6399544477462769,-0.041461966931819916,0.3675030767917633,0.6243149042129517,-0.0669071301817894,0.3764594793319702,0.6654977202415466,-0.061776041984558105,0.3810122609138489,0.6860637664794922,-0.05180150270462036
lead,0.38898542523384094,0.7936148047447205,-3.0555476371318946e-08,0.4344460964202881,0.7792784571647644,-0.031758613884449005,0.46361950039863586,0.7261846661567688,-0.04810163751244545,0.4478629231452942,0.6729415655136108,-0.06229269504547119,0.4167693853378296,0.6388693451881409,-0.0749150738120079,0.47128450870513916,0.609991729259491,-0.034197092056274414,0.48124557733535767,0.5094374418258667,-0.058739662170410156,0.4852610230445862,0.45096850395202637,-0.07362642139196396,0.4851064383983612,0.4007040858268738,-0.08459940552711487,0.433318555355072,0.6096749901771545,-0.03379644453525543,0.4344872832298279,0.580152153968811,-0.07542889565229416,0.4304993748664856,0.6434410810470581,-0.08699595183134079,0.4264441132545471,0.6821027994155884,-0.08604545146226883,0.3978704512119293,0.6206048130989075,-0.03651677444577217,0.3961489498615265,0.6058221459388733,-0.07507932186126709,0.3995245695114136,0.6647419929504395,-0.07136113196611404,0.4006916880607605,0.6916587352752686,-0.05959031358361244,0.36420804262161255,0.6387178301811218,-0.0420844592154026,0.36743152141571045,0.6230223774909973,-0.06740767508745193,0.37580156326293945,0.6634129881858826,-0.06237240880727768,0.3802582621574402,0.684532880783081,-0.05249235779047012
lead,0.38495203852653503,0.7921339273452759,-3.1556755430983685e-08,0.43173637986183167,0.7790040969848633,-0.03138725459575653,0.46288731694221497,0.7272891998291016,-0.04709925875067711,0.44662630558013916,0.6744123101234436,-0.06070157140493393,0.4150438606739044,0.641501247882843,-0.07266916334629059,0.47077056765556335,0.610927164554596,-0.03332660347223282,0.4816129207611084,0.509297788143158,-0.057684700936079025,0.48553702235221863,0.4510748088359833,-0.07215946167707443,0.48527640104293823,0.40079012513160706,-0.08283696323633194,0.43292129039764404,0.6096619963645935,-0.03269104287028313,0.43308690190315247,0.580946147441864,-0.07365977764129639,0.4297824501991272,0.6444770693778992,-0.08457666635513306,0.4274129271507263,0.6812317371368408,-0.08333306759595871,0.3974856436252594,0.6196208000183105,-0.03525460511445999,0.3950665593147278,0.6057743430137634,-0.07384288311004639,0.39907190203666687,0.6658213138580322,-0.06990141421556473,0.4019024968147278,0.6920000910758972,-0.0579645149409771,0.36333438754081726,0.6368970274925232,-0.04062952473759651,0.3667360246181488,0.6236473321914673,-0.06659185141324997,0.3755958080291748,0.6652562618255615,-0.06185847893357277,0.3812083601951599,0.6860507130622864,-0.05198318883776665
lead,0.38851460814476013,0.794548511505127,-2.344155980438245e-08,0.4338073134422302,0.7796988487243652,-0.03275918960571289,0.4627010226249695,0.7274160981178284,-0.04970072954893112,0.446890652179718,0.6740882396697998,-0.06419960409402847,0.41602060198783875,0.637473464012146,-0.07688326388597488,0.47123682498931885,0.6118897199630737,-0.03590637445449829,0.481675386428833,0.5098117589950562,-0.06169088929891586,0.48544225096702576,0.450775146484375,-0.07690395414829254,0.4848583936691284,0.40006986260414124,-0.08787988871335983,0.4328906834125519,0.612625002861023,-0.0353660024702549,0.4335121214389801,0.5808802247047424,-0.07702594995498657,0.42983031272888184,0.6444868445396423,-0.08793201297521591,0.42725861072540283,0.6805822253227234,-0.08665069192647934,0.397174209356308,0.6239331364631653,-0.0382140688598156,0.39407360553741455,0.6080475449562073,-0.07759180665016174,0.3977954685688019,0.6679872870445251,-0.07347841560840607,0.40076884627342224,0.692420482635498,-0.06140253692865372,0.36378124356269836,0.642665684223175,-0.04396561160683632,0.36590367555618286,0.6264445185661316,-0.06984353065490723,0.37454336881637573,0.6673738956451416,-0.06446900218725204,0.3800344169139862,0.6871444582939148,-0.054354410618543625
lead,0.3867793679237366,0.7944557070732117,-3.0112950355487555e-08,0.43310752511024475,0.7799384593963623,-0.03131988272070885,0.4622112214565277,0.7266807556152344,-0.0474889799952507,0.4462920129299164,0.6735292673110962,-0.06152823567390442,0.415956974029541,0.6393414735794067,-0.07401042431592941,0.4704136848449707,0.6124745011329651,-0.03446807712316513,0.48074376583099365,0.5109666585922241,-0.05923135578632355,0.4847949147224426,0.4521772861480713,-0.07409334182739258,0.4846068024635315,0.4019129276275635,-0.08511968702077866,0.4324585497379303,0.6129061579704285,-0.03429759666323662,0.4332851469516754,0.581497311592102,-0.07529306411743164,0.4299655854701996,0.6443343162536621,-0.0861523300409317,0.42691275477409363,0.6806105375289917,-0.08512529730796814,0.39698782563209534,0.624625563621521,-0.037266843020915985,0.3946249186992645,0.6085111498832703,-0.07553280889987946,0.39825060963630676,0.6666863560676575,-0.07106637209653854,0.39969074726104736,0.6912750005722046,-0.059153586626052856,0.362949013710022,0.6432651281356812,-0.043045271188020706,0.36630189418792725,0.6269773840904236,-0.06819124519824982,0.37433573603630066,0.6668679118156433,-0.06260441243648529,0.378089964389801,0.6861194372177124,-0.05258544906973839
lead,0.3869823217391968,0.7942725419998169,-3.290183059334595e-08,0.4324827492237091,0.781051754951477,-0.032266922295093536,0.4633997082710266,0.7286504507064819,-0.04802282527089119,0.4467706084251404,0.67523592710495,-0.061255961656570435,0.41514796018600464,0.6417502760887146,-0.0727212131023407,0.47051432728767395,0.6111206412315369,-0.03470833972096443,0.4810361862182617,0.5097273588180542,-0.05927277356386185,0.4844452142715454,0.45170116424560547,-0.07382043451070786,0.48417893052101135,0.4008525609970093,-0.08452311158180237,0.43284034729003906,0.6105934977531433,-0.03417874500155449,0.4347764253616333,0.5808125734329224,-0.07454360276460648,0.4306778013706207,0.6434122323989868,-0.08554660528898239,0.42760947346687317,0.6789317727088928,-0.08466599136590958,0.3974575698375702,0.6211255788803101,-0.03688665106892586,0.3961722254753113,0.606128990650177,-0.07556115835905075,0.39955946803092957,0.6663468480110168,-0.0718507394194603,0.401611864566803,0.6915532946586609,-0.06017933040857315,0.36349356174468994,0.6391353011131287,-0.04243999347090721,0.3669767677783966,0.6232254505157471,-0.06814160197973251,0.3757884204387665,0.6646974682807922,-0.06286221742630005,0.3804451823234558,0.6856092810630798,-0.052785713225603104
lead,0.384907990694046,0.7962116003036499,-2.2130512533635738e-08,0.4314044415950775,0.7823525071144104,-0.031698375940322876,0.4636054039001465,0.7283591628074646,-0.04762623831629753,0.44758880138397217,0.6734882593154907,-0.06145826727151871,0.41446924209594727,0.6394047737121582,-0.0738629549741745,0.47081249952316284,0.6138321757316589,-0.033406954258680344,0.48100683093070984,0.511410653591156,-0.05757555365562439,0.4846487045288086,0.45219364762306213,-0.0719871073961258,0.48374614119529724,0.40106433629989624,-0.08269134163856506,0.43215885758399963,0.6128696203231812,-0.03295808658003807,0.43393445014953613,0.5803062319755554,-0.07444320619106293,0.4311787486076355,0.643650472164154,-0.08592101186513901,0.427981972694397,0.6813069581985474,-0.08483695238828659,0.3965164124965668,0.6234664916992188,-0.03560222312808037,0.3941989243030548,0.606524646282196,-0.07449044287204742,0.39835667610168457,0.6658534407615662,-0.07067692279815674,0.4003133475780487,0.6922357678413391,-0.058730944991111755,0.3623751997947693,0.6407671570777893,-0.04102706164121628,0.3656792640686035,0.6239158511161804,-0.06683159619569778,0.37451672554016113,0.6648566722869873,-0.061641376465559006,0.3795942962169647,0.6859393119812012,-0.05155590549111366
lead,0.387279748916626,0.7931582927703857,-2.322120096209801e-08,0.4342414140701294,0.7794085741043091,-0.03224799036979675,0.46439528465270996,0.7262841463088989,-0.04877694696187973,0.44716525077819824,0.6727972030639648,-0.06310572475194931,0.41413965821266174,0.6417331695556641,-0.07597731053829193,0.4704756736755371,0.6100451350212097,-0.03572184219956398,0.4807305932044983,0.5092278718948364,-0.0605987124145031,0.48456770181655884,0.4509601593017578,-0.07598335295915604,0.4843209385871887,0.40047550201416016,-0.08753053843975067,0.43231847882270813,0.6109226942062378,-0.035430748015642166,0.43307268619537354,0.5810742378234863,-0.07739778608083725,0.4303082525730133,0.6433026194572449,-0.08965587615966797,0.42728498578071594,0.6807970404624939,-0.08945789933204651,0.39729782938957214,0.6231148838996887,-0.038205016404390335,0.39461636543273926,0.6072061061859131,-0.0767001360654831,0.39956796169281006,0.6649459600448608,-0.07361309230327606,0.402089387178421,0.6917769312858582,-0.06251364201307297,0.36424222588539124,0.6427635550498962,-0.04392848163843155,0.3665321171283722,0.6264218688011169,-0.06938610970973969,0.3759731352329254,0.6652957797050476,-0.06503211706876755,0.3817201256752014,0.6864830851554871,-0.05585383623838425
lead,0.3872026205062866,0.79288250207901,-2.599602488828623e-08,0.4327029287815094,0.7807212471961975,-0.03264141455292702,0.4644600450992584,0.7281457781791687,-0.048937179148197174,0.44846978783607483,0.674106240272522,-0.0628739595413208,0.4161822497844696,0.6392348408699036,-0.07518777996301651,0.4715205430984497,0.6109882593154907,-0.03480103984475136,0.481847882270813,0.5092806816101074,-0.05939622223377228,0.4854297637939453,0.4511941075325012,-0.07393316924571991,0.48477184772491455,0.40068089962005615,-0.08470731228590012,0.43340861797332764,0.6097915768623352,-0.033800382167100906,0.43443065881729126,0.5811547636985779,-0.07570231705904007,0.4311429560184479,0.6448273658752441,-0.08724507689476013,0.42812398076057434,0.68116694688797,-0.08630182594060898,0.39804238080978394,0.6200112104415894,-0.03597797453403473,0.39502373337745667,0.6057805418968201,-0.07542244344949722,0.39899712800979614,0.6658393740653992,-0.0717787817120552,0.40137091279029846,0.6916432976722717,-0.059955112636089325,0.36426231265068054,0.6371793746948242,-0.04100170359015465,0.3667546808719635,0.6235292553901672,-0.0675223097205162,0.37538084387779236,0.6653355956077576,-0.0628608986735344,0.3806682229042053,0.6858125329017639,-0.053031034767627716
lead,0.38757267594337463,0.7932482957839966,-2.289501388474946e-08,0.4336409568786621,0.7805721759796143,-0.03165176883339882,0.4651726484298706,0.7276100516319275,-0.04801863804459572,0.449608713388443,0.6735424995422363,-0.062360722571611404,0.41732752323150635,0.6395638585090637,-0.07518179714679718,0.47101297974586487,0.6095179915428162,-0.03403007984161377,0.4812426269054413,0.5092960000038147,-0.05835631117224693,0.4854227304458618,0.4512142241001129,-0.07280632853507996,0.48501306772232056,0.4011315107345581,-0.08352941274642944,0.43257659673690796,0.6095260977745056,-0.033609677106142044,0.4346451759338379,0.5807657837867737,-0.07522330433130264,0.43140721321105957,0.6443019509315491,-0.08662678301334381,0.42755329608917236,0.6813305020332336,-0.08553548902273178,0.397279292345047,0.6210968494415283,-0.03625457361340523,0.39631447196006775,0.608021080493927,-0.07514570653438568,0.4006670415401459,0.6669953465461731,-0.07152684777975082,0.40233105421066284,0.6925826668739319,-0.0597415529191494,0.3639853298664093,0.6394062042236328,-0.04166703671216965,0.3687922954559326,0.6259019374847412,-0.06736865639686584,0.3777347207069397,0.6655904650688171,-0.06263325363397598,0.3827667832374573,0.6848373413085938,-0.052908603101968765
lead,0.38860568404197693,0.7913541793823242,-1.8738658624783966e-08,0.4337386190891266,0.7799832224845886,-0.032642461359500885,0.4639247953891754,0.7284239530563354,-0.05012216046452522,0.44788816571235657,0.6737602949142456,-0.06542299687862396,0.4164278507232666,0.6396104097366333,-0.07920663058757782,0.47132250666618347,0.6100314855575562,-0.0365026630461216,0.4814442992210388,0.5090564489364624,-0.06197139993309975,0.4850853681564331,0.45077842473983765,-0.07706068456172943,0.48438718914985657,0.40050026774406433,-0.08824750781059265,0.43295085430145264,0.6094029545783997,-0.035960208624601364,0.43321895599365234,0.5810155868530273,-0.07840472459793091,0.4305521845817566,0.6442843675613403,-0.08973945677280426,0.42806941270828247,0.6805418729782104,-0.08879471570253372,0.39766061305999756,0.6202888488769531,-0.038575273007154465,0.3939480483531952,0.6070050597190857,-0.07795074582099915,0.3982195258140564,0.666038453578949,-0.07355497777462006,0.40083208680152893,0.6915631890296936,-0.06144150719046593,0.3641525208950043,0.6381365656852722,-0.044125981628894806,0.3660352826118469,0.6241403818130493,-0.07015916705131531,0.3740027844905853,0.6650179624557495,-0.06508646160364151,0.37899014353752136,0.684935450553894,-0.05521339550614357
lead,0.3890758156776428,0.7925541996955872,-1.9379896798454865e-08,0.4331813156604767,0.7793620824813843,-0.03328317403793335,0.4649530053138733,0.7274365425109863,-0.050083596259355545,0.4479755461215973,0.6737654209136963,-0.06432857364416122,0.41522616147994995,0.6389709115028381,-0.07691153138875961,0.471650093793869,0.6099652647972107,-0.035429708659648895,0.48138710856437683,0.5094435811042786,-0.060379672795534134,0.48504889011383057,0.4511968493461609,-0.07510517537593842,0.4845392405986786,0.4003359079360962,-0.08598170429468155,0.4338948428630829,0.6092206835746765,-0.034309759736061096,0.43500372767448425,0.5798832774162292,-0.07589130848646164,0.43156394362449646,0.6439282894134521,-0.08709652721881866,0.4288647472858429,0.680152952671051,-0.08589186519384384,0.3988439440727234,0.6201162934303284,-0.03646254539489746,0.3964134156703949,0.606084406375885,-0.07585905492305756,0.40043511986732483,0.6661198735237122,-0.07213171571493149,0.4031122028827667,0.6912232637405396,-0.06017700582742691,0.36536359786987305,0.6379712820053101,-0.04150354117155075,0.36865687370300293,0.6238613128662109,-0.06795962154865265,0.3773941397666931,0.6647372841835022,-0.06323686242103577,0.3827754557132721,0.684026837348938,-0.05334506183862686
lead,0.3877400755882263,0.7915218472480774,-2.0155692226353494e-08,0.43402382731437683,0.7781313061714172,-0.03133982792496681,0.4645693004131317,0.7259423732757568,-0.047442592680454254,0.4472709000110626,0.6733275651931763,-0.06128910556435585,0.4141364097595215,0.6418876647949219,-0.07354776561260223,0.4709266424179077,0.6106918454170227,-0.03520011901855469,0.48151764273643494,0.5086479783058167,-0.06012463569641113,0.4855544865131378,0.45033755898475647,-0.0748491957783699,0.4851696789264679,0.39959457516670227,-0.08570263534784317,0.4322924017906189,0.6094654202461243,-0.03519165888428688,0.4337840974330902,0.5813259482383728,-0.0764859989285469,0.4303155541419983,0.6446219682693481,-0.08738960325717926,0.42683422565460205,0.6804569959640503,-0.08623193204402924,0.3964815139770508,0.6200041174888611,-0.03827523812651634,0.39497482776641846,0.6082686185836792,-0.07672110944986343,0.39889755845069885,0.6670984029769897,-0.07263979315757751,0.40081751346588135,0.6904861927032471,-0.060827773064374924,0.36283478140830994,0.6381136775016785,-0.04413573443889618,0.367015540599823,0.6251394152641296,-0.06874533742666245,0.375582754611969,0.6651254892349243,-0.0629902109503746,0.38000938296318054,0.6836404204368591,-0.05283337086439133
lead,0.38827764987945557,0.7923747301101685,-3.223825473241959e-08,0.43282946944236755,0.778977632522583,-0.03195216879248619,0.4628918170928955,0.7269662618637085,-0.048634082078933716,0.4478312134742737,0.6734738349914551,-0.06311459094285965,0.4165252447128296,0.6380616426467896,-0.07598711550235748,0.4714186489582062,0.6106460094451904,-0.035201698541641235,0.48129647970199585,0.5093740224838257,-0.060601603239774704,0.4849189817905426,0.4509544372558594,-0.07568655908107758,0.48438310623168945,0.400138258934021,-0.08670210093259811,0.4337093234062195,0.6094696521759033,-0.03466425836086273,0.4336189031600952,0.5803072452545166,-0.07688608020544052,0.42953217029571533,0.644271194934845,-0.08808495104312897,0.4264720380306244,0.6818097233772278,-0.0867605060338974,0.3983686864376068,0.6197034120559692,-0.03728460520505905,0.3954569101333618,0.6058064103126526,-0.07639584690332413,0.39890894293785095,0.6656361222267151,-0.0719825029373169,0.4013853967189789,0.6916297078132629,-0.05961719527840614,0.36473938822746277,0.6370357871055603,-0.04275888577103615,0.3676077425479889,0.6236555576324463,-0.06850113719701767,0.37554633617401123,0.6647114753723145,-0.06321822851896286,0.3805575668811798,0.6843697428703308,-0.05299737676978111
lead,0.3885231912136078,0.7921485304832458,-3.215651034338407e-08,0.4335097074508667,0.7780144214630127,-0.03214406967163086,0.46331238746643066,0.7251372933387756,-0.04787764325737953,0.4466564655303955,0.6720708608627319,-0.06116253510117531,0.41391482949256897,0.6401368975639343,-0.07272160053253174,0.4708191752433777,0.6097410321235657,-0.03483464568853378,0.48088839650154114,0.5080763697624207,-0.05948207154870033,0.4845731854438782,0.449951171875,-0.07431427389383316,0.48433610796928406,0.399506151676178,-0.08520970493555069,0.43295833468437195,0.6100677847862244,-0.0342121496796608,0.43321526050567627,0.5808349847793579,-0.07559363543987274,0.42979609966278076,0.6438447833061218,-0.08712615072727203,0.4268319606781006,0.6817194223403931,-0.08621770143508911,0.3976615369319916,0.620981752872467,-0.03678296133875847,0.39487963914871216,0.60671466588974,-0.07564011216163635,0.39909839630126953,0.6662526726722717,-0.07255300879478455,0.40149036049842834,0.6927686929702759,-0.0610492080450058,0.36450016498565674,0.6394782066345215,-0.042191796004772186,0.3668634593486786,0.6244801878929138,-0.06785079836845398,0.37572982907295227,0.664944589138031,-0.06318069994449615,0.3807486891746521,0.6860271096229553,-0.053440723568201065
lead,0.3876726031303406,0.7913869023323059,-3.304210238752603e-08,0.43280163407325745,0.7782413363456726,-0.03222016245126724,0.4625275731086731,0.7261044979095459,-0.04839571937918663,0.4475780427455902,0.6731641292572021,-0.062138110399246216,0.4160909056663513,0.6402073502540588,-0.07416917383670807,0.4711100161075592,0.6098484396934509,-0.03529168665409088,0.4811199903488159,0.5087974667549133,-0.060212813317775726,0.4847721755504608,0.45070695877075195,-0.07486151158809662,0.4842971861362457,0.4006853699684143,-0.08565931022167206,0.4333747625350952,0.6085630059242249,-0.03441173955798149,0.4330182671546936,0.5808903574943542,-0.07531491667032242,0.4287456274032593,0.6447188854217529,-0.08561616390943527,0.4260425567626953,0.6804016828536987,-0.0841028243303299,0.3979851305484772,0.6187454462051392,-0.036843959242105484,0.39481252431869507,0.606915295124054,-0.07526087760925293,0.3985251188278198,0.666576623916626,-0.07099231332540512,0.40152430534362793,0.690932035446167,-0.05908763408660889,0.3643234372138977,0.636264443397522,-0.042189646512269974,0.36640235781669617,0.625492513179779,-0.06766317039728165,0.37453484535217285,0.6661483645439148,-0.0628080666065216,0.3798335790634155,0.6846290826797485,-0.05314811319112778
lead,0.3889555335044861,0.7928107380867004,-3.9951558505890716e-08,0.4343445599079132,0.7783547043800354,-0.03114624135196209,0.4642261266708374,0.7256832718849182,-0.04672503098845482,0.4465058445930481,0.6737487316131592,-0.06010071560740471,0.4142799377441406,0.6410889029502869,-0.07187282294034958,0.47117698192596436,0.6106927990913391,-0.03392929956316948,0.48127153515815735,0.5096918344497681,-0.05894286558032036,0.4849390387535095,0.45148319005966187,-0.07408669590950012,0.48473742604255676,0.4012433886528015,-0.08523080497980118,0.4332827031612396,0.6110990047454834,-0.03379429504275322,0.4325379729270935,0.5809081792831421,-0.07546861469745636,0.4286627173423767,0.6447571516036987,-0.08691323548555374,0.4263293147087097,0.6826471090316772,-0.08598457276821136,0.39803647994995117,0.6224769353866577,-0.03683329001069069,0.39396020770072937,0.6070693135261536,-0.07562914490699768,0.3978218138217926,0.6663730144500732,-0.07192950695753098,0.40100836753845215,0.6925303339958191,-0.06017445772886276,0.3643634617328644,0.6411631107330322,-0.04264731705188751,0.365386426448822,0.6259617805480957,-0.06821717321872711,0.3738783597946167,0.6661969423294067,-0.06322965770959854,0.3796032667160034,0.6861238479614258,-0.05337797850370407
lead,0.38731586933135986,0.7930806875228882,-2.3829020534549272e-08,0.4332015812397003,0.7796646356582642,-0.03127395734190941,0.46386417746543884,0.7268527150154114,-0.047492582350969315,0.44834962487220764,0.6737561225891113,-0.06162068620324135,0.41610968112945557,0.6416018605232239,-0.07426293194293976,0.470572292804718,0.6096808910369873,-0.034843459725379944,0.4809122383594513,0.5085502862930298,-0.05955014005303383,0.4849933385848999,0.45045411586761475,-0.07402878254652023,0.48464202880859375,0.40005385875701904,-0.08488157391548157,0.43293190002441406,0.6097626090049744,-0.03471318259835243,0.4335912764072418,0.5817917585372925,-0.07531643658876419,0.42984461784362793,0.6467416286468506,-0.0851566344499588,0.42706403136253357,0.6805337071418762,-0.08351102471351624,0.39784422516822815,0.6215301752090454,-0.03777603432536125,0.39525356888771057,0.6083275079727173,-0.07569251209497452,0.39961934089660645,0.6682183146476746,-0.07050389796495438,0.40246492624282837,0.6913405060768127,-0.05832850933074951,0.36393019556999207,0.6402230262756348,-0.04373764619231224,0.3669257164001465,0.6291324496269226,-0.06886717677116394,0.37583526968955994,0.6702563166618347,-0.06329581886529922,0.38118457794189453,0.6881507635116577,-0.053351834416389465
lead,0.38691246509552,0.7923859357833862,-1.3038174095925115e-08,0.43305325508117676,0.7796951532363892,-0.03177061304450035,0.46450015902519226,0.7280575633049011,-0.04865919053554535,0.4481476843357086,0.6738554239273071,-0.0636838898062706,0.4161214232444763,0.6393792629241943,-0.07733654975891113,0.47118911147117615,0.6103629469871521,-0.03411766141653061,0.48087215423583984,0.5091603994369507,-0.05879869684576988,0.48486560583114624,0.4505256414413452,-0.07338719815015793,0.4844072461128235,0.40056130290031433,-0.08402539044618607,0.4325125217437744,0.6099408268928528,-0.03363804519176483,0.43320485949516296,0.579944372177124,-0.07650087773799896,0.43031126260757446,0.6428131461143494,-0.0885547548532486,0.42722249031066895,0.6817436814308167,-0.08741340786218643,0.39698007702827454,0.6210067272186279,-0.036166802048683167,0.39412036538124084,0.6077670454978943,-0.07598698139190674,0.39810121059417725,0.6663599014282227,-0.07264111191034317,0.4002718925476074,0.6935344934463501,-0.06055968254804611,0.3632814884185791,0.6385670304298401,-0.041408490389585495,0.36649948358535767,0.6244534254074097,-0.06774406880140305,0.37484773993492126,0.6650046110153198,-0.06311757862567902,0.38048267364501953,0.6855381727218628,-0.053101833909749985
lead,0.3878239691257477,0.7910827398300171,-3.205160936659013e-08,0.4343513548374176,0.7771265506744385,-0.03171806037425995,0.4643307328224182,0.7238979339599609,-0.047224316745996475,0.4484560489654541,0.6713168025016785,-0.06041302531957626,0.4168302118778229,0.6380640268325806,-0.07197432219982147,0.47075533866882324,0.6079642176628113,-0.03414035588502884,0.48088473081588745,0.5075559616088867,-0.05864756181836128,0.484488308429718,0.4495958983898163,-0.07347099483013153,0.48408663272857666,0.39901432394981384,-0.08437925577163696,0.4327467978000641,0.6083173155784607,-0.03378383070230484,0.4333653450012207,0.5785102844238281,-0.07474726438522339,0.4305030405521393,0.6412150263786316,-0.08633694052696228,0.4276256561279297,0.6790520548820496,-0.08559511601924896,0.3972198963165283,0.6199317574501038,-0.03658127784729004,0.3949011564254761,0.6048935055732727,-0.07519689202308655,0.3991212248802185,0.6639398336410522,-0.07204383611679077,0.40122801065444946,0.6902554631233215,-0.06061546504497528,0.363553911447525,0.6392991542816162,-0.042176585644483566,0.3660576343536377,0.6237989664077759,-0.06769322603940964,0.3750700354576111,0.6637769341468811,-0.06296895444393158,0.38006308674812317,0.6843725442886353,-0.05330829694867134
lead,0.38787779211997986,0.7912071943283081,-2.9000139178947393e-08,0.4337112605571747,0.7764574289321899,-0.031882092356681824,0.4621260166168213,0.7227468490600586,-0.04773417115211487,0.44625377655029297,0.6700217723846436,-0.06129423901438713,0.41404491662979126,0.6388075947761536,-0.07304028421640396,0.4702199101448059,0.6088442206382751,-0.03456416353583336,0.480333149433136,0.5070885419845581,-0.0595690980553627,0.4840746223926544,0.4491584897041321,-0.07453345507383347,0.48352134227752686,0.39881253242492676,-0.08553720265626907,0.4326527714729309,0.6084607243537903,-0.03406248241662979,0.43189987540245056,0.5806363224983215,-0.07566863298416138,0.42814546823501587,0.6436463594436646,-0.08685097843408585,0.4253399670124054,0.6795507073402405,-0.08578939735889435,0.3973734378814697,0.6188825964927673,-0.036839403212070465,0.3943382799625397,0.6061471104621887,-0.07545457780361176,0.3983418345451355,0.6650028824806213,-0.07185163348913193,0.40120989084243774,0.6895817518234253,-0.060238681733608246,0.3643168807029724,0.6366836428642273,-0.0425441712141037,0.3668164014816284,0.6253994107246399,-0.06771572679281235,0.37563878297805786,0.6650155782699585,-0.06301961094141006,0.38111647963523865,0.6838656663894653,-0.05345137044787407
lead,0.38634413480758667,0.7914978265762329,-2.9193326867016367e-08,0.4325598478317261,0.7774728536605835,-0.03129599988460541,0.4623899459838867,0.7244887351989746,-0.04721276834607124,0.4470807611942291,0.6717759370803833,-0.06113358587026596,0.4148656129837036,0.6396416425704956,-0.07351047545671463,0.4703540802001953,0.6095250844955444,-0.03344601392745972,0.48030373454093933,0.5086444020271301,-0.05778250843286514,0.4841707646846771,0.4502769112586975,-0.07244393974542618,0.48373109102249146,0.39979204535484314,-0.08329622447490692,0.4329717457294464,0.6088435649871826,-0.033150870352983475,0.433525025844574,0.579253613948822,-0.0747281014919281,0.43010345101356506,0.6416086554527283,-0.08638802915811539,0.42677631974220276,0.6788083910942078,-0.08545542508363724,0.3977539837360382,0.619655191898346,-0.035937193781137466,0.3954523503780365,0.6048009991645813,-0.07445701956748962,0.3991830348968506,0.6628851890563965,-0.07110707461833954,0.4009246528148651,0.6888523697853088,-0.059480685740709305,0.3641711473464966,0.6374183297157288,-0.041518256068229675,0.3669230341911316,0.6234504580497742,-0.06676492094993591,0.37519028782844543,0.6623058319091797,-0.06213798001408577,0.37988927960395813,0.6816418766975403,-0.052516255527734756
lead,0.38869982957839966,0.7919286489486694,-2.8900320359070975e-08,0.4343080222606659,0.7768611311912537,-0.030959323048591614,0.46259787678718567,0.7240157723426819,-0.04640331119298935,0.4475998282432556,0.6721832156181335,-0.059763938188552856,0.41658079624176025,0.6391492486000061,-0.07145097851753235,0.47013965249061584,0.6082127690315247,-0.03331347554922104,0.4806198179721832,0.5082141757011414,-0.05779022350907326,0.4845484793186188,0.4498303532600403,-0.07255760580301285,0.48406028747558594,0.3994520604610443,-0.08338357508182526,0.43260496854782104,0.6091475486755371,-0.033175237476825714,0.43269044160842896,0.5796462893486023,-0.07406216859817505,0.4293365478515625,0.6417840123176575,-0.08525822311639786,0.426433265209198,0.679210901260376,-0.08421105891466141,0.3973505198955536,0.6212555766105652,-0.036203350871801376,0.3946615159511566,0.6085975170135498,-0.07416054606437683,0.3984229266643524,0.6660816073417664,-0.07073068618774414,0.4003628194332123,0.6909522414207458,-0.05930258706212044,0.3641420602798462,0.6407642364501953,-0.042056627571582794,0.36662155389785767,0.6275103092193604,-0.06660214811563492,0.37493789196014404,0.6661401987075806,-0.0616745762526989,0.3796737790107727,0.6849932670593262,-0.052073460072278976
lead,0.38734251260757446,0.7909184694290161,-2.048660086018117e-08,0.4325990676879883,0.777891218662262,-0.031333502382040024,0.46345239877700806,0.7257146835327148,-0.04793744534254074,0.4473035931587219,0.672394335269928,-0.06264742463827133,0.4153539538383484,0.6378086805343628,-0.0759691521525383,0.4711013436317444,0.60964035987854,-0.0338287353515625,0.4811092019081116,0.5089930891990662,-0.058558836579322815,0.4847398102283478,0.4507809579372406,-0.07333923131227493,0.48407506942749023,0.4003211557865143,-0.08439352363348007,0.43345826864242554,0.6091066598892212,-0.033601533621549606,0.4336746633052826,0.5789415836334229,-0.07527367770671844,0.43073028326034546,0.6426512002944946,-0.08646754175424576,0.4284091591835022,0.6788274049758911,-0.08539080619812012,0.3984864056110382,0.6206406354904175,-0.036456041038036346,0.39519330859184265,0.6053402423858643,-0.07539551705121994,0.399242639541626,0.6645108461380005,-0.07092870771884918,0.4018024802207947,0.6899241209030151,-0.05875765532255173,0.3646394610404968,0.6387509703636169,-0.04208835959434509,0.36724478006362915,0.6252461671829224,-0.06827069818973541,0.3754560649394989,0.6661409139633179,-0.06320816278457642,0.38075053691864014,0.685352623462677,-0.053240980952978134
lead,0.386959046125412,0.7904422283172607,-2.761733064460259e-08,0.43239471316337585,0.7773681879043579,-0.03205755725502968,0.4627546966075897,0.7256360054016113,-0.04838721454143524,0.4475955069065094,0.6729122400283813,-0.062404025346040726,0.4146566689014435,0.6417840123176575,-0.07478845119476318,0.47033989429473877,0.6092908978462219,-0.0359349250793457,0.4809949994087219,0.508225679397583,-0.06144808605313301,0.4849562346935272,0.4497331976890564,-0.07713042199611664,0.4842943549156189,0.39871662855148315,-0.08862870186567307,0.4320829212665558,0.6085157990455627,-0.03548947349190712,0.43263664841651917,0.581023097038269,-0.0780121460556984,0.4285185635089874,0.6439721584320068,-0.09000473469495773,0.42460930347442627,0.6816520094871521,-0.0893162414431572,0.3965405821800232,0.6186873912811279,-0.038156040012836456,0.3940404951572418,0.6065437197685242,-0.07694298028945923,0.39760273694992065,0.6648455262184143,-0.07357150316238403,0.399557501077652,0.6908763647079468,-0.06202258542180061,0.36325937509536743,0.636459231376648,-0.04374745860695839,0.3663051426410675,0.6242392659187317,-0.06877467036247253,0.3746391236782074,0.663429856300354,-0.06398233026266098,0.37960708141326904,0.6831439733505249,-0.05431859940290451
lead,0.38819390535354614,0.7924070954322815,-4.28295621190955e-08,0.4333208203315735,0.7784841060638428,-0.032348379492759705,0.46357542276382446,0.7249051332473755,-0.04783350229263306,0.4463980197906494,0.6717444062232971,-0.060646332800388336,0.41430410742759705,0.6383405923843384,-0.07163842022418976,0.47018498182296753,0.6092029809951782,-0.03482231870293617,0.48068976402282715,0.5082443952560425,-0.059672512114048004,0.48426204919815063,0.45015960931777954,-0.07437054067850113,0.48391833901405334,0.3994702100753784,-0.08512851595878601,0.43225011229515076,0.6093831062316895,-0.034115131944417953,0.4331760108470917,0.5798267126083374,-0.0747605487704277,0.4286527931690216,0.6451238989830017,-0.08517681807279587,0.42551031708717346,0.6815457940101624,-0.0836586207151413,0.3968125879764557,0.6202431917190552,-0.036757949739694595,0.3949604332447052,0.6044862866401672,-0.0755460262298584,0.39834076166152954,0.6661499738693237,-0.07125229388475418,0.40072983503341675,0.6913580894470215,-0.0590498223900795,0.36321160197257996,0.6387876868247986,-0.042258329689502716,0.3667123317718506,0.6223942637443542,-0.06783593446016312,0.3755624294281006,0.664240837097168,-0.062167827039957047,0.3803093135356903,0.6846767067909241,-0.051783956587314606
lead,0.38618171215057373,0.7925330996513367,-2.5763322142324796e-08,0.431632399559021,0.7787047624588013,-0.03184899687767029,0.46150246262550354,0.7265393733978271,-0.04830319434404373,0.4469568729400635,0.6737315654754639,-0.0627487450838089,0.41558367013931274,0.6409417390823364,-0.07573951035737991,0.4703657031059265,0.6099381446838379,-0.03394278883934021,0.48063385486602783,0.5092145204544067,-0.05848328396677971,0.4846143126487732,0.4506203532218933,-0.0733276829123497,0.4842042326927185,0.4002445638179779,-0.08422847092151642,0.432369202375412,0.6090002059936523,-0.03325140103697777,0.4336688220500946,0.5791860222816467,-0.07485754787921906,0.43002957105636597,0.6426061987876892,-0.08636589348316193,0.42651426792144775,0.6805933117866516,-0.08526576310396194,0.39699262380599976,0.6194273829460144,-0.035676006227731705,0.3951188325881958,0.6044266819953918,-0.07455268502235413,0.39853841066360474,0.6640031337738037,-0.07083213329315186,0.4000996947288513,0.6916053295135498,-0.05881215259432793,0.36309218406677246,0.6367191672325134,-0.04091929271817207,0.36654308438301086,0.6210736632347107,-0.06696518510580063,0.37469759583473206,0.6621374487876892,-0.06211109086871147,0.3794093728065491,0.6841664910316467,-0.05206041410565376
lead,0.3866473436355591,0.7935383319854736,-3.444956675480171e-08,0.43268024921417236,0.7796765565872192,-0.03137408196926117,0.4623613655567169,0.7260890007019043,-0.04729333147406578,0.44749903678894043,0.6719406247138977,-0.061071086674928665,0.4158949851989746,0.6392717361450195,-0.07332290709018707,0.4701365828514099,0.6095153093338013,-0.034074969589710236,0.4803333282470703,0.5090789198875427,-0.058241479098796844,0.4837872385978699,0.4510832130908966,-0.07279837131500244,0.4832811951637268,0.40085285902023315,-0.08374341577291489,0.43265455961227417,0.6103550791740417,-0.03383408114314079,0.4333009421825409,0.5801489949226379,-0.07374124974012375,0.42985183000564575,0.6428812742233276,-0.0841929242014885,0.4271808862686157,0.6781742572784424,-0.08318305015563965,0.3974102735519409,0.6224483251571655,-0.03673124313354492,0.39503610134124756,0.6052371263504028,-0.07415491342544556,0.3990570604801178,0.6639379262924194,-0.0694035217165947,0.40119171142578125,0.6891523599624634,-0.05753886699676514,0.3635012209415436,0.6416453719139099,-0.042518507689237595,0.36644744873046875,0.6243236660957336,-0.06732223927974701,0.37509509921073914,0.664703369140625,-0.06160605698823929,0.3796922266483307,0.6851403713226318,-0.05159822851419449
lead,0.3886246681213379,0.7923985719680786,-2.494693873700271e-08,0.43367132544517517,0.7773190140724182,-0.03278513625264168,0.46258628368377686,0.7240422964096069,-0.048790235072374344,0.4465961158275604,0.6717548370361328,-0.06223486363887787,0.41488686203956604,0.6378136873245239,-0.07386396080255508,0.47005653381347656,0.6097857356071472,-0.03591572493314743,0.48033004999160767,0.5083369016647339,-0.06064429506659508,0.48385757207870483,0.45031607151031494,-0.07551568746566772,0.48339688777923584,0.39961010217666626,-0.08652406185865402,0.43177205324172974,0.609545886516571,-0.0352274626493454,0.4321806728839874,0.5801193714141846,-0.07629893720149994,0.42904433608055115,0.6424601674079895,-0.08768720924854279,0.42638981342315674,0.6792349815368652,-0.08701859414577484,0.3960762023925781,0.620572030544281,-0.03780914843082428,0.3938436210155487,0.6059741973876953,-0.07630438357591629,0.39801666140556335,0.6645683646202087,-0.07320913672447205,0.4003458321094513,0.6898658275604248,-0.06212078034877777,0.3627382814884186,0.6391866207122803,-0.043354474008083344,0.36546289920806885,0.6243921518325806,-0.06890668720006943,0.37492501735687256,0.6637344360351562,-0.06456600874662399,0.38046330213546753,0.6838793754577637,-0.05536125972867012
lead,0.38719379901885986,0.792420506477356,-3.452917596291627e-08,0.4327022135257721,0.7788641452789307,-0.03038390353322029,0.4624119997024536,0.7257155179977417,-0.046146392822265625,0.44697508215904236,0.672716498374939,-0.060019392520189285,0.41431233286857605,0.6418744325637817,-0.07243139296770096,0.47101110219955444,0.6093611121177673,-0.033264484256505966,0.4805309474468231,0.5092803239822388,-0.057485900819301605,0.4838060736656189,0.4518575668334961,-0.07178398221731186,0.4832797646522522,0.40215247869491577,-0.08247851580381393,0.43324312567710876,0.6089982390403748,-0.03352851793169975,0.43358564376831055,0.5800877809524536,-0.07402602583169937,0.42999398708343506,0.6437126994132996,-0.0844336599111557,0.427578866481781,0.6785330176353455,-0.08306849747896194,0.3980211615562439,0.6204463243484497,-0.03685595467686653,0.39545387029647827,0.606099009513855,-0.07461871951818466,0.39935213327407837,0.6652607321739197,-0.069840207695961,0.402021199464798,0.6893192529678345,-0.05777520313858986,0.3641952574253082,0.63894122838974,-0.04296622425317764,0.36714625358581543,0.6265502572059631,-0.06749951094388962,0.3751078248023987,0.6674931645393372,-0.06166297569870949,0.3798542320728302,0.6862289309501648,-0.051509879529476166
lead,0.38665223121643066,0.7920207977294922,-2.4986160696016668e-08,0.4325004816055298,0.7793784141540527,-0.03156815841794014,0.46378013491630554,0.7267642617225647,-0.04751485213637352,0.4478723406791687,0.6731317043304443,-0.06117003783583641,0.41493549942970276,0.6414965391159058,-0.0731520727276802,0.47065797448158264,0.609406590461731,-0.03464125841856003,0.4809211194515228,0.507831871509552,-0.0595831498503685,0.4846995174884796,0.4494457244873047,-0.07409779727458954,0.48383963108062744,0.3989647924900055,-0.08472473919391632,0.4319402575492859,0.6084187626838684,-0.03428571671247482,0.4329749643802643,0.5800719261169434,-0.0755896344780922,0.4295126497745514,0.6455345153808594,-0.08577316999435425,0.42638272047042847,0.6818892955780029,-0.08380621671676636,0.39626532793045044,0.6188706755638123,-0.03717441484332085,0.3940947651863098,0.607572078704834,-0.07570957392454147,0.39792531728744507,0.6680479049682617,-0.07105836272239685,0.4001288115978241,0.6919447183609009,-0.05865636095404625,0.3624275028705597,0.6366985440254211,-0.0429173968732357,0.3662611246109009,0.626149594783783,-0.06762469559907913,0.3742651343345642,0.6671624183654785,-0.06191094592213631,0.37864840030670166,0.6850371956825256,-0.05168379098176956
lead,0.3865118622779846,0.7944650650024414,-4.497825401017508e-08,0.4325788617134094,0.7793481349945068,-0.030942458659410477,0.4637908935546875,0.7261278033256531,-0.04643328860402107,0.44648218154907227,0.6731241941452026,-0.05982666835188866,0.41424649953842163,0.6390625238418579,-0.07157625257968903,0.47075706720352173,0.6106598973274231,-0.03242086246609688,0.48080283403396606,0.5097090601921082,-0.05668121576309204,0.484384149312973,0.45185887813568115,-0.07108268141746521,0.48413366079330444,0.40196341276168823,-0.0816478580236435,0.43250274658203125,0.6110583543777466,-0.032503243535757065,0.43283429741859436,0.5798250436782837,-0.07365788519382477,0.42873793840408325,0.6443077921867371,-0.08478359878063202,0.42575618624687195,0.68196040391922,-0.08343927562236786,0.39685574173927307,0.6227084994316101,-0.03577784076333046,0.39433252811431885,0.6059563159942627,-0.07480886578559875,0.3980712890625,0.6662886142730713,-0.07095964252948761,0.4006050229072571,0.6921480894088745,-0.05880986526608467,0.36298397183418274,0.6418288946151733,-0.04173402860760689,0.3658607006072998,0.6244395971298218,-0.06728607416152954,0.3746263384819031,0.665017306804657,-0.06176215410232544,0.37971875071525574,0.6852165460586548,-0.05138895660638809
lead,0.3867749571800232,0.794234037399292,-4.0841626969267963e-08,0.4332124590873718,0.7795937061309814,-0.03203381970524788,0.463427871465683,0.7257311344146729,-0.04727603867650032,0.44517457485198975,0.6729775667190552,-0.060092031955718994,0.41341879963874817,0.6400660276412964,-0.0711124837398529,0.4697036147117615,0.6101803779602051,-0.03348034992814064,0.48040756583213806,0.5093485116958618,-0.05822236090898514,0.48416560888290405,0.4513298273086548,-0.07332313060760498,0.4840107262134552,0.4012085795402527,-0.08436550945043564,0.43125537037849426,0.6102837324142456,-0.032959017902612686,0.43207287788391113,0.5812576413154602,-0.07432998716831207,0.42834630608558655,0.6443607807159424,-0.08613786101341248,0.4251044988632202,0.6816624999046326,-0.0853884220123291,0.3957977592945099,0.621558427810669,-0.0357491597533226,0.3936350345611572,0.607162356376648,-0.07461436837911606,0.3977172076702118,0.6664925813674927,-0.071771539747715,0.40022435784339905,0.6922149062156677,-0.06045261397957802,0.3623671531677246,0.6408678889274597,-0.04140762984752655,0.3654831647872925,0.6262948513031006,-0.0671137124300003,0.37486743927001953,0.6663398146629333,-0.06261536478996277,0.38027524948120117,0.6869229078292847,-0.05300523713231087
lead,0.38637977838516235,0.7914826273918152,-3.101802192873038e-08,0.43242472410202026,0.7786841988563538,-0.031912706792354584,0.462482750415802,0.727056622505188,-0.047896064817905426,0.4477177560329437,0.6745433211326599,-0.06155283376574516,0.4173090159893036,0.6398926377296448,-0.07350610941648483,0.4701271653175354,0.6097924709320068,-0.03515400364995003,0.48031824827194214,0.5085951685905457,-0.060089610517024994,0.483934223651886,0.45060691237449646,-0.07484536617994308,0.48336973786354065,0.4004440903663635,-0.0855904296040535,0.43172863125801086,0.6097023487091064,-0.034536879509687424,0.4325714111328125,0.5808967351913452,-0.07601979374885559,0.4290861487388611,0.6446110606193542,-0.0870937779545784,0.4259474277496338,0.6817350387573242,-0.08583950996398926,0.3958980143070221,0.6207658052444458,-0.03710224851965904,0.3940945565700531,0.6086486577987671,-0.07586012780666351,0.39780116081237793,0.668220043182373,-0.07197285443544388,0.3997422456741333,0.6930855512619019,-0.060076139867305756,0.36196041107177734,0.6391469836235046,-0.042504582554101944,0.36578428745269775,0.6271772980690002,-0.06784456968307495,0.37430712580680847,0.66815584897995,-0.06267964094877243,0.3788461685180664,0.687639057636261,-0.05268298462033272
lead,0.38902443647384644,0.7938406467437744,-4.0361122444210196e-08,0.43290334939956665,0.7791472673416138,-0.031102847307920456,0.46162840723991394,0.7272657752037048,-0.04740326106548309,0.44554272294044495,0.6749187707901001,-0.06174030154943466,0.41405487060546875,0.641369640827179,-0.07450512796640396,0.46952322125434875,0.6101956367492676,-0.0341850183904171,0.4800647795200348,0.5095357298851013,-0.05898156017065048,0.4838564097881317,0.4516340494155884,-0.07415144145488739,0.48344236612319946,0.4017535448074341,-0.0853005051612854,0.4315239191055298,0.6104393601417542,-0.033966898918151855,0.43228742480278015,0.5833635330200195,-0.07527009397745132,0.42778268456459045,0.6465986967086792,-0.08660153299570084,0.42445921897888184,0.6824747323989868,-0.08579742908477783,0.3962612450122833,0.6212733387947083,-0.03684966638684273,0.3934211730957031,0.6073493957519531,-0.07497179508209229,0.3969700336456299,0.6663128137588501,-0.07085462659597397,0.3995324671268463,0.6919189095497131,-0.05906415358185768,0.3629947602748871,0.63933926820755,-0.04256816953420639,0.3649730086326599,0.6232408881187439,-0.06752791255712509,0.37362977862358093,0.6632003784179688,-0.06207841634750366,0.37929046154022217,0.6839985251426697,-0.05195729061961174
lead,0.3866541385650635,0.7914711236953735,-1.5820781129605166e-08,0.4312908351421356,0.778536319732666,-0.03171594813466072,0.46177101135253906,0.7276351451873779,-0.04918511211872101,0.4466336667537689,0.6749772429466248,-0.06490754336118698,0.41488373279571533,0.64366614818573,-0.07931044697761536,0.4705757796764374,0.6097024083137512,-0.03521442040801048,0.4799152612686157,0.5098415613174438,-0.06053374707698822,0.48349958658218384,0.452239453792572,-0.07554573565721512,0.4831463694572449,0.40254127979278564,-0.08663825690746307,0.4327356815338135,0.6079743504524231,-0.034736305475234985,0.43167051672935486,0.5821385383605957,-0.07751844823360443,0.428040087223053,0.6458277106285095,-0.08874725550413132,0.4259893298149109,0.6817212104797363,-0.08743691444396973,0.39760032296180725,0.6186243891716003,-0.037304263561964035,0.39333778619766235,0.6084163784980774,-0.07616838067770004,0.3974525034427643,0.6666116118431091,-0.07146269083023071,0.4009694755077362,0.6922698616981506,-0.05910765379667282,0.36365973949432373,0.6360285878181458,-0.04280759394168854,0.3655250668525696,0.6274815797805786,-0.06839381903409958,0.3734658658504486,0.6681630611419678,-0.0633719190955162,0.37977126240730286,0.6873332858085632,-0.05339603126049042
lead,0.38842540979385376,0.7940788865089417,-3.1296679026127094e-08,0.4326176941394806,0.7789755463600159,-0.0321279913187027,0.46140584349632263,0.7259416580200195,-0.04765709862112999,0.4448050260543823,0.6751381158828735,-0.06067490205168724,0.4125645160675049,0.6438478827476501,-0.07184205949306488,0.46844467520713806,0.6111239194869995,-0.035063162446022034,0.47942113876342773,0.5100660920143127,-0.06021491065621376,0.4832937717437744,0.45157623291015625,-0.07527222484350204,0.48315420746803284,0.4011054039001465,-0.08617354184389114,0.4308094382286072,0.6117729544639587,-0.03472478315234184,0.43114355206489563,0.582809567451477,-0.0759965181350708,0.4266505837440491,0.6447238326072693,-0.0873788371682167,0.4240259826183319,0.6807318925857544,-0.0865093395113945,0.3955479562282562,0.6231649518013,-0.03769335523247719,0.392735093832016,0.6105698943138123,-0.07641948014497757,0.39591097831726074,0.668736457824707,-0.07349789142608643,0.3988193869590759,0.6929150819778442,-0.06223147734999657,0.3629055917263031,0.642539918422699,-0.043529264628887177,0.3650800585746765,0.628631591796875,-0.06834447383880615,0.3738733232021332,0.6671031713485718,-0.06337961554527283,0.37934330105781555,0.6863406896591187,-0.053666602820158005
lead,0.3853723406791687,0.791047990322113,-2.6201151470672812e-08,0.43198609352111816,0.7785906195640564,-0.03178746625781059,0.46287888288497925,0.7268749475479126,-0.04821274057030678,0.44711247086524963,0.6744295954704285,-0.06251797825098038,0.4144504964351654,0.6418091058731079,-0.07542839646339417,0.46991485357284546,0.6097264289855957,-0.03507388010621071,0.47964853048324585,0.5088973641395569,-0.06003422662615776,0.48294976353645325,0.4510256052017212,-0.07486385852098465,0.482357382774353,0.40109044313430786,-0.0857359990477562,0.43232157826423645,0.6102787256240845,-0.03459508717060089,0.43244561553001404,0.5801853537559509,-0.07634708285331726,0.429015576839447,0.6440859436988831,-0.08736579865217209,0.426626056432724,0.6815733313560486,-0.08600154519081116,0.3971744775772095,0.6220118403434753,-0.037228431552648544,0.3941504657268524,0.6069332957267761,-0.07610582560300827,0.39820700883865356,0.666459858417511,-0.07168547064065933,0.4007108807563782,0.6931623220443726,-0.05933871492743492,0.3632916510105133,0.6405414938926697,-0.042680203914642334,0.3662903308868408,0.6259411573410034,-0.06836850941181183,0.3746989369392395,0.6670033931732178,-0.06288550049066544,0.379542738199234,0.6877197623252869,-0.052532196044921875
lead,0.3861655592918396,0.7919757962226868,-3.662511360857934e-08,0.4317370653152466,0.7788617014884949,-0.03200385719537735,0.462368905544281,0.7266072034835815,-0.04819253459572792,0.4468086361885071,0.6738600730895996,-0.062011100351810455,0.41476327180862427,0.6405934691429138,-0.0740756168961525,0.4695912301540375,0.6096684336662292,-0.03530256822705269,0.4799632430076599,0.5092098116874695,-0.06077270209789276,0.48351529240608215,0.4512789249420166,-0.07611239701509476,0.4827871024608612,0.4006432890892029,-0.0874030739068985,0.431045264005661,0.609475314617157,-0.03505587577819824,0.43121013045310974,0.5820200443267822,-0.0767238661646843,0.4274604916572571,0.6471084952354431,-0.08762312680482864,0.42461541295051575,0.6828758716583252,-0.08644654601812363,0.39534762501716614,0.6202786564826965,-0.038124531507492065,0.39253169298171997,0.6070809364318848,-0.07681513577699661,0.3967820107936859,0.6674742698669434,-0.07257717847824097,0.39974719285964966,0.6919549703598022,-0.0607207827270031,0.3617826998233795,0.6389272809028625,-0.04416489601135254,0.3645888566970825,0.6271249055862427,-0.06947340816259384,0.3734298050403595,0.6680936217308044,-0.06428423523902893,0.37867996096611023,0.687089741230011,-0.054512299597263336
lead,0.3881452679634094,0.7956533432006836,-3.95123720409174e-08,0.4339304566383362,0.7794924974441528,-0.030475806444883347,0.46260666847229004,0.72510826587677,-0.045509207993745804,0.44559264183044434,0.6729311943054199,-0.0586300864815712,0.4139084815979004,0.6397436857223511,-0.07019579410552979,0.46889445185661316,0.6099216341972351,-0.03165079280734062,0.47903913259506226,0.5090030431747437,-0.05592090263962746,0.4830890893936157,0.4503551125526428,-0.07104728370904922,0.4830600321292877,0.4003114104270935,-0.08211195468902588,0.43075552582740784,0.6112245321273804,-0.031760670244693756,0.43189573287963867,0.5801655650138855,-0.07293424010276794,0.42809560894966125,0.6437036991119385,-0.0848640501499176,0.42428287863731384,0.6823540925979614,-0.08410339057445526,0.39538973569869995,0.6234610676765442,-0.03500229865312576,0.3938218355178833,0.6055139303207397,-0.0733175277709961,0.39781302213668823,0.6647723913192749,-0.07005373388528824,0.3995327353477478,0.6920799612998962,-0.0584433488547802,0.36198681592941284,0.6433997750282288,-0.0409662202000618,0.3652806878089905,0.6248056292533875,-0.06613481789827347,0.37458187341690063,0.6644039154052734,-0.06096731871366501,0.3795284032821655,0.6859878301620483,-0.05087752267718315
lead,0.3879956007003784,0.793300449848175,-2.1284476403593544e-08,0.43329593539237976,0.7792991399765015,-0.03274812921881676,0.46246594190597534,0.726019561290741,-0.04916281998157501,0.4453320801258087,0.6736960411071777,-0.06309838593006134,0.4128602147102356,0.6428996324539185,-0.07532759010791779,0.4697893261909485,0.6095340847969055,-0.03579232096672058,0.4793102443218231,0.5087427496910095,-0.06108909845352173,0.48256662487983704,0.4510820508003235,-0.07599450647830963,0.48230668902397156,0.40092796087265015,-0.0869586244225502,0.4315987229347229,0.6090412139892578,-0.03524695709347725,0.4316801130771637,0.5805644392967224,-0.07669098675251007,0.4284142255783081,0.6436318755149841,-0.08763156831264496,0.4262336194515228,0.6791754961013794,-0.08645957708358765,0.3961189389228821,0.6207111477851868,-0.03802106902003288,0.3934404253959656,0.6089872121810913,-0.07672152668237686,0.39759039878845215,0.6679068207740784,-0.07279951125383377,0.4003700017929077,0.691738486289978,-0.06100582703948021,0.36254727840423584,0.640053927898407,-0.04377703741192818,0.3654576241970062,0.6289728879928589,-0.06877309828996658,0.3738658130168915,0.6686830520629883,-0.06357771158218384,0.3785274624824524,0.6868258714675903,-0.053751278668642044
lead,0.38608846068382263,0.7929595708847046,-2.9613380192472505e-08,0.4316976070404053,0.7796775102615356,-0.032167211174964905,0.4614042043685913,0.7271167635917664,-0.04853726550936699,0.44713014364242554,0.6738744378089905,-0.06266529113054276,0.4158082604408264,0.6396753787994385,-0.07516756653785706,0.4702279269695282,0.6108898520469666,-0.03440325707197189,0.48030394315719604,0.5097168684005737,-0.05924403294920921,0.48403316736221313,0.45121127367019653,-0.07389763742685318,0.4833366870880127,0.40060335397720337,-0.08462388813495636,0.43255552649497986,0.6094129085540771,-0.033587224781513214,0.4336512088775635,0.5800251960754395,-0.07497932761907578,0.4293917119503021,0.6441128253936768,-0.08570804446935654,0.42577674984931946,0.6806584000587463,-0.08405829966068268,0.3973262906074524,0.6197139620780945,-0.036026813089847565,0.39553070068359375,0.6070120930671692,-0.07458120584487915,0.3985586166381836,0.6664012670516968,-0.07023759186267853,0.4002503454685211,0.6909604668617249,-0.0579703226685524,0.3637034296989441,0.6370322704315186,-0.041362304240465164,0.367306113243103,0.6253858208656311,-0.06659337878227234,0.3749079704284668,0.6658537983894348,-0.06136230751872063,0.37913990020751953,0.6844608783721924,-0.0512852780520916
lead,0.3868890702724457,0.7931438684463501,-3.108942436824691e-08,0.43234655261039734,0.7779430150985718,-0.032142117619514465,0.46137237548828125,0.7247035503387451,-0.04816628620028496,0.4448443055152893,0.6718883514404297,-0.061845943331718445,0.4135209023952484,0.6380866765975952,-0.0737394243478775,0.469576895236969,0.6100533604621887,-0.034649696201086044,0.4799296259880066,0.5083093643188477,-0.05948406085371971,0.483473002910614,0.449752539396286,-0.0744427740573883,0.48282209038734436,0.3988706171512604,-0.08539935201406479,0.43190979957580566,0.6096280813217163,-0.03406331688165665,0.43175145983695984,0.5809668302536011,-0.07548268139362335,0.42794421315193176,0.6440505385398865,-0.08680253475904465,0.4250721335411072,0.6812435388565063,-0.08583515137434006,0.3966011106967926,0.620121955871582,-0.036738015711307526,0.39337533712387085,0.6053606867790222,-0.07544463872909546,0.39732158184051514,0.6649987697601318,-0.07194706052541733,0.40018230676651,0.6915192008018494,-0.06032261252403259,0.3633343577384949,0.6382191777229309,-0.042321935296058655,0.36489129066467285,0.6239081621170044,-0.06793078035116196,0.37395140528678894,0.664387047290802,-0.06326893717050552,0.379905641078949,0.6854199171066284,-0.053576983511447906
lead,0.3882726728916168,0.7926853895187378,-2.6545338371875005e-08,0.4332105219364166,0.7776445150375366,-0.030664805322885513,0.46102067828178406,0.724211573600769,-0.04696919769048691,0.44732043147087097,0.6726877689361572,-0.061577778309583664,0.41642993688583374,0.6395725607872009,-0.07485924661159515,0.4695608913898468,0.608884334564209,-0.034134551882743835,0.47928792238235474,0.5084722638130188,-0.058591052889823914,0.48309430480003357,0.4507025480270386,-0.0734013170003891,0.48254650831222534,0.4006096124649048,-0.08448196202516556,0.43174320459365845,0.6096211075782776,-0.0341653935611248,0.4318532645702362,0.5795205235481262,-0.07539370656013489,0.4288831055164337,0.6430377960205078,-0.08646782487630844,0.4262831211090088,0.6796697378158569,-0.08547203242778778,0.3964945375919342,0.6220235824584961,-0.037168942391872406,0.3934352695941925,0.6065884828567505,-0.07543090730905533,0.3977735638618469,0.6651725172996521,-0.0711309015750885,0.4002435803413391,0.6913016438484192,-0.05920921266078949,0.36300399899482727,0.6410268545150757,-0.042929757386446,0.36537158489227295,0.6256373524665833,-0.06854762881994247,0.37402135133743286,0.6657766699790955,-0.06345229595899582,0.37954288721084595,0.6862605214118958,-0.05359955504536629
lead,0.38764381408691406,0.7903692126274109,-2.1350230028360784e-08,0.43242883682250977,0.7768877744674683,-0.031942177563905716,0.4613487720489502,0.7251818180084229,-0.04861181974411011,0.44610831141471863,0.6730630993843079,-0.06324725598096848,0.4152873456478119,0.6409919261932373,-0.0764424204826355,0.4703119695186615,0.607865035533905,-0.03457356616854668,0.4794160723686218,0.5085955262184143,-0.05934671312570572,0.48288053274154663,0.4509706497192383,-0.07441307604312897,0.4823441207408905,0.40143847465515137,-0.08562707155942917,0.43253540992736816,0.6082272529602051,-0.03382428362965584,0.4308393597602844,0.5801202058792114,-0.075523242354393,0.4280475676059723,0.6431229710578918,-0.0868263766169548,0.4264827072620392,0.6797280311584473,-0.08580834418535233,0.39746716618537903,0.6201077103614807,-0.03622197359800339,0.39292028546333313,0.6070767045021057,-0.0748138278722763,0.39755359292030334,0.6656904816627502,-0.07078143209218979,0.40115413069725037,0.6918373703956604,-0.05891424044966698,0.3640032112598419,0.6385970115661621,-0.0415353924036026,0.3654050827026367,0.6271792650222778,-0.0674770250916481,0.37367868423461914,0.6678807139396667,-0.06294474750757217,0.3798052668571472,0.6876882910728455,-0.05333425849676132
lead,0.3880745768547058,0.7921326756477356,-3.2819261974736946e-08,0.4328736960887909,0.7792878150939941,-0.03134516626596451,0.4638799726963043,0.7272251844406128,-0.047580208629369736,0.44698119163513184,0.673726499080658,-0.061779189854860306,0.41417714953422546,0.6402003169059753,-0.07457005232572556,0.47030630707740784,0.6102203130722046,-0.03385259583592415,0.479927659034729,0.5095326900482178,-0.05842359736561775,0.4833516478538513,0.4510214924812317,-0.07345939427614212,0.4828032851219177,0.40041249990463257,-0.08466219902038574,0.43263623118400574,0.6103914380073547,-0.03363991528749466,0.4328368604183197,0.5807648301124573,-0.07550425827503204,0.42922142148017883,0.6440510153770447,-0.08756562322378159,0.42635577917099,0.6816181540489197,-0.08697640895843506,0.39763474464416504,0.6220434904098511,-0.036410409957170486,0.39406540989875793,0.605552077293396,-0.07534556835889816,0.3984256088733673,0.6644758582115173,-0.07182557135820389,0.4014441668987274,0.6915695071220398,-0.06013776361942291,0.3640626072883606,0.6405617594718933,-0.041915129870176315,0.3654268980026245,0.6247486472129822,-0.06806837767362595,0.37429654598236084,0.6651536822319031,-0.06333640217781067,0.3803947865962982,0.6860056519508362,-0.05349259451031685
lead,0.38633397221565247,0.7916710376739502,-3.152803174089058e-08,0.43207067251205444,0.7792108058929443,-0.03257432207465172,0.4638294577598572,0.7261465787887573,-0.04778448864817619,0.4463939070701599,0.6731075048446655,-0.06031307950615883,0.4133604168891907,0.6414666175842285,-0.07094591110944748,0.47009432315826416,0.6106610298156738,-0.033972468227148056,0.48030564188957214,0.509312093257904,-0.058848366141319275,0.48400092124938965,0.4514809846878052,-0.07357408106327057,0.4836220443248749,0.40104466676712036,-0.08429990708827972,0.43183791637420654,0.6088699698448181,-0.03293265402317047,0.4327566623687744,0.5812971591949463,-0.07475171238183975,0.4284466505050659,0.6452846527099609,-0.08625693619251251,0.425106942653656,0.6821365356445312,-0.0849694311618805,0.3964959681034088,0.6184461712837219,-0.035239994525909424,0.39418351650238037,0.6081375479698181,-0.07447945326566696,0.3974795341491699,0.667748212814331,-0.07159241288900375,0.3999159038066864,0.6918694376945496,-0.060045089572668076,0.36312639713287354,0.635789155960083,-0.040407080203294754,0.36623337864875793,0.6274229288101196,-0.06591498106718063,0.3743687570095062,0.667702853679657,-0.06144224852323532,0.3791351318359375,0.6855112910270691,-0.051789212971925735
lead,0.3883027136325836,0.7918396592140198,-3.379247104362548e-08,0.4328348934650421,0.7783308029174805,-0.03251219168305397,0.4632335305213928,0.7273329496383667,-0.04899424687027931,0.446200966835022,0.6755416989326477,-0.06296538561582565,0.41501590609550476,0.6410131454467773,-0.07503639906644821,0.4707860052585602,0.61075758934021,-0.0353810079395771,0.4810878336429596,0.5097543597221375,-0.061151064932346344,0.48449191451072693,0.4517304003238678,-0.07644253224134445,0.4838513731956482,0.40177226066589355,-0.0874650850892067,0.43242695927619934,0.609224259853363,-0.03455226495862007,0.43218016624450684,0.5829216837882996,-0.07653331011533737,0.4274093806743622,0.6474982500076294,-0.08736109733581543,0.42463815212249756,0.6827912926673889,-0.08591552823781967,0.39679190516471863,0.6187544465065002,-0.037107858806848526,0.39352864027023315,0.6079820990562439,-0.07607706636190414,0.3966100215911865,0.6679863333702087,-0.07170401513576508,0.39952802658081055,0.6915618777275085,-0.0595659576356411,0.3629128336906433,0.6359849572181702,-0.042615100741386414,0.3649194836616516,0.6259755492210388,-0.06799552589654922,0.37301012873649597,0.667057991027832,-0.06263846904039383,0.3784096837043762,0.6851323843002319,-0.052513301372528076
lead,0.38721591234207153,0.7922213673591614,-3.575560825197499e-08,0.4323665499687195,0.778699517250061,-0.03230195865035057,0.46250319480895996,0.7256335020065308,-0.04841068014502525,0.44631102681159973,0.6732923984527588,-0.06225347891449928,0.4131244122982025,0.6419611573219299,-0.07448971271514893,0.4703460931777954,0.6094830632209778,-0.034657999873161316,0.48093217611312866,0.5098543763160706,-0.05966416001319885,0.48457854986190796,0.45269861817359924,-0.07500031590461731,0.48454949259757996,0.4030442237854004,-0.0864344984292984,0.4325549006462097,0.6090978980064392,-0.03389734774827957,0.4315052032470703,0.5837636590003967,-0.07573234289884567,0.42768725752830505,0.6471835970878601,-0.08752463012933731,0.4253511130809784,0.6825475096702576,-0.08707640320062637,0.3974582850933075,0.6202141046524048,-0.036380212754011154,0.3930976092815399,0.6075337529182434,-0.07522924989461899,0.3974376916885376,0.666549563407898,-0.07187990099191666,0.4008904695510864,0.6920603513717651,-0.06060422956943512,0.3642165958881378,0.638737142086029,-0.041814059019088745,0.3655167520046234,0.6273419857025146,-0.06784963607788086,0.3741123676300049,0.667702853679657,-0.06356244534254074,0.3798633813858032,0.6876946687698364,-0.05422823876142502
lead,0.3888669013977051,0.7936080098152161,-2.4828002764820667e-08,0.4335671663284302,0.7789700627326965,-0.030425138771533966,0.46254825592041016,0.726409375667572,-0.0465083047747612,0.447966992855072,0.6746561527252197,-0.06087706983089447,0.41615960001945496,0.6432419419288635,-0.07378946244716644,0.47084081172943115,0.6097579002380371,-0.03337201103568077,0.4809326231479645,0.5097848176956177,-0.05790502578020096,0.4845603108406067,0.45173248648643494,-0.07251863926649094,0.48358961939811707,0.4014325737953186,-0.0834372341632843,0.4330751895904541,0.6088615655899048,-0.033258989453315735,0.43206721544265747,0.5818415284156799,-0.07425639033317566,0.4287307858467102,0.6462634801864624,-0.08460519462823868,0.4267100691795349,0.6814534664154053,-0.08308620005846024,0.397979736328125,0.6198047995567322,-0.03625238686800003,0.3930322229862213,0.6086879372596741,-0.07392298430204391,0.3974229395389557,0.6675857901573181,-0.06920067220926285,0.4012027084827423,0.6919102072715759,-0.057161569595336914,0.36453452706336975,0.6375854015350342,-0.042104337364435196,0.36535701155662537,0.6278393268585205,-0.06680324673652649,0.373422771692276,0.6680684089660645,-0.06173503398895264,0.379620224237442,0.686245322227478,-0.05206703022122383
